[
  {
    "Question": "**Question:**  How does one address the variability of experimental results (e.g., different outcomes for the same treatment on multiple trials) when making estimations and predictions based on noisy data?  How can the accuracy of these estimates be predicted for future results?\n\n\n*",
    "Answer": "*  When dealing with noisy data reflecting an underlying quantity of interest, the variability across trials (e.g., different results for the same treatment) necessitates data aggregation and statistical methods for estimation and prediction.  Techniques like calculating averages (mean), medians, or other summary statistics help to reduce the impact of random noise.  Furthermore, measures of variability, such as standard deviation or confidence intervals, quantify the uncertainty in the estimate and provide a way to predict how well the estimate will compare to future results.  The larger the confidence interval (or the higher the standard deviation), the greater the uncertainty and less precise the prediction for future trials will be."
  },
  {
    "Question": "**Question:** What is a loss function in the context of machine learning model predictions, and provide an example of its use?\n\n*",
    "Answer": "*  A loss function, denoted as  $\\mathcal{L}(\\mathfrak{g},\\mathfrak{a})$, quantifies the penalty incurred when a model makes a prediction (guess) $\\mathfrak{g}$ while the actual answer is $\\mathfrak{a}$.  It measures the discrepancy between the predicted and actual values.  The goal is to minimize this loss function during model training.  The text mentions that many loss functions exist, implying there are various ways to quantify this penalty depending on the specific problem and model."
  },
  {
    "Question": "**Question:** What are some examples of assumptions one might make about a data source or a proposed solution?\n\n\n*",
    "Answer": "*  Assumptions about a data source might include its completeness (is all relevant data present?), accuracy (is the data free of errors?), consistency (is the data formatted uniformly?), and timeliness (is the data up-to-date?). Assumptions about a solution might include its scalability (will it handle increasing data volumes?), maintainability (will it be easy to update and fix?), and performance (will it be fast enough to meet requirements?)."
  },
  {
    "Question": "**Question:** What is the primary goal of clustering algorithms, and what are some different approaches or considerations involved in achieving this goal?\n\n*",
    "Answer": "* The primary goal of clustering algorithms is to partition a set of data samples into groups (clusters) such that samples within the same cluster are more similar to each other than to samples in other clusters.  Different approaches exist depending on how \"similarity\" is defined (e.g., minimizing intra-cluster distance, maximizing inter-cluster distance) and whether the clustering is \"hard\" (each sample belongs to exactly one cluster) or \"soft\" (samples can have partial membership in multiple clusters).  Clustering can also be used as a preprocessing step for density estimation or for identifying underlying structure or important features in the data."
  },
  {
    "Question": "**Question:** What is the role of the hypothesis, represented by  $\\mathfrak{y}=\\mathfrak{h}(\\mathfrak{x};\\Theta)$, in the parametric modeling of regression or classification?  How does this relate to the broader scientific method?\n\n\n*",
    "Answer": "* In parametric modeling, the hypothesis $\\mathfrak{y}=\\mathfrak{h}(\\mathfrak{x};\\Theta)$ represents a prediction rule or model that attempts to explain the relationship between input variables ($\\mathfrak{x}$) and an output variable ($\\mathfrak{y}$).  The parameters ($\\Theta$) are part of this hypothesis, but the hypothesis itself encompasses the entire functional form and assumptions about the relationship.  This aligns with the scientific method because, like a scientific hypothesis, the model is tested against real-world data. The model is then refined and improved based on the evidence gathered, leading to a better understanding of the underlying relationships in the data.  Essentially, the model is a testable hypothesis about the data-generating process."
  },
  {
    "Question": "**Question:**  What distinguishes \"non-parametric\" models from the models that will be the primary focus of the course?\n\n*",
    "Answer": "*  The course will primarily focus on models with a fixed, finite number of parameters.  Non-parametric models, in contrast, relax this assumption, meaning they do not have a fixed number of parameters."
  },
  {
    "Question": "**Question:**  What assumptions are implicitly made about the relationship between the input features (x) and the output variable in the given example of a linear regression model using a prediction-rule approach?\n\n\n*",
    "Answer": "* The example implicitly assumes a linear relationship between the input features (represented by the vector  `x`) and the output variable.  That is, it assumes the output can be well-approximated by a linear combination of the input features plus a constant bias term (θ₀).  The model doesn't consider non-linear relationships between the input and output."
  },
  {
    "Question": "**Question:**  What decision-making strategy is advocated by the theory of rational agency described in the text, and what is its purported benefit, particularly within a gambling context?\n\n*",
    "Answer": "* The theory advocates for selecting the action that minimizes expected loss.  The purported benefit is maximizing long-term gains, especially in gambling scenarios.  However, the text cautions that the term \"expected loss\" is sometimes used interchangeably with \"risk,\" which has different meanings in other fields, making its use potentially problematic."
  },
  {
    "Question": "**Question:** What is the ultimate goal of a regression problem, and what type of machine learning does it fall under?\n\n*",
    "Answer": "* The ultimate goal of a regression problem is to predict the value of  $\\mathfrak{y}^{(\\mathfrak{n}+\\bar{1})}$ given a new input value $x^{({\\mathrm n}+1)}$.  Regression problems are a type of supervised learning because the desired output $\\mathfrak{y}^{(\\mathrm{i})}$ is known for each training example $x^{(\\mathrm{i})}$."
  },
  {
    "Question": "**Question:**  Explain the difference between model selection and model fitting in the context of machine learning, and describe the scenarios where each is relevant.\n\n*",
    "Answer": "*  In machine learning, model selection and model fitting are distinct processes.  Model selection involves choosing the *type* of model (e.g., linear regression, support vector machine, neural network) to use from a set of candidate model classes (denoted as $\\mathcal{M}$).  This choice is often made based on prior knowledge or by comparing the performance of different model classes using an objective function.  Model selection happens *before* model fitting.\n\nModel fitting, on the other hand, involves determining the specific parameters ($\\Theta$) within the *chosen* model class that best represent the data. This is usually done by optimizing an objective function (e.g., minimizing error).  Model fitting occurs *after* model selection.\n\nIn short:  If the best model type is known beforehand, we skip model selection and proceed directly to model fitting. If multiple model types are considered, we perform model selection to identify the most appropriate model class before proceeding to fitting the selected model with data."
  },
  {
    "Question": "**Question:** What fundamental philosophical problem underlies the process of learning from data, and how do machine learning approaches typically address this problem?\n\n*",
    "Answer": "* The fundamental problem is induction—the question of why we believe past data can predict the future. Machine learning tackles this by making simplifying assumptions, such as assuming the training data is independently and identically distributed (i.i.d.), that future queries will come from the same distribution as the training data, or that the correct answer is within a predefined set of possibilities.  These assumptions operationalize the problem, allowing for the development of predictive models despite the inherent uncertainty of induction."
  },
  {
    "Question": "**Question:**  Explain the six key considerations in designing a machine learning system, outlining the purpose of each.\n\n\n*",
    "Answer": "*\n\nDesigning a successful machine learning system requires careful consideration of six key aspects:\n\n1. **Problem class:** This defines the nature of the training data and the types of queries the system will encounter during testing. Understanding this is crucial for selecting appropriate models and evaluation metrics.  For example, is it a classification, regression, or clustering problem? What are the input and output features?\n\n2. **Assumptions:** This stage involves identifying prior knowledge about the data source or the expected form of the solution. Assumptions can significantly impact model selection and performance.  Examples include assumptions about data distribution, noise levels, or relationships between features.\n\n3. **Evaluation criteria:** This specifies how the system's performance will be measured.  This involves defining metrics for evaluating individual predictions (e.g., accuracy, precision, recall for classification; RMSE, MAE for regression) and overall system performance (e.g., AUC, F1-score). Clear evaluation criteria are vital for comparing different models and ensuring the system meets its goals.\n\n4. **Model type:** This involves deciding whether an intermediate model of the world is necessary and how it will represent the data.  It outlines which aspects of the data will be captured by different model variables/parameters and how the model will generate predictions.  For example, will it use a linear model, a decision tree, or a neural network?  How will features be extracted or transformed?\n\n5. **Model class:** This specifies the type of models that will be considered (e.g., linear models, support vector machines, neural networks).  It also defines the criteria for selecting a specific model from within that class (e.g., based on cross-validation performance, model complexity, interpretability).\n\n6. **Algorithm:** This describes the computational process for fitting the chosen model to the data and making predictions. This includes details about training procedures (e.g., gradient descent, stochastic gradient descent), optimization techniques, and prediction methods."
  },
  {
    "Question": "**Question:** Why do the authors prefer the notation  $x^{(\\mathrm{i})}$ and $\\mathfrak{y}^{(\\mathrm{i})}$ over $x_{\\mathrm{i}}$ and $\\mathrm{t_{i}}$ in their text, especially when dealing with vectors?\n\n*",
    "Answer": "* The authors find the $x_{\\mathrm{i}}$ and $\\mathrm{t_{i}}$ notation difficult to manage when $x^{(\\mathrm{i})}$ represents a vector and its individual elements need to be referenced.  Their chosen notation is more manageable in such scenarios and is also standard in other machine learning literature."
  },
  {
    "Question": "**Question:**  What significant role do humans play in machine learning problem-solving, despite the automated nature of the algorithms themselves?\n\n*",
    "Answer": "* Humans play a crucial role in framing the problem, acquiring and organizing data, designing the solution space, selecting algorithms and parameters, validating results, and considering the societal impact of the deployed solution.  These steps are essential for successful machine learning applications."
  },
  {
    "Question": "**Question:** What algorithmic challenge arises after defining a model class and a scoring method for evaluating models based on data?\n\n*",
    "Answer": "*  The challenge becomes finding an efficient computational procedure (algorithm) to identify the best model (or a good enough model) within the defined class,  such as determining the optimal parameter values that minimize training error.  The example given uses least-squares minimization for a model represented by a function fitted to data."
  },
  {
    "Question": "**Question:** Why is it generally better to define the objective of a regression or classification task *before* performing dimensionality reduction on high-dimensional data?\n\n*",
    "Answer": "* Because focusing on the prediction task's objective first ensures that the dimensionality reduction method prioritizes the dimensions most relevant to achieving that objective.  Reducing dimensionality without considering the prediction task risks losing crucial information needed for accurate prediction."
  },
  {
    "Question": "**Question:**  What are some common goals or criteria used in evaluating and designing prediction algorithms?\n\n*",
    "Answer": "*  Common goals include minimizing expected loss (risk), minimizing maximum loss (the worst-case scenario), minimizing or bounding regret (comparing performance to the best possible predictor), characterizing asymptotic behavior (performance with infinite data), and finding probably approximately correct (PAC) algorithms that are likely to produce accurate hypotheses."
  },
  {
    "Question": "**Question:** In the context of model fitting, what is the significance of the parameter set Θ, and how is it used in the training and testing phases?\n\n*",
    "Answer": "* Θ represents a set of one or more parameter values that are determined by fitting the model to the training data.  Crucially, once these parameters are determined during the training phase, they are held constant (fixed) during the testing phase.  This means the model uses the same learned parameter values (Θ) to make predictions on unseen test data."
  },
  {
    "Question": "**Question:**  What two levels of evaluation criteria are used to assess the quality of outputs or answers to queries in a specified problem class, according to the provided text?\n\n*",
    "Answer": "* The text states that evaluation criteria are specified at two levels:  1) how an individual prediction is scored, and 2) how the overall behavior of the prediction or estimation system is scored."
  },
  {
    "Question": "**Question:** What is the main goal of dimensionality reduction techniques applied to a dataset of samples $\\mathbf{\\boldsymbol{x}}^{(1)},\\ldots,\\mathbf{\\boldsymbol{x}}^{(\\mathrm{n})}\\;\\in\\;\\mathbb{R}^{\\mathrm{D}}$?\n\n*",
    "Answer": "* The main goal is to represent the high-dimensional data (D dimensions) in a lower-dimensional space (d dimensions, where d < D) while preserving important information, such as the ability to distinguish between different classes within the dataset."
  },
  {
    "Question": "**Question:** What are the two main approaches to finding the optimal value of Θ in the fitting process, and what are their key differences?\n\n*",
    "Answer": "*  The two main approaches are minimizing the expected loss (test error) and minimizing the training error.  Minimizing the expected loss requires knowing the actual underlying distribution of the data, Pr(X,Y), allowing for the calculation of the optimal prediction that minimizes the average loss across all possible data.  Minimizing the training error, on the other hand, is used when the underlying distribution is unknown.  This approach finds the prediction rule that minimizes the average loss only on the available training dataset.  The key difference lies in the scope of the minimization:  one considers all possible data, the other only the observed training data."
  },
  {
    "Question": "**Question:** How do assumptions affect the process of hypothesis identification, particularly concerning the amount of data needed?\n\n*",
    "Answer": "* Assumptions reduce the range of possible hypotheses by limiting the search space. This smaller, more constrained space requires less data to reliably identify an appropriate hypothesis."
  },
  {
    "Question": "**Question:**  What are the three characteristics used to describe a problem and the three used to describe its solution, according to the provided text?\n\n\n*",
    "Answer": "* The text only states that there are three characteristics each for describing problems and solutions, but it does not specify what those characteristics are.  Therefore, the answer is: The text does not provide the specific characteristics."
  },
  {
    "Question": "**Question:** Why is the probability of actual continuous values being exactly equal to a predicted value typically considered zero?\n\n*",
    "Answer": "* Because continuous distributions encompass an infinite number of possible values, the probability of a randomly drawn value falling on any single specific point (like a predicted value) is infinitesimally small, effectively zero.  There's always an infinite number of values between any two points."
  },
  {
    "Question": "**Question:** What is the primary objective in the described reinforcement learning problem?\n\n*",
    "Answer": "* The objective is to find a policy, denoted as π<sub>ν</sub>, that maps states to actions in a way that maximizes a long-term sum or average of rewards."
  },
  {
    "Question": "**Question:**  Under what circumstances can query predictions be generated directly from training data without needing to build an intermediate model or learn parameters?\n\n*",
    "Answer": "* In simple cases, predictions can be generated directly from training data without the need for an intermediate model or parameter learning."
  },
  {
    "Question": "**Question:**  What does the notation  ${\\sf h}({\\sf x^{(n+1)}};\\Theta)$ represent in the context of the given text?\n\n\n*",
    "Answer": "*  ${\\sf h}({\\sf x^{(n+1)}};\\Theta)$ represents a prediction made by a model (denoted by the function h) using the input  ${\\sf x^{(n+1)}}$ and parameters Θ.  In simpler terms, it's the model's output or guess based on a new input data point  ${\\sf x^{(n+1)}}$ and its internal settings (Θ)."
  },
  {
    "Question": "**Question:**  What assumption underlies the statement:  \"The ‘true’ model that is generating the data can be perfectly described by one of some particular set of hypotheses\"?\n\n*",
    "Answer": "* The assumption is that the data generating process can be fully explained by a model within a predefined, finite set of hypotheses.  This implies that the \"true\" model exists within this set and there are no other relevant factors influencing the data outside of those captured by these hypotheses."
  },
  {
    "Question": "**Question:** What is the key difference between classification and regression in supervised learning, based on the provided text?\n\n*",
    "Answer": "*  In supervised learning, classification involves predicting outputs from a small, finite set of categories, while regression involves predicting outputs from a large, finite ordered set or a continuous set of values."
  },
  {
    "Question": "**Question:**  How is density estimation used in the context of supervised learning, according to the provided text?\n\n*",
    "Answer": "*  Density estimation can serve as a \"subroutine\" within a larger supervised learning method.  It helps to estimate the probability  Pr(x⁽ⁿ⁺¹⁾) of a new data point drawn from the same distribution as the training data (x⁽¹⁾,...,x⁽ⁿ⁾)."
  },
  {
    "Question": "**Question:**  How does semi-supervised learning utilize data without known labels, and under what condition can this unlabeled data improve model performance?\n\n*",
    "Answer": "* Semi-supervised learning uses a training set with labeled data (x<sup>(i)</sup>, y<sup>(i)</sup>) and an additional set of unlabeled data containing only x<sup>(i)</sup> values, where the corresponding y<sup>(i)</sup> are unknown.  The unlabeled data can improve model performance *if* it is drawn from the same marginal probability distribution Pr(X) as the labeled data, where Pr(X) is derived from the joint probability distribution Pr(X,Y) governing the labeled data."
  },
  {
    "Question": "**Question:** How can machine learning models be used to make predictions about situations or experiments not represented in their training data, addressing the challenge of generalization?\n\n*",
    "Answer": "*  Machine learning models address the challenge of generalization through various techniques.  These include:\n\n* **Feature engineering:** Carefully selecting and transforming input features to capture the underlying patterns that are relevant across different situations, even unseen ones.  This helps the model learn generalizable relationships rather than memorizing specific instances.\n\n* **Regularization:**  Methods like L1 and L2 regularization prevent overfitting, which is when a model learns the training data too well and fails to generalize to new data.  Regularization adds penalties to the model's complexity, forcing it to find simpler, more generalizable solutions.\n\n* **Model selection:** Choosing appropriate model architectures (e.g., simpler models for small datasets, more complex models for larger, more intricate datasets) that are less prone to overfitting.  The complexity of the model should be matched to the complexity of the problem.\n\n* **Cross-validation:**  Rigorously evaluating the model's performance on data it hasn't seen during training using techniques like k-fold cross-validation. This helps assess the model's ability to generalize.\n\n* **Data augmentation:**  Artificially increasing the size of the training dataset by creating modified versions of existing data points. This helps the model become more robust and less susceptible to overfitting.\n\n* **Transfer learning:** Leveraging knowledge learned from a related task or dataset to improve performance on a new, less-represented task. This is especially useful when data for the target task is scarce.\n\n\nSuccessful generalization depends on the quality of the data, the chosen model, and the application of appropriate techniques to mitigate overfitting and encourage the learning of generalizable patterns."
  },
  {
    "Question": "**Question:**  What is the nature of the supervision in the described machine learning task, and why is direct supervision of internal functions impossible?\n\n*",
    "Answer": "* The supervision is provided by knowing the desired output sequence for each input sequence. However, direct supervision of the internal functions is impossible because the hidden state sequence, which is crucial for the internal workings of the model, is unknown.  The model must learn the internal functions (and thus the hidden state sequence) through other methods, such as indirect supervision or optimization techniques."
  },
  {
    "Question": "**Question:** What are the primary machine learning paradigms that will be covered in this course, and which one will receive the most attention?\n\n*",
    "Answer": "* The course will cover classification, regression, reinforcement learning, sequence learning, and clustering.  However, the primary focus will be on classification and regression (supervised learning)."
  },
  {
    "Question": "**Question:**  Why is an asymmetric loss function appropriate when predicting heart attacks, as opposed to a symmetric loss function?\n\n*",
    "Answer": "* An asymmetric loss function is appropriate because the cost of a false negative (predicting \"no\" when the answer is \"yes\"—missing a heart attack) is significantly higher than the cost of a false positive (predicting \"yes\" when the answer is \"no\"—a false alarm).  A symmetric function would treat both types of errors equally, which is not reflective of the real-world consequences in this scenario."
  },
  {
    "Question": "**Question:** What is squared loss, and how is it used in machine learning?\n\n*",
    "Answer": "* Squared loss, also known as L2 loss, is a loss function used in regression problems.  It measures the difference between predicted and actual values by squaring the error for each data point and then summing these squared errors.  The goal is to minimize this sum of squared errors, which leads to a model that makes predictions closer to the true values.  Its use is widespread because it's relatively simple to compute and differentiate, making it suitable for gradient-based optimization algorithms like gradient descent.  However, it's sensitive to outliers due to the squaring operation, which can disproportionately inflate the loss from large errors."
  },
  {
    "Question": "**Question:**  According to the text, what are some advantages of using machine learning (ML) for applications like face detection, speech recognition, and language processing, and what types of applications are particularly well-suited to ML approaches?\n\n*",
    "Answer": "* The text states that ML offers advantages in speed, reduced human engineering time, and robustness compared to other methods.  Applications involving understanding real-world data or signals, such as face detection, speech recognition, and various language processing tasks, are particularly well-suited to machine learning approaches."
  },
  {
    "Question": "**Question:**  According to the text, is the described action selection model always, or even frequently, followed by people in reality?\n\n*",
    "Answer": "* No, the text explicitly states that people do not always, and perhaps not even often, select actions according to the described model."
  },
  {
    "Question": "**Question:** What is the main topic of the provided text excerpt regarding machine learning?\n\n*",
    "Answer": "* The main topic is the introduction and categorization of different problem classes within machine learning, focusing on the types of data used and the conclusions drawn."
  },
  {
    "Question": "**Question:** How does reinforcement learning differ from supervised and unsupervised learning, and what key considerations does it involve?\n\n*",
    "Answer": "* Reinforcement learning differs because the agent's actions impact both its reward and its ability to observe the environment.  Unlike supervised or unsupervised learning, it necessitates careful planning for the long-term consequences of actions, in addition to the challenges present in supervised learning."
  },
  {
    "Question": "**Question:** What does the notation  $\\mathcal{D}_{\\mathfrak{n}}=\\{(\\boldsymbol{\\mathfrak{x}}^{(1)},\\mathfrak{y}^{(1)}),\\dots,(\\boldsymbol{\\mathfrak{x}}^{(\\mathfrak{n})},\\mathfrak{y}^{(\\mathfrak{n})})\\}$ represent?\n\n*",
    "Answer": "* This notation represents a dataset $\\mathcal{D}_{\\mathfrak{n}}$ containing $\\mathfrak{n}$ data points. Each data point is a pair $(\\boldsymbol{\\mathfrak{x}}^{(\\mathfrak{i})},\\mathfrak{y}^{(\\mathfrak{i})})$, where $\\boldsymbol{\\mathfrak{x}}^{(\\mathfrak{i})}$ is a feature vector (likely representing input) and $\\mathfrak{y}^{(\\mathfrak{i})}$ is the corresponding label or target value (likely representing the output).  The superscript $(\\mathfrak{i})$ indexes the individual data points.  The use of fraktur font suggests the variables may represent more abstract or complex mathematical objects than simple real numbers."
  },
  {
    "Question": "**Question:** In the given text, what does  $x^{(\\mathrm{i})}$ represent, and what is the nature of $\\mathfrak{y}^{(\\mathrm{i})}$?\n\n*",
    "Answer": "* $x^{(\\mathrm{i})}$ represents an input, usually a d-dimensional vector of real and/or discrete values.  $\\mathfrak{y}^{(\\mathrm{i})}$ is the real-number output to be predicted, sometimes called a target value."
  },
  {
    "Question": "**Question:** What is the main takeaway regarding the types of learning discussed in the text?\n\n*",
    "Answer": "*  The main point is that a comprehensive understanding of every type of learning isn't necessary;  a broad, high-level overview is sufficient."
  },
  {
    "Question": "**Question:** What is the main takeaway regarding the types of learning discussed in the text?\n\n*",
    "Answer": "* The main takeaway is that a detailed memorization of all the learning types isn't necessary;  a broad, high-level understanding of the field is sufficient."
  },
  {
    "Question": "**Question:** What are some key aspects considered when evaluating the performance of a prediction rule across multiple predictions?\n\n*",
    "Answer": "*  When evaluating a prediction rule across multiple predictions, key aspects include the individual loss of each prediction and the aggregate performance across all predictions.  The overall goal is to assess how well the rule performs in general, considering the errors (loss) associated with each individual prediction it makes."
  },
  {
    "Question": "**Question:**  What is the primary goal of reinforcement learning, and how does it differ from supervised learning in terms of the learning signal?\n\n*",
    "Answer": "* The primary goal of reinforcement learning is to learn a mapping from input states (e.g., a car's velocity) to output actions (e.g., accelerate or brake). Unlike supervised learning, which receives direct supervision signals indicating the best output for each input, reinforcement learning learns through an agent's interaction with an environment. The agent receives feedback in the form of rewards or penalties, guiding it towards optimal actions without explicit instructions for each state."
  },
  {
    "Question": "**Question:** What type of prediction domains is the 0-1 loss function applicable to?\n\n*",
    "Answer": "* The 0-1 loss function applies to predictions drawn from finite domains."
  }
]