{
  "QA_Pair_1": {
    "Question": "**Question:**  How does backpropagation work through a max-pooling operation in a convolutional neural network?  Explain using a simple example.\n\n\n*",
    "Answer": "*  Backpropagation through a max-pooling layer requires identifying which input element contributed to the maximum value in each pooling region during the forward pass.  During the backward pass, the gradient is only propagated back to that specific input element.  All other inputs within the pooling region receive a gradient of zero.  This is because only the maximum-contributing element influenced the output of the max-pooling layer.  A simple example would illustrate this: if a 2x2 pooling region had values [1, 3, 2, 4], the maximum is 4.  During backpropagation, the gradient will only flow back to the location of the '4', while the other three elements receive zero gradient."
  },
  "QA_Pair_2": {
    "Question": "**Question:** What is a drawback of using fully connected neural networks when prior knowledge about the input-output mapping is available?\n\n*",
    "Answer": "* Using fully connected networks when prior knowledge is available can lead to increased computation time and a need for significantly more training data to achieve robust generalization.  Building that knowledge into the network's structure can mitigate these issues."
  },
  "QA_Pair_3": {
    "Question": "**Question:** What is a Convolutional Neural Network (CNN) and what makes it particularly well-suited for image processing?\n\n*",
    "Answer": "* A Convolutional Neural Network (CNN) is a type of artificial neural network specifically designed to process data that has a grid-like topology, such as an image.  Unlike standard neural networks, CNNs employ convolutional layers that use filters (or kernels) to scan across the input data, detecting local patterns and features.  This approach is highly efficient for image processing because:\n\n* **Spatial Hierarchy:** CNNs learn features at different levels of abstraction. Early layers detect simple features like edges and corners, while deeper layers combine these to recognize more complex objects. This hierarchical structure mirrors how humans perceive images.\n* **Parameter Sharing:** The same filter is applied across the entire input image, significantly reducing the number of parameters compared to fully connected networks and making the model more efficient to train.\n* **Translation Invariance:** Because of the convolutional operation, the network is robust to translations of the object within the image.  Detecting a cat in the top left corner will activate similar neurons as detecting a cat in the bottom right.\n\n\nIn short, CNNs are well-suited for image processing due to their ability to efficiently learn hierarchical features, reduce parameters through weight sharing, and exhibit translation invariance."
  },
  "QA_Pair_4": {
    "Question": "**Question:**  A convolutional filter is applied to an image, and padding is used to ensure the output image has the same dimensions as the input image. The figure shows one zero added as padding to the top and bottom of the image, assuming a stride of 1.  What is the size (k) of the convolutional filter depicted in the figure?\n\n\n*",
    "Answer": "* The filter size (k) is 3.  To maintain the output size equal to the input size with a stride of 1, the padding needs to be (k-1)/2 on each side when k is odd. Since 1 zero is added to the top and bottom (a total padding of 2), and (k-1)/2 =1, then k-1 =2 and k = 3."
  },
  "QA_Pair_5": {
    "Question": "Here's a question and answer pair based on the provided text:\n\n\n**Question:** What does the equation  `y = max(a₁, a₂)` represent?\n\n\n*",
    "Answer": "* The equation `y = max(a₁, a₂)` represents the element-wise maximum of two vectors,  `a₁` and `a₂`.  It means that for each corresponding element in `a₁` and `a₂`, the larger value is selected and assigned to the corresponding element in the resulting vector `y`."
  },
  "QA_Pair_6": {
    "Question": "**Question:**  What is max pooling, and how does it differ from a typical filter layer in a convolutional neural network?\n\n*",
    "Answer": "* Max pooling is a layer type that performs aggregation by acting as a filter without weights. Unlike filter layers that use weights to calculate a weighted sum, max pooling simply returns the maximum value within its filter's field of view.  It's considered a purely functional operation, similar to a ReLU activation function in a fully connected network."
  },
  "QA_Pair_7": {
    "Question": "**Question:** How is a color image represented as a tensor, and what are its dimensions?\n\n*",
    "Answer": "* A color image is represented as a 3-dimensional tensor with dimensions ${\\mathfrak{n}}\\times{\\mathfrak{n}}\\times3$, where ${\\mathfrak{n}}\\times{\\mathfrak{n}}$ represents the spatial dimensions (height and width of the image) and the 3 represents the three color channels (typically Red, Green, and Blue)."
  },
  "QA_Pair_8": {
    "Question": "**Question:**  What is the gradient of the max function,  ∇<sub>(x,y)</sub> max(x,y), with respect to both x and y?  (Assume x and y are scalars).\n\n\n*",
    "Answer": "* The gradient ∇<sub>(x,y)</sub> max(x,y) is a vector.  Its components depend on whether x > y, x < y, or x = y.\n\n* **If x > y:**  The gradient is (1, 0).\n* **If x < y:** The gradient is (0, 1).\n* **If x = y:** The gradient is undefined (or can be considered a subgradient which is any vector in the convex hull of {(1,0),(0,1)}).  It is not differentiable at x=y."
  },
  "QA_Pair_9": {
    "Question": "**Question:** What is the intended purpose of designing neural network structures based on specific properties?\n\n*",
    "Answer": "* To leverage those properties for improved performance or efficiency."
  },
  "QA_Pair_10": {
    "Question": "**Question:**  What type of problems are the focus of this chapter regarding neural network applications in signal processing, and what types of problems will be addressed in a later chapter?\n\n*",
    "Answer": "* This chapter focuses on two-dimensional spatial problems (images), using one-dimensional problems as simple examples.  Temporal problems (such as speech or music) will be addressed in a later chapter."
  },
  "QA_Pair_11": {
    "Question": "**Question:**  What are two key properties of image data that are relevant when designing a system to locate cats within an image, and briefly describe each?\n\n*",
    "Answer": "* Two key properties are spatial locality and translation invariance.  Spatial locality means that the pixels representing a cat will be clustered together in the image; we don't need to search the entire image independently for each pixel. Translation invariance means that the visual pattern defining a cat remains the same regardless of its position within the image.  This allows for the use of a single cat-detecting pattern, regardless of where the cat appears."
  },
  "QA_Pair_12": {
    "Question": "**Question:**  How do the filters F₁ and F₂  differ in their effect on the input image, and what type of features do they respectively detect?\n\n*",
    "Answer": "* Filter F₁ (-1, +1) acts as a \"left edge\" detector.  A value of 1 in the output image indicates a left edge (a transition from a dark to a light pixel) in the corresponding position of the input image. Filter F₂ (-1, +1, -1) is more sensitive to transitions in intensity; it highlights changes in pixel values,  potentially identifying both edges and other rapid intensity shifts, rather than focusing specifically on left edges."
  },
  "QA_Pair_13": {
    "Question": "**Question:** In the provided illustration of convolutional neural network layers (represented as cuboids), what does the \"depth\" dimension of each cuboid represent?\n\n*",
    "Answer": "* The \"depth\" dimension of each cuboid represents the number of channels in the output tensor."
  },
  "QA_Pair_14": {
    "Question": "**Question:**  Why are filter banks in image processing typically structured as pyramids with decreasing image sizes in successive layers?\n\n*",
    "Answer": "*  Pyramid structures allow for the detection of patterns at increasing scales.  Early layers identify local features (like edges), and subsequent layers identify patterns *within* those features, effectively detecting larger-scale patterns across the image.  While a stride greater than one reduces image size, it doesn't inherently aggregate information across the spatial range in the same way that a pyramidal structure does."
  },
  "QA_Pair_15": {
    "Question": "**Question:** What is the term used to describe the area of an input image to which a filter is applied?\n\n*",
    "Answer": "* Receptive field (or sometimes just field)."
  },
  "QA_Pair_16": {
    "Question": "**Question:**\n\nWhat is the expression for the partial derivative of the loss function with respect to the activation of the first layer (A¹), and what is its dimension?  Explain the terms involved.\n\n\n*",
    "Answer": "*\n\nThe partial derivative of the loss function with respect to the activation of the first layer (A¹) is given by:\n\n∂loss/∂A¹ = (∂loss/∂A²) (∂A²/∂A¹) = 2(A² - y)W²\n\nThis is an n x 1 vector.\n\n* **∂loss/∂A²:** This represents the partial derivative of the loss function with respect to the activation of the second layer (A²).  It represents how much the loss changes for a small change in A².\n\n* **∂A²/∂A¹:** This is the partial derivative of the second layer's activation with respect to the first layer's activation.  This represents how much A² changes for a small change in A¹.  It is implicitly defined by the network's architecture and activation functions (e.g., it would involve the weights connecting the first and second layers).\n\n* **2(A² - y):** This term suggests a squared error loss function (or a similar loss function with a factor of 2 in its derivative) where 'y' is the true target value and 'A²' is the predicted value.  The expression (A² - y) represents the error, and the multiplication by 2 is from the derivative of the squared error function.\n\n* **W²:**  This represents the weight matrix connecting the first and second layers.  Its inclusion in the final expression shows that the change in the loss with respect to A¹ is influenced by these weights.\n\nIn summary, the equation uses the chain rule of calculus to propagate the error from the second layer back to the first layer, calculating how adjustments to the activations of the first layer (A¹) would affect the overall loss.  The resulting vector's dimension (n x 1) indicates that there is a separate gradient value for each of the 'n' nodes in the first layer."
  },
  "QA_Pair_18": {
    "Question": "Here's a question and answer pair based on your study question:\n\n\n**Question:**  A fully-connected layer receives 100 input features and produces 100 output features.  How many weights (excluding bias) are present in this layer?\n\n\n*",
    "Answer": "*  A fully connected layer with *n* inputs and *m* outputs has *n* * *m* weights (excluding bias).  Therefore, with 100 inputs and 100 outputs, it would have 100 * 100 = 10,000 weights."
  },
  "QA_Pair_19": {
    "Question": "**Question:** What are 3D chunks of data called in the provided text, and what is mentioned about their algebra?\n\n*",
    "Answer": "*  3D chunks of data are called tensors.  Their algebra is described as being similar to matrix algebra, but the text will not delve into the details."
  },
  "QA_Pair_20": {
    "Question": "**Question:**  Explain the formula  $\\mathsf{n}^{\\mathsf{l}}=\\lceil(\\mathsf{n}^{\\mathsf{l}-1}+2\\cdot\\mathsf{p}^{\\mathsf{l}}-$ $\\mathsf{k}^{\\mathsf{l}}\\!\\times\\!\\mathsf{m}^{\\mathsf{l}-1}$ $(\\upkappa^{1}-1))/s^{1}]$ in the context of the provided text, focusing on its meaning and the significance of each variable.\n\n\n*",
    "Answer": "* The formula $\\mathsf{n}^{\\mathsf{l}}=\\lceil(\\mathsf{n}^{\\mathsf{l}-1}+2\\cdot\\mathsf{p}^{\\mathsf{l}}-$ $\\mathsf{k}^{\\mathsf{l}}\\!\\times\\!\\mathsf{m}^{\\mathsf{l}-1}$ $(\\upkappa^{1}-1))/s^{1}]$ calculates the output tensor's spatial dimension ($\\mathsf{n}^{\\mathsf{l}}$) at layer $\\mathsf{l}$ of a convolutional neural network. Let's break down each variable:\n\n* $\\mathsf{n}^{\\mathsf{l}-1}$: The spatial dimension of the input tensor to layer $\\mathsf{l}$.\n* $\\mathsf{p}^{\\mathsf{l}}$: The padding applied to the input tensor at layer $\\mathsf{l}$.\n* $\\mathsf{k}^{\\mathsf{l}}$: The kernel size (filter size) of the convolutional operation at layer $\\mathsf{l}$.\n* $\\mathsf{m}^{\\mathsf{l}-1}$: The number of input channels (feature maps) at layer $\\mathsf{l}$.\n* $\\upkappa^{1}$:  This variable is likely incorrectly labeled or a typo; its role in the provided context is unclear, making the formula difficult to fully interpret.  It seems to be related to the number of filters or some other hyperparameter, but without further context, its exact meaning remains uncertain.\n* $s^{1}$: The stride of the convolution at layer $\\mathsf{l}$ (how many pixels the filter moves at each step).\n* $\\lceil x \\rceil$: The ceiling function, which rounds x up to the nearest integer.\n\n\nThe formula essentially calculates the output size after applying convolution, padding, and striding.  The subtraction of $\\mathsf{k}^{\\mathsf{l}}\\!\\times\\!\\mathsf{m}^{\\mathsf{l}-1}$ $(\\upkappa^{1}-1)$  suggests a relationship between kernel size, number of input channels, and an unknown factor $\\upkappa^{1}$,  influencing the final output dimension.  However, the lack of clarity around $\\upkappa^{1}$ prevents a complete and accurate interpretation of the equation's purpose. The ceiling function ensures the output dimension is a whole number.  The formula is crucial for determining the size of the feature maps at each layer of the convolutional network."
  },
  "QA_Pair_21": {
    "Question": "**Question:**\n\nDescribe the process of applying a 2-element filter to a 1-dimensional binary image as described in the text.\n\n\n*",
    "Answer": "*\n\nThe process involves sliding a 2-element filter vector (F) across the 1-dimensional binary image.  At each position, the dot product is calculated between the filter's elements and the corresponding two elements of the image. This dot product becomes an element in a new output image.  The filter is moved one step at a time along the image, repeating the dot product calculation until the filter has traversed the entire image.  The resulting set of dot products forms a new 1-dimensional image."
  },
  "QA_Pair_22": {
    "Question": "**Question:**  The provided text mentions that the term \"filter\" has multiple meanings within the fields of AI, ML, CS, and Math.  Name at least two distinct uses of the word \"filter\" as described in the text.\n\n*",
    "Answer": "*  The text describes at least two uses of \"filter\":  1) a process of selecting or rejecting data based on certain criteria (as in image filtering or data cleaning), and 2) a temporal process, exemplified by moving averages."
  },
  "QA_Pair_23": {
    "Question": "**Question:**  What are the two conditions that must be met regarding the stride and kernel size (k) when downsampling an image using a convolutional layer with a stride greater than 1?\n\n*",
    "Answer": "* The stride must be greater than 1 (stride > 1) to ensure the output image is smaller than the input, and the kernel size (k) must be greater than or equal to the stride (k ≥ stride) to guarantee the entire input image is processed."
  },
  "QA_Pair_24": {
    "Question": "**Question:**  A max pooling layer with a kernel size (k) of 2 and a stride of 2 is applied to a $64 \\times 64 \\times 3$ image.  What are the dimensions of the resulting output image, and why doesn't the output image have additional bias values?\n\n\n*",
    "Answer": "* The resulting output image will have dimensions of $32 \\times 32 \\times 3$.  Max pooling layers do not have additional bias values because they operate by simply selecting the maximum value within each kernel window.  The operation is purely a selection process and doesn't involve adding any constant offset."
  },
  "QA_Pair_25": {
    "Question": "**Question:** What is an image filter, in its simplest terms?\n\n*",
    "Answer": "* An image filter is a function that analyzes a small group of nearby pixels to identify specific patterns within an image."
  },
  "QA_Pair_26": {
    "Question": "**Question:** Describe the process of two-dimensional filtering illustrated in the text, focusing on the dimensionality and the role of each filter.\n\n*",
    "Answer": "* The process begins with a single $\\mathfrak{n} \\times \\mathfrak{n}$ input image.  Two $3 \\times 3$ convolutional filters, $\\boldsymbol{\\mathrm{f}}_{1}$ (vertical) and $\\boldsymbol{\\mathrm{f}}_{2}$ (horizontal), are applied independently to the input image.  This results in an $\\mathfrak{n} \\times \\mathfrak{n} \\times 2$ tensor, where each of the two channels represents the output of one of the initial filters.  Finally, a tensor filter (a higher-dimensional filter) is applied to this tensor. This final filter detects combinations of vertical and horizontal features (originally represented by $3 \\times 3$ pixel neighborhoods) now represented as individual pixels in the two channels of the intermediate tensor. The output of this final filtering step is a single $\\mathfrak{n} \\times \\mathfrak{n}$ image."
  },
  "QA_Pair_27": {
    "Question": "Here's a question and answer pair suitable for a study guide, assuming the \"above\" refers to a preceding description of a convolutional layer in a neural network.  We need to fill in the blanks to make it complete.\n\n\n**Question:**\n\nA convolutional layer is defined with the following parameters:  `input_channels = X`, `output_channels = Y`, `kernel_size = (K,K)`.  Assuming no padding and a stride of 1, how many weights (excluding bias) are there in this convolutional layer?\n\n\n*",
    "Answer": "*\n\nThe number of weights in a convolutional layer is calculated as follows:\n\n`input_channels * output_channels * kernel_size * kernel_size`\n\nTherefore, the total number of weights is `X * Y * K * K`.  (This formula excludes bias weights.  To include bias weights, you would add `Y` to this result, since there is one bias per output channel.)"
  },
  "QA_Pair_28": {
    "Question": "**Question:** What core concept is emphasized in the provided text regarding the described system, and how is this concept leveraged for optimization?\n\n\n*",
    "Answer": "* The core concept is that the system is a neural network, functioning as a differentiable function that maps inputs to outputs. This differentiability allows for optimization via gradient descent, with the necessary gradients calculated using back-propagation."
  },
  "QA_Pair_29": {
    "Question": "Here's a question and answer pair based on the provided text:\n\n**Question:** What does the given equation describe in the context of image processing?\n\n*",
    "Answer": "* The equation describes how to calculate the value of the *i*th pixel in an output image (Y) based on the original image (X).  It indicates a transformation or operation is being applied to the original image X to produce a modified image Y, where the value of each pixel in Y is determined by some function involving the original image X and potentially other factors (not explicitly shown in the incomplete equation).  The size of the original image is denoted by  ${\\dot{\\mathrm{d}}}_{,}$.  However, without the full equation, the specific transformation remains unknown."
  },
  "QA_Pair_30": {
    "Question": "**Question:**  According to the text, why won't we need to examine specific pixel combinations, such as those in the four corners of an image?\n\n*",
    "Answer": "*  Because doing so wouldn't be necessary to determine if the image contains a cat (or \"cat-ness\").  The method being described implies a more efficient approach than checking individual pixel combinations."
  },
  "QA_Pair_31": {
    "Question": "**Question:**  Explain how backpropagation handles the maximum operation in the context of  $\\max(\\mathbf{q}_{1}, \\mathbf{q}_{2})$, where $\\mathbf{q}_{1}$ and $\\mathbf{q}_{2}$ are outputs of separate networks.  Specifically, describe what happens during backpropagation when $\\mathbf{q}_{1} > \\mathbf{q}_{2}$.\n\n*",
    "Answer": "* When $\\mathbf{q}_{1} > \\mathbf{q}_{2}$, the maximum operation $\\max(\\mathbf{q}_{1}, \\mathbf{q}_{2})$ effectively selects $\\mathbf{q}_{1}$.  During backpropagation, the error gradient at the output of the max operation is therefore propagated *entirely* to the network that computed $\\mathbf{q}_{1}$. The network that computed $\\mathbf{q}_{2}$ receives no error signal and its weights remain unchanged.  Only the weights in the network responsible for calculating $\\mathbf{q}_{1}$ are adjusted based on the error signal."
  },
  "QA_Pair_32": {
    "Question": "**Question:**  In the given description of the matrix $\\partial Z^{1}/\\partial W^{1}$,  if the output image has a pixel at index $i=10$ and the kernel size is $\\kappa=5$, what input pixels' values  ($X_j$) influence this output pixel's value according to the partial derivative?\n\n*",
    "Answer": "* The input pixels $X_8, X_9, X_{10}, X_{11}, X_{12}$ influence the value of output pixel 10."
  },
  "QA_Pair_33": {
    "Question": "**Question:** What is the key difference between convolution and correlation as defined in signal processing, and how is this difference handled in the context of neural networks?\n\n*",
    "Answer": "*  In signal processing, convolution and correlation are distinct operations. However, neural network libraries commonly implement correlation but label it as convolution. While technically different, this discrepancy isn't crucial because a neural network can, in principle, learn the necessary weights to effectively perform a true convolution even if the implemented operation is correlation.  For a detailed explanation of the distinction and the conventions used, refer to Section 9.1 of the Deep Learning textbook (link provided in the text)."
  },
  "QA_Pair_34": {
    "Question": "**Question:** What does the equation  $\\Upsilon_{\\mathrm{i}}=\\mathsf{F}\\cdot(X_{\\mathrm{i-1}},X_{\\mathrm{i}})$ represent, and what do the variables likely signify?\n\n\n*",
    "Answer": "* The equation $\\Upsilon_{\\mathrm{i}}=\\mathsf{F}\\cdot(X_{\\mathrm{i-1}},X_{\\mathrm{i}})$ likely represents a function $\\mathsf{F}$ that takes two consecutive elements from a sequence, $X_{i-1}$ and $X_i$, as input and produces an output value $\\Upsilon_i$.  The subscript 'i' suggests that this calculation is performed iteratively for each pair of consecutive elements in the sequence X.  $\\mathsf{F}$ could represent any mathematical operation or function applied to the pair.  The precise meaning depends entirely on the context in which this equation appears.  For example,  $\\mathsf{F}$ could represent the difference between consecutive elements, the distance between them, or a more complex relationship."
  },
  "QA_Pair_35": {
    "Question": "**Question:**  If Maximilian Poole adds two consecutive max pooling layers of size  `k` to their neural network, what single max pooling layer could achieve the same effect, and what would its size be?\n\n*",
    "Answer": "* A single max pooling layer with size `k*k` (or  `k²` if you prefer) would be equivalent.  The successive application of two `k x k` max pooling operations effectively reduces the input by a factor of `k` in each dimension twice, which is the same as reducing it by a factor of `k²` (or `k * k`) once."
  },
  "QA_Pair_36": {
    "Question": "That's not a complete question because it lacks context.  To formulate a proper question and answer, we need to know what \"$W^1$\" refers to.  Assuming it's a weight matrix (or tensor) in a convolutional neural network (CNN),  a suitable question and answer would be:\n\n\n**Question:**  In a convolutional neural network, how are the weights in the first convolutional layer's filter, denoted as  $W^1$, updated during training using backpropagation?\n\n*",
    "Answer": "* The weights in $W^1$ are updated using gradient descent.  Specifically, the gradient of the loss function with respect to $W^1$ (∂L/∂$W^1$) is calculated using backpropagation. This gradient indicates the direction of the steepest ascent of the loss function.  The weights are then updated by subtracting a scaled version of this gradient:\n\n$W^1_{new} = W^1_{old} - \\alpha \\frac{\\partial L}{\\partial W^1}$\n\nwhere $\\alpha$ is the learning rate, a hyperparameter that controls the step size of the update.  The calculation of ∂L/∂$W^1$ involves chain rule applications across multiple layers, propagating the error signal back from the output layer to the weights of $W^1$.  Different optimization algorithms (e.g., Adam, RMSprop) may modify this basic update rule to improve efficiency and stability."
  },
  "QA_Pair_37": {
    "Question": "**Question:**  Describe the mathematical operations represented in the given equations, specifying the role of each variable and the overall process depicted.  What type of neural network layer is being represented?\n\n\n*",
    "Answer": "* The equations represent a simple feedforward neural network, specifically focusing on a portion of a convolutional layer followed by a fully connected layer. Let's break down each line:\n\n* **`Zᵢ¹ = W¹ᵀA₀[i-⌊k/2⌋:i+⌊k/2⌋]`**: This line describes a convolution operation.  `A₀` is the input feature map (activation from the previous layer).  `k` represents the kernel size (the width of the convolutional filter).  `⌊k/2⌋` is the floor of k/2, used for padding the input to maintain output size. The slice `A₀[i-⌊k/2⌋:i+⌊k/2⌋]` extracts a sub-region of the input around index `i`.  `W¹` is the weight matrix (convolutional kernel) of the first layer, and `W¹ᵀ` is its transpose. The result `Zᵢ¹` is the unactivated output at position `i`.\n\n\n* **`A¹ = ReLU(Z¹)`**: This applies the Rectified Linear Unit (ReLU) activation function element-wise to `Z¹`, setting negative values to zero.  `A¹` represents the activated output of the convolutional layer.\n\n* **`A² = Z² = W²ᵀA¹`**: This line depicts a fully connected layer.  `A¹` is the input, `W²` is the weight matrix of the second layer (fully connected), and `Z²` (equal to `A²` since there's no activation function explicitly shown here) is the output of this layer.\n\n* **`ℒsquare(A², ŷ) = (A² - ŷ)²`**: This is the loss function, specifically the squared error loss.  `A²` represents the network's prediction, and `ŷ` represents the true target value. The loss measures the difference between the prediction and the target.\n\nIn summary, the equations represent a convolutional layer (with a kernel size of k) followed by a fully connected layer, with a squared error loss function used for training. The index `i` suggests the computations are being described for a single output value (or a single channel in a multi-channel output)."
  },
  "QA_Pair_38": {
    "Question": "**Question:**  Describe the key parameters involved in a convolutional layer of a convolutional neural network (CNN) and explain their roles in determining the output size and computation.\n\n*",
    "Answer": "*  The key parameters in a convolutional layer are:\n\n* **`m<sup>l</sup>` (Number of filters):** This determines the number of feature maps produced by the convolutional layer.  Each filter learns a different set of features from the input.\n\n* **`k<sup>l</sup> x k<sup>l</sup> x m<sup>l-1</sup>` (Filter size):** This specifies the spatial dimensions (height and width) of a single filter and the number of channels it operates on (equal to the number of feature maps from the previous layer, `m<sup>l-1</sup>`).  The filter slides across the input, performing a convolution operation.  Plus one bias value is added to each filter for the bias term.\n\n* **`s<sup>l</sup>` (Stride):** This parameter controls the spacing between filter applications. A stride of 1 means the filter moves one pixel at a time. Larger strides (e.g., 2) result in a smaller output size by skipping pixels.\n\n* **`n<sup>l-1</sup> x n<sup>l-1</sup> x m<sup>l-1</sup>` (Input tensor size):** This gives the spatial dimensions and number of channels of the input to the convolutional layer.\n\n* **`p<sup>l</sup>` (Padding):** This parameter specifies the number of pixels added (usually with a value of 0) to the borders of the input image. Padding helps control the output size and prevents information loss at the edges.  The effective input size with padding becomes `(n<sup>l-1</sup> + 2*p<sup>l</sup>) x (n<sup>l-1</sup> + 2*p<sup>l</sup>) x m<sup>l-1</sup>`.\n\n\nThese parameters collectively determine the dimensions of the output feature maps and the computational complexity of the convolutional layer. The output size is influenced by the input size, filter size, stride, and padding.  The number of filters directly impacts the computational cost."
  },
  "QA_Pair_39": {
    "Question": "**Question:** What evidence suggests that the filter banks depicted in the diagram are biologically relevant, and how has this impacted the field of computer vision?\n\n*",
    "Answer": "*  The text states that two-dimensional versions of these filters are believed to exist in the visual cortex of all mammals.  Furthermore, similar patterns emerge from statistical analyses of natural images.  This biological relevance meant computer vision researchers initially spent considerable time manually designing similar filter banks, before more automated approaches were developed."
  },
  "QA_Pair_40": {
    "Question": "**Question:** What is a limitation of the described process involving ReLU and max pooling operations, and how is this limitation being handled?\n\n*",
    "Answer": "* The derivative does not exist at every point due to the non-differentiable nature of ReLU and max pooling functions.  However, this limitation is being ignored for the sake of the analysis or calculation."
  },
  "QA_Pair_41": {
    "Question": "**Question:** How are the filters in the second group different from those in the first group, and what is the resulting data structure?\n\n*",
    "Answer": "* The first group of filters are applied to the original image individually, creating k \"channels\" (new images). The second group of filters are three-dimensional; they operate on a sub-range of rows and columns *across all channels* of the resulting data cube formed by stacking the channels from the first filter application.  The output is still a 3D data cube."
  },
  "QA_Pair_42": {
    "Question": "**Question:**  Describe the forward pass process in the given convolutional neural network architecture, specifying the dimensions of the input, filter, intermediate results, and final output.\n\n*",
    "Answer": "* The forward pass begins with a one-dimensional, single-channel image X of size n x 1 x 1.  This image is convolved with a single filter W¹ of size κ x 1 x 1 (without bias). The result of this convolution, Z¹, will have dimensions (n - κ + 1) x 1 x 1.  Z¹ then passes through a ReLU activation function, producing A¹ with the same dimensions as Z¹: (n - κ + 1) x 1 x 1. Finally, A¹ is fed into a fully connected layer with weights W², resulting in the final output A².  The dimensions of A² will depend on the size of W², which isn't specified in the problem description, but it will be a scalar or vector depending on the number of output neurons in the fully connected layer."
  }
}