[
    {
        "layout_dets": [
            {
                "category_id": 1,
                "poly": [
                    198,
                    1064,
                    1303,
                    1064,
                    1303,
                    1272,
                    198,
                    1272
                ],
                "score": 0.978
            },
            {
                "category_id": 1,
                "poly": [
                    198,
                    1274,
                    1302,
                    1274,
                    1302,
                    1481,
                    198,
                    1481
                ],
                "score": 0.973
            },
            {
                "category_id": 1,
                "poly": [
                    198,
                    852,
                    1306,
                    852,
                    1306,
                    1062,
                    198,
                    1062
                ],
                "score": 0.971
            },
            {
                "category_id": 1,
                "poly": [
                    200,
                    1483,
                    1302,
                    1483,
                    1302,
                    1689,
                    200,
                    1689
                ],
                "score": 0.945
            },
            {
                "category_id": 1,
                "poly": [
                    239,
                    1692,
                    839,
                    1692,
                    839,
                    1725,
                    239,
                    1725
                ],
                "score": 0.89
            },
            {
                "category_id": 2,
                "poly": [
                    740,
                    2049,
                    759,
                    2049,
                    759,
                    2072,
                    740,
                    2072
                ],
                "score": 0.809
            },
            {
                "category_id": 1,
                "poly": [
                    238,
                    1743,
                    1301,
                    1743,
                    1301,
                    1919,
                    238,
                    1919
                ],
                "score": 0.758
            },
            {
                "category_id": 1,
                "poly": [
                    237,
                    1939,
                    1303,
                    1939,
                    1303,
                    2007,
                    237,
                    2007
                ],
                "score": 0.746
            },
            {
                "category_id": 1,
                "poly": [
                    1099,
                    649,
                    1302,
                    649,
                    1302,
                    690,
                    1099,
                    690
                ],
                "score": 0.434
            },
            {
                "category_id": 1,
                "poly": [
                    1325,
                    1591,
                    1604,
                    1591,
                    1604,
                    1789,
                    1325,
                    1789
                ],
                "score": 0.419
            },
            {
                "category_id": 2,
                "poly": [
                    1069,
                    403,
                    1296,
                    403,
                    1296,
                    461,
                    1069,
                    461
                ],
                "score": 0.403
            },
            {
                "category_id": 1,
                "poly": [
                    1326,
                    930,
                    1572,
                    930,
                    1572,
                    1042,
                    1326,
                    1042
                ],
                "score": 0.376
            },
            {
                "category_id": 0,
                "poly": [
                    1069,
                    403,
                    1296,
                    403,
                    1296,
                    461,
                    1069,
                    461
                ],
                "score": 0.265
            }
        ],
        "page_info": {
            "page_no": 0,
            "height": 2200,
            "width": 1700
        }
    },
    {
        "layout_dets": [
            {
                "category_id": 1,
                "poly": [
                    197,
                    1422,
                    1306,
                    1422,
                    1306,
                    1563,
                    197,
                    1563
                ],
                "score": 0.974
            },
            {
                "category_id": 1,
                "poly": [
                    197,
                    1784,
                    1305,
                    1784,
                    1305,
                    1887,
                    197,
                    1887
                ],
                "score": 0.959
            },
            {
                "category_id": 1,
                "poly": [
                    198,
                    1112,
                    1306,
                    1112,
                    1306,
                    1214,
                    198,
                    1214
                ],
                "score": 0.955
            },
            {
                "category_id": 1,
                "poly": [
                    198,
                    1217,
                    1303,
                    1217,
                    1303,
                    1321,
                    198,
                    1321
                ],
                "score": 0.955
            },
            {
                "category_id": 1,
                "poly": [
                    198,
                    1890,
                    1303,
                    1890,
                    1303,
                    1995,
                    198,
                    1995
                ],
                "score": 0.954
            },
            {
                "category_id": 1,
                "poly": [
                    197,
                    1657,
                    1166,
                    1657,
                    1166,
                    1694,
                    197,
                    1694
                ],
                "score": 0.943
            },
            {
                "category_id": 8,
                "poly": [
                    536,
                    1714,
                    963,
                    1714,
                    963,
                    1761,
                    536,
                    1761
                ],
                "score": 0.938
            },
            {
                "category_id": 0,
                "poly": [
                    198,
                    1364,
                    611,
                    1364,
                    611,
                    1405,
                    198,
                    1405
                ],
                "score": 0.935
            },
            {
                "category_id": 0,
                "poly": [
                    198,
                    1604,
                    446,
                    1604,
                    446,
                    1639,
                    198,
                    1639
                ],
                "score": 0.927
            },
            {
                "category_id": 0,
                "poly": [
                    198,
                    1037,
                    543,
                    1037,
                    543,
                    1082,
                    198,
                    1082
                ],
                "score": 0.926
            },
            {
                "category_id": 1,
                "poly": [
                    198,
                    202,
                    1303,
                    202,
                    1303,
                    271,
                    198,
                    271
                ],
                "score": 0.917
            },
            {
                "category_id": 2,
                "poly": [
                    198,
                    116,
                    324,
                    116,
                    324,
                    143,
                    198,
                    143
                ],
                "score": 0.907
            },
            {
                "category_id": 2,
                "poly": [
                    678,
                    116,
                    822,
                    116,
                    822,
                    148,
                    678,
                    148
                ],
                "score": 0.898
            },
            {
                "category_id": 1,
                "poly": [
                    1326,
                    953,
                    1584,
                    953,
                    1584,
                    1149,
                    1326,
                    1149
                ],
                "score": 0.895
            },
            {
                "category_id": 1,
                "poly": [
                    199,
                    915,
                    1303,
                    915,
                    1303,
                    984,
                    199,
                    984
                ],
                "score": 0.845
            },
            {
                "category_id": 2,
                "poly": [
                    1284,
                    117,
                    1302,
                    117,
                    1302,
                    141,
                    1284,
                    141
                ],
                "score": 0.804
            },
            {
                "category_id": 1,
                "poly": [
                    227,
                    292,
                    1305,
                    292,
                    1305,
                    892,
                    227,
                    892
                ],
                "score": 0.739
            },
            {
                "category_id": 1,
                "poly": [
                    927,
                    2044,
                    1301,
                    2044,
                    1301,
                    2077,
                    927,
                    2077
                ],
                "score": 0.64
            },
            {
                "category_id": 1,
                "poly": [
                    229,
                    293,
                    1302,
                    293,
                    1302,
                    363,
                    229,
                    363
                ],
                "score": 0.628
            },
            {
                "category_id": 1,
                "poly": [
                    1325,
                    1822,
                    1606,
                    1822,
                    1606,
                    2162,
                    1325,
                    2162
                ],
                "score": 0.57
            },
            {
                "category_id": 1,
                "poly": [
                    231,
                    821,
                    1302,
                    821,
                    1302,
                    893,
                    231,
                    893
                ],
                "score": 0.483
            },
            {
                "category_id": 2,
                "poly": [
                    927,
                    2044,
                    1301,
                    2044,
                    1301,
                    2077,
                    927,
                    2077
                ],
                "score": 0.314
            },
            {
                "category_id": 1,
                "poly": [
                    230,
                    729,
                    1301,
                    729,
                    1301,
                    801,
                    230,
                    801
                ],
                "score": 0.295
            },
            {
                "category_id": 1,
                "poly": [
                    230,
                    604,
                    1302,
                    604,
                    1302,
                    709,
                    230,
                    709
                ],
                "score": 0.295
            },
            {
                "category_id": 1,
                "poly": [
                    230,
                    477,
                    1302,
                    477,
                    1302,
                    581,
                    230,
                    581
                ],
                "score": 0.288
            },
            {
                "category_id": 1,
                "poly": [
                    231,
                    383,
                    1303,
                    383,
                    1303,
                    453,
                    231,
                    453
                ],
                "score": 0.261
            },
            {
                "category_id": 13,
                "poly": [
                    359,
                    1922,
                    440,
                    1922,
                    440,
                    1958,
                    359,
                    1958
                ],
                "score": 0.91,
                "latex": "\\mathfrak{y}^{(\\mathfrak{n}+\\bar{1})}"
            },
            {
                "category_id": 14,
                "poly": [
                    537,
                    1715,
                    963,
                    1715,
                    963,
                    1758,
                    537,
                    1758
                ],
                "score": 0.91,
                "latex": "\\mathcal{D}_{\\mathfrak{n}}=\\{(\\boldsymbol{\\mathfrak{x}}^{(1)},\\mathfrak{y}^{(1)}),\\dots,(\\boldsymbol{\\mathfrak{x}}^{(\\mathfrak{n})},\\mathfrak{y}^{(\\mathfrak{n})})\\},"
            },
            {
                "category_id": 13,
                "poly": [
                    727,
                    1662,
                    769,
                    1662,
                    769,
                    1692,
                    727,
                    1692
                ],
                "score": 0.9,
                "latex": "\\mathcal{D}_{\\mathfrak{n}}"
            },
            {
                "category_id": 13,
                "poly": [
                    407,
                    1817,
                    456,
                    1817,
                    456,
                    1854,
                    407,
                    1854
                ],
                "score": 0.9,
                "latex": "\\mathfrak{y}^{(\\mathrm{i})}"
            },
            {
                "category_id": 13,
                "poly": [
                    384,
                    1959,
                    432,
                    1959,
                    432,
                    1994,
                    384,
                    1994
                ],
                "score": 0.88,
                "latex": "\\mathfrak{y}^{(\\mathrm{i})}"
            },
            {
                "category_id": 13,
                "poly": [
                    281,
                    1782,
                    328,
                    1782,
                    328,
                    1815,
                    281,
                    1815
                ],
                "score": 0.88,
                "latex": "x^{(\\mathrm{i})}"
            },
            {
                "category_id": 13,
                "poly": [
                    987,
                    1957,
                    1033,
                    1957,
                    1033,
                    1989,
                    987,
                    1989
                ],
                "score": 0.87,
                "latex": "x^{(\\mathrm{i})}"
            },
            {
                "category_id": 13,
                "poly": [
                    1092,
                    1887,
                    1171,
                    1887,
                    1171,
                    1920,
                    1092,
                    1920
                ],
                "score": 0.87,
                "latex": "x^{({\\mathrm n}+1)}"
            },
            {
                "category_id": 13,
                "poly": [
                    1524,
                    1854,
                    1565,
                    1854,
                    1565,
                    1882,
                    1524,
                    1882
                ],
                "score": 0.86,
                "latex": "x^{(\\mathfrak{i})}"
            },
            {
                "category_id": 13,
                "poly": [
                    1328,
                    1966,
                    1369,
                    1966,
                    1369,
                    1996,
                    1328,
                    1996
                ],
                "score": 0.86,
                "latex": "x^{(\\mathrm{i})}"
            },
            {
                "category_id": 13,
                "poly": [
                    1377,
                    1882,
                    1420,
                    1882,
                    1420,
                    1914,
                    1377,
                    1914
                ],
                "score": 0.84,
                "latex": "\\mathfrak{y}^{(\\mathrm{i})}"
            },
            {
                "category_id": 13,
                "poly": [
                    1377,
                    1858,
                    1401,
                    1858,
                    1401,
                    1883,
                    1377,
                    1883
                ],
                "score": 0.76,
                "latex": "\\mathrm{t_{i}}"
            },
            {
                "category_id": 13,
                "poly": [
                    1561,
                    1831,
                    1586,
                    1831,
                    1586,
                    1853,
                    1561,
                    1853
                ],
                "score": 0.69,
                "latex": "x_{\\mathrm{i}}"
            },
            {
                "category_id": 13,
                "poly": [
                    796,
                    1788,
                    816,
                    1788,
                    816,
                    1815,
                    796,
                    1815
                ],
                "score": 0.43,
                "latex": "{\\mathrm d}{}."
            },
            {
                "category_id": 13,
                "poly": [
                    1067,
                    1665,
                    1089,
                    1665,
                    1089,
                    1688,
                    1067,
                    1688
                ],
                "score": 0.3,
                "latex": "\\mathfrak{n}"
            }
        ],
        "page_info": {
            "page_no": 1,
            "height": 2200,
            "width": 1700
        }
    },
    {
        "layout_dets": [
            {
                "category_id": 1,
                "poly": [
                    199,
                    662,
                    1304,
                    662,
                    1304,
                    941,
                    199,
                    941
                ],
                "score": 0.981
            },
            {
                "category_id": 1,
                "poly": [
                    198,
                    463,
                    1304,
                    463,
                    1304,
                    566,
                    198,
                    566
                ],
                "score": 0.973
            },
            {
                "category_id": 1,
                "poly": [
                    198,
                    1381,
                    1304,
                    1381,
                    1304,
                    1555,
                    198,
                    1555
                ],
                "score": 0.973
            },
            {
                "category_id": 1,
                "poly": [
                    197,
                    255,
                    1304,
                    255,
                    1304,
                    360,
                    197,
                    360
                ],
                "score": 0.972
            },
            {
                "category_id": 1,
                "poly": [
                    198,
                    1657,
                    1304,
                    1657,
                    1304,
                    1795,
                    198,
                    1795
                ],
                "score": 0.968
            },
            {
                "category_id": 1,
                "poly": [
                    198,
                    1274,
                    1303,
                    1274,
                    1303,
                    1378,
                    198,
                    1378
                ],
                "score": 0.966
            },
            {
                "category_id": 1,
                "poly": [
                    198,
                    1038,
                    1304,
                    1038,
                    1304,
                    1178,
                    198,
                    1178
                ],
                "score": 0.963
            },
            {
                "category_id": 1,
                "poly": [
                    199,
                    1798,
                    1304,
                    1798,
                    1304,
                    1900,
                    199,
                    1900
                ],
                "score": 0.957
            },
            {
                "category_id": 1,
                "poly": [
                    1326,
                    1042,
                    1609,
                    1042,
                    1609,
                    1650,
                    1326,
                    1650
                ],
                "score": 0.931
            },
            {
                "category_id": 0,
                "poly": [
                    198,
                    985,
                    546,
                    985,
                    546,
                    1019,
                    198,
                    1019
                ],
                "score": 0.925
            },
            {
                "category_id": 0,
                "poly": [
                    198,
                    1597,
                    587,
                    1597,
                    587,
                    1638,
                    198,
                    1638
                ],
                "score": 0.925
            },
            {
                "category_id": 0,
                "poly": [
                    199,
                    404,
                    651,
                    404,
                    651,
                    445,
                    199,
                    445
                ],
                "score": 0.925
            },
            {
                "category_id": 0,
                "poly": [
                    199,
                    1220,
                    634,
                    1220,
                    634,
                    1255,
                    199,
                    1255
                ],
                "score": 0.924
            },
            {
                "category_id": 0,
                "poly": [
                    198,
                    201,
                    476,
                    201,
                    476,
                    235,
                    198,
                    235
                ],
                "score": 0.913
            },
            {
                "category_id": 0,
                "poly": [
                    198,
                    610,
                    442,
                    610,
                    442,
                    645,
                    198,
                    645
                ],
                "score": 0.91
            },
            {
                "category_id": 2,
                "poly": [
                    198,
                    116,
                    324,
                    116,
                    324,
                    143,
                    198,
                    143
                ],
                "score": 0.901
            },
            {
                "category_id": 2,
                "poly": [
                    678,
                    116,
                    822,
                    116,
                    822,
                    148,
                    678,
                    148
                ],
                "score": 0.876
            },
            {
                "category_id": 2,
                "poly": [
                    1283,
                    118,
                    1302,
                    118,
                    1302,
                    142,
                    1283,
                    142
                ],
                "score": 0.802
            },
            {
                "category_id": 2,
                "poly": [
                    928,
                    2046,
                    1301,
                    2046,
                    1301,
                    2076,
                    928,
                    2076
                ],
                "score": 0.791
            },
            {
                "category_id": 13,
                "poly": [
                    391,
                    661,
                    631,
                    661,
                    631,
                    697,
                    391,
                    697
                ],
                "score": 0.92,
                "latex": "\\mathbf{\\boldsymbol{x}}^{(1)},\\ldots,\\mathbf{\\boldsymbol{x}}^{(\\mathrm{n})}\\ \\in\\ \\mathbb{R}^{\\mathrm{d}},"
            },
            {
                "category_id": 13,
                "poly": [
                    390,
                    1274,
                    628,
                    1274,
                    628,
                    1309,
                    390,
                    1309
                ],
                "score": 0.91,
                "latex": "\\mathbf{\\boldsymbol{x}}^{(1)},\\ldots,\\mathbf{\\boldsymbol{x}}^{(\\mathrm{n})}\\;\\in\\;\\mathbb{R}^{\\mathrm{D}},"
            },
            {
                "category_id": 13,
                "poly": [
                    476,
                    1073,
                    604,
                    1073,
                    604,
                    1108,
                    476,
                    1108
                ],
                "score": 0.91,
                "latex": "\\mathrm{Pr}(\\mathbf{x}^{(\\mathrm{n+1})})"
            },
            {
                "category_id": 13,
                "poly": [
                    386,
                    1037,
                    609,
                    1037,
                    609,
                    1072,
                    386,
                    1072
                ],
                "score": 0.91,
                "latex": "\\mathbf{x}^{(1)},\\ldots,\\mathbf{x}^{(\\mathrm{n})}\\in\\mathbb{R}^{\\mathrm{d}}"
            },
            {
                "category_id": 13,
                "poly": [
                    1053,
                    253,
                    1103,
                    253,
                    1103,
                    290,
                    1053,
                    290
                ],
                "score": 0.89,
                "latex": "\\mathfrak{y}^{(\\mathrm{i})}"
            },
            {
                "category_id": 13,
                "poly": [
                    1007,
                    290,
                    1056,
                    290,
                    1056,
                    326,
                    1007,
                    326
                ],
                "score": 0.89,
                "latex": "\\mathfrak{y}^{(\\mathrm{i})}"
            },
            {
                "category_id": 13,
                "poly": [
                    1071,
                    1664,
                    1188,
                    1664,
                    1188,
                    1691,
                    1071,
                    1691
                ],
                "score": 0.88,
                "latex": "\\ x_{0},\\ldots,x_{\\mathrm{n}}"
            },
            {
                "category_id": 13,
                "poly": [
                    521,
                    1312,
                    599,
                    1312,
                    599,
                    1342,
                    521,
                    1342
                ],
                "score": 0.87,
                "latex": "\\mathrm{d}<\\mathrm{D}"
            },
            {
                "category_id": 13,
                "poly": [
                    308,
                    1730,
                    336,
                    1730,
                    336,
                    1760,
                    308,
                    1760
                ],
                "score": 0.87,
                "latex": "\\boldsymbol{\\mathrm{f}}_{s}"
            },
            {
                "category_id": 13,
                "poly": [
                    306,
                    1764,
                    336,
                    1764,
                    336,
                    1795,
                    306,
                    1795
                ],
                "score": 0.85,
                "latex": "\\boldsymbol{\\mathrm{f}}_{\\mathrm{o}}"
            },
            {
                "category_id": 13,
                "poly": [
                    315,
                    1696,
                    443,
                    1696,
                    443,
                    1727,
                    315,
                    1727
                ],
                "score": 0.83,
                "latex": "\\mathbb{y}_{1},\\ldots,\\mathbb{y}_{\\mathfrak{m}}"
            },
            {
                "category_id": 13,
                "poly": [
                    1052,
                    1041,
                    1139,
                    1041,
                    1139,
                    1074,
                    1052,
                    1074
                ],
                "score": 0.8,
                "latex": "\\mathrm{Pr}(X)_{\\neq}"
            }
        ],
        "page_info": {
            "page_no": 2,
            "height": 2200,
            "width": 1700
        }
    },
    {
        "layout_dets": [
            {
                "category_id": 1,
                "poly": [
                    199,
                    255,
                    1305,
                    255,
                    1305,
                    466,
                    199,
                    466
                ],
                "score": 0.977
            },
            {
                "category_id": 1,
                "poly": [
                    198,
                    1223,
                    1304,
                    1223,
                    1304,
                    1358,
                    198,
                    1358
                ],
                "score": 0.961
            },
            {
                "category_id": 1,
                "poly": [
                    198,
                    945,
                    1306,
                    945,
                    1306,
                    1085,
                    198,
                    1085
                ],
                "score": 0.958
            },
            {
                "category_id": 1,
                "poly": [
                    198,
                    1361,
                    1303,
                    1361,
                    1303,
                    1500,
                    198,
                    1500
                ],
                "score": 0.958
            },
            {
                "category_id": 1,
                "poly": [
                    198,
                    1502,
                    1304,
                    1502,
                    1304,
                    1638,
                    198,
                    1638
                ],
                "score": 0.957
            },
            {
                "category_id": 1,
                "poly": [
                    199,
                    875,
                    1304,
                    875,
                    1304,
                    943,
                    199,
                    943
                ],
                "score": 0.951
            },
            {
                "category_id": 0,
                "poly": [
                    198,
                    1694,
                    534,
                    1694,
                    534,
                    1740,
                    198,
                    1740
                ],
                "score": 0.933
            },
            {
                "category_id": 0,
                "poly": [
                    199,
                    197,
                    665,
                    197,
                    665,
                    237,
                    199,
                    237
                ],
                "score": 0.927
            },
            {
                "category_id": 0,
                "poly": [
                    198,
                    1128,
                    517,
                    1128,
                    517,
                    1168,
                    198,
                    1168
                ],
                "score": 0.92
            },
            {
                "category_id": 2,
                "poly": [
                    198,
                    116,
                    324,
                    116,
                    324,
                    144,
                    198,
                    144
                ],
                "score": 0.906
            },
            {
                "category_id": 2,
                "poly": [
                    677,
                    116,
                    822,
                    116,
                    822,
                    148,
                    677,
                    148
                ],
                "score": 0.867
            },
            {
                "category_id": 1,
                "poly": [
                    236,
                    1822,
                    1306,
                    1822,
                    1306,
                    2012,
                    236,
                    2012
                ],
                "score": 0.813
            },
            {
                "category_id": 2,
                "poly": [
                    1282,
                    118,
                    1302,
                    118,
                    1302,
                    142,
                    1282,
                    142
                ],
                "score": 0.791
            },
            {
                "category_id": 1,
                "poly": [
                    197,
                    1187,
                    872,
                    1187,
                    872,
                    1221,
                    197,
                    1221
                ],
                "score": 0.786
            },
            {
                "category_id": 1,
                "poly": [
                    249,
                    1767,
                    1280,
                    1767,
                    1280,
                    1803,
                    249,
                    1803
                ],
                "score": 0.755
            },
            {
                "category_id": 1,
                "poly": [
                    234,
                    491,
                    1619,
                    491,
                    1619,
                    847,
                    234,
                    847
                ],
                "score": 0.732
            },
            {
                "category_id": 1,
                "poly": [
                    237,
                    550,
                    537,
                    550,
                    537,
                    584,
                    237,
                    584
                ],
                "score": 0.295
            },
            {
                "category_id": 13,
                "poly": [
                    843,
                    1255,
                    892,
                    1255,
                    892,
                    1291,
                    843,
                    1291
                ],
                "score": 0.91,
                "latex": "\\mathfrak{y}^{(\\mathrm{i})}"
            },
            {
                "category_id": 13,
                "poly": [
                    720,
                    764,
                    773,
                    764,
                    773,
                    790,
                    720,
                    790
                ],
                "score": 0.88,
                "latex": "s_{\\mathrm{t+1}}"
            },
            {
                "category_id": 13,
                "poly": [
                    281,
                    1429,
                    328,
                    1429,
                    328,
                    1461,
                    281,
                    1461
                ],
                "score": 0.88,
                "latex": "x^{(\\mathrm{i})}"
            },
            {
                "category_id": 13,
                "poly": [
                    197,
                    1326,
                    296,
                    1326,
                    296,
                    1360,
                    197,
                    1360
                ],
                "score": 0.88,
                "latex": "\\mathrm{Pr}(X,Y)"
            },
            {
                "category_id": 13,
                "poly": [
                    493,
                    1255,
                    541,
                    1255,
                    541,
                    1287,
                    493,
                    1287
                ],
                "score": 0.87,
                "latex": "x^{(\\mathrm{i})}"
            },
            {
                "category_id": 13,
                "poly": [
                    1005,
                    671,
                    1063,
                    671,
                    1063,
                    698,
                    1005,
                    698
                ],
                "score": 0.87,
                "latex": "s_{\\mathrm{t+1}},"
            },
            {
                "category_id": 13,
                "poly": [
                    619,
                    704,
                    649,
                    704,
                    649,
                    731,
                    619,
                    731
                ],
                "score": 0.86,
                "latex": "\\upalpha_{\\mathrm{t}}"
            },
            {
                "category_id": 13,
                "poly": [
                    497,
                    557,
                    528,
                    557,
                    528,
                    583,
                    497,
                    583
                ],
                "score": 0.86,
                "latex": "\\upalpha_{\\mathrm{t}}"
            },
            {
                "category_id": 13,
                "poly": [
                    533,
                    705,
                    561,
                    705,
                    561,
                    731,
                    533,
                    731
                ],
                "score": 0.85,
                "latex": "s_{\\mathrm{t}}"
            },
            {
                "category_id": 13,
                "poly": [
                    903,
                    614,
                    930,
                    614,
                    930,
                    640,
                    903,
                    640
                ],
                "score": 0.83,
                "latex": "s_{\\mathrm{t}}"
            },
            {
                "category_id": 13,
                "poly": [
                    1098,
                    614,
                    1128,
                    614,
                    1128,
                    640,
                    1098,
                    640
                ],
                "score": 0.83,
                "latex": "\\upalpha_{\\mathrm{t}}"
            },
            {
                "category_id": 13,
                "poly": [
                    1029,
                    1359,
                    1078,
                    1359,
                    1078,
                    1396,
                    1029,
                    1396
                ],
                "score": 0.83,
                "latex": "\\mathfrak{y}^{(\\mathfrak{i})}"
            },
            {
                "category_id": 13,
                "poly": [
                    935,
                    1293,
                    1007,
                    1293,
                    1007,
                    1325,
                    935,
                    1325
                ],
                "score": 0.82,
                "latex": "\\mathrm{Pr}(X)"
            },
            {
                "category_id": 13,
                "poly": [
                    519,
                    612,
                    550,
                    612,
                    550,
                    640,
                    519,
                    640
                ],
                "score": 0.82,
                "latex": "\\mathsf{r}_{\\mathrm{t}},"
            },
            {
                "category_id": 13,
                "poly": [
                    713,
                    500,
                    742,
                    500,
                    742,
                    526,
                    713,
                    526
                ],
                "score": 0.68,
                "latex": "s_{\\mathrm{t}}"
            },
            {
                "category_id": 13,
                "poly": [
                    1469,
                    584,
                    1488,
                    584,
                    1488,
                    607,
                    1469,
                    607
                ],
                "score": 0.62,
                "latex": "x"
            },
            {
                "category_id": 13,
                "poly": [
                    756,
                    882,
                    777,
                    882,
                    777,
                    907,
                    756,
                    907
                ],
                "score": 0.57,
                "latex": "{\\mathbf a}_{\\scriptscriptstyle\\!\\mathrm{.}}"
            },
            {
                "category_id": 13,
                "poly": [
                    545,
                    882,
                    568,
                    882,
                    568,
                    906,
                    545,
                    906
                ],
                "score": 0.5,
                "latex": "\\pi_{\\nu}"
            },
            {
                "category_id": 13,
                "poly": [
                    1540,
                    584,
                    1561,
                    584,
                    1561,
                    611,
                    1540,
                    611
                ],
                "score": 0.49,
                "latex": "\\boldsymbol{\\mathfrak{y}}"
            },
            {
                "category_id": 13,
                "poly": [
                    413,
                    1402,
                    432,
                    1402,
                    432,
                    1426,
                    413,
                    1426
                ],
                "score": 0.44,
                "latex": "\\mathbf{x}"
            }
        ],
        "page_info": {
            "page_no": 3,
            "height": 2200,
            "width": 1700
        }
    },
    {
        "layout_dets": [
            {
                "category_id": 1,
                "poly": [
                    196,
                    525,
                    1305,
                    525,
                    1305,
                    662,
                    196,
                    662
                ],
                "score": 0.976
            },
            {
                "category_id": 1,
                "poly": [
                    197,
                    665,
                    1304,
                    665,
                    1304,
                    805,
                    197,
                    805
                ],
                "score": 0.967
            },
            {
                "category_id": 1,
                "poly": [
                    236,
                    1204,
                    1304,
                    1204,
                    1304,
                    1310,
                    236,
                    1310
                ],
                "score": 0.967
            },
            {
                "category_id": 1,
                "poly": [
                    196,
                    292,
                    1306,
                    292,
                    1306,
                    398,
                    196,
                    398
                ],
                "score": 0.961
            },
            {
                "category_id": 1,
                "poly": [
                    235,
                    201,
                    1304,
                    201,
                    1304,
                    272,
                    235,
                    272
                ],
                "score": 0.957
            },
            {
                "category_id": 8,
                "poly": [
                    568,
                    1337,
                    998,
                    1337,
                    998,
                    1463,
                    568,
                    1463
                ],
                "score": 0.945
            },
            {
                "category_id": 8,
                "poly": [
                    626,
                    886,
                    939,
                    886,
                    939,
                    978,
                    626,
                    978
                ],
                "score": 0.943
            },
            {
                "category_id": 0,
                "poly": [
                    199,
                    451,
                    627,
                    451,
                    627,
                    496,
                    199,
                    496
                ],
                "score": 0.936
            },
            {
                "category_id": 1,
                "poly": [
                    196,
                    1499,
                    1302,
                    1499,
                    1302,
                    1570,
                    196,
                    1570
                ],
                "score": 0.93
            },
            {
                "category_id": 8,
                "poly": [
                    671,
                    1042,
                    898,
                    1042,
                    898,
                    1082,
                    671,
                    1082
                ],
                "score": 0.93
            },
            {
                "category_id": 8,
                "poly": [
                    681,
                    1142,
                    888,
                    1142,
                    888,
                    1181,
                    681,
                    1181
                ],
                "score": 0.926
            },
            {
                "category_id": 2,
                "poly": [
                    197,
                    115,
                    324,
                    115,
                    324,
                    144,
                    197,
                    144
                ],
                "score": 0.919
            },
            {
                "category_id": 1,
                "poly": [
                    238,
                    1009,
                    435,
                    1009,
                    435,
                    1045,
                    238,
                    1045
                ],
                "score": 0.914
            },
            {
                "category_id": 2,
                "poly": [
                    677,
                    115,
                    823,
                    115,
                    823,
                    148,
                    677,
                    148
                ],
                "score": 0.904
            },
            {
                "category_id": 1,
                "poly": [
                    237,
                    1107,
                    444,
                    1107,
                    444,
                    1141,
                    237,
                    1141
                ],
                "score": 0.896
            },
            {
                "category_id": 2,
                "poly": [
                    1271,
                    117,
                    1302,
                    117,
                    1302,
                    142,
                    1271,
                    142
                ],
                "score": 0.862
            },
            {
                "category_id": 1,
                "poly": [
                    238,
                    1591,
                    1122,
                    1591,
                    1122,
                    1628,
                    238,
                    1628
                ],
                "score": 0.796
            },
            {
                "category_id": 1,
                "poly": [
                    1324,
                    831,
                    1597,
                    831,
                    1597,
                    1029,
                    1324,
                    1029
                ],
                "score": 0.614
            },
            {
                "category_id": 1,
                "poly": [
                    234,
                    1589,
                    1311,
                    1589,
                    1311,
                    1963,
                    234,
                    1963
                ],
                "score": 0.607
            },
            {
                "category_id": 1,
                "poly": [
                    240,
                    1647,
                    998,
                    1647,
                    998,
                    1685,
                    240,
                    1685
                ],
                "score": 0.578
            },
            {
                "category_id": 1,
                "poly": [
                    240,
                    826,
                    1072,
                    826,
                    1072,
                    862,
                    240,
                    862
                ],
                "score": 0.574
            },
            {
                "category_id": 2,
                "poly": [
                    928,
                    2045,
                    1302,
                    2045,
                    1302,
                    2077,
                    928,
                    2077
                ],
                "score": 0.414
            },
            {
                "category_id": 2,
                "poly": [
                    927,
                    2045,
                    1302,
                    2045,
                    1302,
                    2077,
                    927,
                    2077
                ],
                "score": 0.284
            },
            {
                "category_id": 14,
                "poly": [
                    624,
                    884,
                    929,
                    884,
                    929,
                    978,
                    624,
                    978
                ],
                "score": 0.94,
                "latex": "\\mathcal{L}(\\mathfrak{g},\\mathfrak{a})=\\left\\{\\begin{array}{l l}{0}&{\\mathrm{if~}\\mathfrak{g}=\\mathfrak{a}}\\\\ {1}&{\\mathrm{otherwise}}\\end{array}\\right."
            },
            {
                "category_id": 14,
                "poly": [
                    568,
                    1336,
                    1002,
                    1336,
                    1002,
                    1465,
                    568,
                    1465
                ],
                "score": 0.94,
                "latex": "\\mathcal{L}(\\mathbf{g},\\mathbf{a})=\\left\\{\\begin{array}{l l}{1}&{\\mathrm{if}\\ g=1\\ \\mathrm{and}\\ \\mathbf{a}=0}\\\\ {10}&{\\mathrm{if}\\ g=0\\ \\mathrm{and}\\ \\mathbf{a}=1}\\\\ {0}&{\\mathrm{otherwise}}\\end{array}\\right."
            },
            {
                "category_id": 13,
                "poly": [
                    509,
                    701,
                    598,
                    701,
                    598,
                    734,
                    509,
                    734
                ],
                "score": 0.91,
                "latex": "\\mathcal{L}(\\mathfrak{g},\\mathfrak{a})"
            },
            {
                "category_id": 14,
                "poly": [
                    670,
                    1040,
                    899,
                    1040,
                    899,
                    1082,
                    670,
                    1082
                ],
                "score": 0.9,
                "latex": "\\mathcal{L}(\\mathbf{g},\\mathbf{a})=(\\mathbf{g}-\\mathbf{a})^{2}"
            },
            {
                "category_id": 14,
                "poly": [
                    680,
                    1140,
                    890,
                    1140,
                    890,
                    1180,
                    680,
                    1180
                ],
                "score": 0.89,
                "latex": "\\mathcal{L}(\\mathfrak{g},\\mathfrak{a})=|\\mathfrak{g}-\\mathfrak{a}|"
            },
            {
                "category_id": 13,
                "poly": [
                    1116,
                    1241,
                    1179,
                    1241,
                    1179,
                    1271,
                    1116,
                    1271
                ],
                "score": 0.73,
                "latex": "^{\\prime\\prime}\\mathrm{no}^{\\prime\\prime}"
            },
            {
                "category_id": 13,
                "poly": [
                    466,
                    1276,
                    537,
                    1276,
                    537,
                    1311,
                    466,
                    1311
                ],
                "score": 0.39,
                "latex": "\\mathrm{{^{\\prime\\prime}{y e s}^{\\prime\\prime}}}"
            },
            {
                "category_id": 13,
                "poly": [
                    655,
                    742,
                    674,
                    742,
                    674,
                    764,
                    655,
                    764
                ],
                "score": 0.35,
                "latex": "\\mathrm{^a}"
            },
            {
                "category_id": 13,
                "poly": [
                    275,
                    742,
                    295,
                    742,
                    295,
                    770,
                    275,
                    770
                ],
                "score": 0.28,
                "latex": "9"
            }
        ],
        "page_info": {
            "page_no": 4,
            "height": 2200,
            "width": 1700
        }
    },
    {
        "layout_dets": [
            {
                "category_id": 1,
                "poly": [
                    197,
                    1127,
                    1304,
                    1127,
                    1304,
                    1369,
                    197,
                    1369
                ],
                "score": 0.977
            },
            {
                "category_id": 1,
                "poly": [
                    198,
                    201,
                    1309,
                    201,
                    1309,
                    409,
                    198,
                    409
                ],
                "score": 0.967
            },
            {
                "category_id": 1,
                "poly": [
                    198,
                    707,
                    1305,
                    707,
                    1305,
                    809,
                    198,
                    809
                ],
                "score": 0.961
            },
            {
                "category_id": 1,
                "poly": [
                    197,
                    536,
                    1303,
                    536,
                    1303,
                    606,
                    197,
                    606
                ],
                "score": 0.953
            },
            {
                "category_id": 1,
                "poly": [
                    197,
                    812,
                    1302,
                    812,
                    1302,
                    882,
                    197,
                    882
                ],
                "score": 0.943
            },
            {
                "category_id": 8,
                "poly": [
                    494,
                    1735,
                    952,
                    1735,
                    952,
                    1820,
                    494,
                    1820
                ],
                "score": 0.941
            },
            {
                "category_id": 1,
                "poly": [
                    197,
                    1904,
                    1304,
                    1904,
                    1304,
                    2008,
                    197,
                    2008
                ],
                "score": 0.938
            },
            {
                "category_id": 1,
                "poly": [
                    198,
                    1372,
                    1302,
                    1372,
                    1302,
                    1440,
                    198,
                    1440
                ],
                "score": 0.934
            },
            {
                "category_id": 0,
                "poly": [
                    198,
                    921,
                    584,
                    921,
                    584,
                    960,
                    198,
                    960
                ],
                "score": 0.928
            },
            {
                "category_id": 0,
                "poly": [
                    199,
                    647,
                    661,
                    647,
                    661,
                    687,
                    199,
                    687
                ],
                "score": 0.928
            },
            {
                "category_id": 1,
                "poly": [
                    198,
                    982,
                    661,
                    982,
                    661,
                    1016,
                    198,
                    1016
                ],
                "score": 0.927
            },
            {
                "category_id": 0,
                "poly": [
                    198,
                    462,
                    503,
                    462,
                    503,
                    509,
                    198,
                    509
                ],
                "score": 0.927
            },
            {
                "category_id": 1,
                "poly": [
                    197,
                    1835,
                    1303,
                    1835,
                    1303,
                    1902,
                    197,
                    1902
                ],
                "score": 0.921
            },
            {
                "category_id": 2,
                "poly": [
                    198,
                    116,
                    324,
                    116,
                    324,
                    143,
                    198,
                    143
                ],
                "score": 0.909
            },
            {
                "category_id": 1,
                "poly": [
                    199,
                    1477,
                    1304,
                    1477,
                    1304,
                    1721,
                    199,
                    1721
                ],
                "score": 0.905
            },
            {
                "category_id": 2,
                "poly": [
                    678,
                    116,
                    822,
                    116,
                    822,
                    148,
                    678,
                    148
                ],
                "score": 0.892
            },
            {
                "category_id": 1,
                "poly": [
                    229,
                    1028,
                    1233,
                    1028,
                    1233,
                    1063,
                    229,
                    1063
                ],
                "score": 0.847
            },
            {
                "category_id": 2,
                "poly": [
                    1271,
                    118,
                    1299,
                    118,
                    1299,
                    142,
                    1271,
                    142
                ],
                "score": 0.846
            },
            {
                "category_id": 1,
                "poly": [
                    249,
                    1442,
                    1276,
                    1442,
                    1276,
                    1476,
                    249,
                    1476
                ],
                "score": 0.767
            },
            {
                "category_id": 1,
                "poly": [
                    233,
                    1080,
                    798,
                    1080,
                    798,
                    1115,
                    233,
                    1115
                ],
                "score": 0.746
            },
            {
                "category_id": 2,
                "poly": [
                    928,
                    2045,
                    1301,
                    2045,
                    1301,
                    2077,
                    928,
                    2077
                ],
                "score": 0.706
            },
            {
                "category_id": 1,
                "poly": [
                    1323,
                    273,
                    1610,
                    273,
                    1610,
                    472,
                    1323,
                    472
                ],
                "score": 0.485
            },
            {
                "category_id": 13,
                "poly": [
                    541,
                    1836,
                    629,
                    1836,
                    629,
                    1869,
                    541,
                    1869
                ],
                "score": 0.95,
                "latex": "\\mathcal{L}(\\mathfrak{g},\\mathfrak{a})"
            },
            {
                "category_id": 14,
                "poly": [
                    494,
                    1732,
                    951,
                    1732,
                    951,
                    1824,
                    494,
                    1824
                ],
                "score": 0.94,
                "latex": "\\displaystyle\\xi_{\\ n}(\\mathbf{h};\\Theta)=\\frac{1}{\\mathfrak{n}}\\sum_{\\mathfrak{i}=1}^{\\mathfrak{n}}\\mathcal{L}(\\mathbf{h}(\\mathbf{x}^{(\\mathfrak{i})};\\Theta),\\mathfrak{y}^{(\\mathfrak{i})})~~,"
            },
            {
                "category_id": 13,
                "poly": [
                    561,
                    1164,
                    706,
                    1164,
                    706,
                    1197,
                    561,
                    1197
                ],
                "score": 0.93,
                "latex": "\\mathfrak{y}=\\mathfrak{h}(\\mathfrak{x};\\Theta)"
            },
            {
                "category_id": 13,
                "poly": [
                    935,
                    1440,
                    1084,
                    1440,
                    1084,
                    1476,
                    935,
                    1476
                ],
                "score": 0.92,
                "latex": "{\\sf h}({\\sf x^{(n+1)}};\\Theta)"
            },
            {
                "category_id": 13,
                "poly": [
                    400,
                    1440,
                    479,
                    1440,
                    479,
                    1473,
                    400,
                    1473
                ],
                "score": 0.9,
                "latex": "x^{(\\mathrm{n}+1)}"
            },
            {
                "category_id": 13,
                "poly": [
                    788,
                    1547,
                    888,
                    1547,
                    888,
                    1581,
                    788,
                    1581
                ],
                "score": 0.82,
                "latex": "\\mathrm{Pr}(X,Y)"
            },
            {
                "category_id": 13,
                "poly": [
                    436,
                    1374,
                    463,
                    1374,
                    463,
                    1402,
                    436,
                    1402
                ],
                "score": 0.77,
                "latex": "\\Theta"
            },
            {
                "category_id": 13,
                "poly": [
                    890,
                    1688,
                    916,
                    1688,
                    916,
                    1715,
                    890,
                    1715
                ],
                "score": 0.73,
                "latex": "\\Theta"
            },
            {
                "category_id": 13,
                "poly": [
                    699,
                    1514,
                    725,
                    1514,
                    725,
                    1542,
                    699,
                    1542
                ],
                "score": 0.73,
                "latex": "\\Theta"
            },
            {
                "category_id": 13,
                "poly": [
                    1437,
                    1448,
                    1510,
                    1448,
                    1510,
                    1478,
                    1437,
                    1478
                ],
                "score": 0.71,
                "latex": "f(\\mathfrak{a};\\mathfrak{b})"
            },
            {
                "category_id": 13,
                "poly": [
                    762,
                    1981,
                    781,
                    1981,
                    781,
                    2003,
                    762,
                    2003
                ],
                "score": 0.49,
                "latex": "x"
            },
            {
                "category_id": 13,
                "poly": [
                    501,
                    1876,
                    520,
                    1876,
                    520,
                    1898,
                    501,
                    1898
                ],
                "score": 0.45,
                "latex": "\\mathrm{^a}"
            },
            {
                "category_id": 13,
                "poly": [
                    195,
                    1586,
                    218,
                    1586,
                    218,
                    1615,
                    195,
                    1615
                ],
                "score": 0.44,
                "latex": "\\boldsymbol{\\mathfrak{y}}"
            },
            {
                "category_id": 13,
                "poly": [
                    1037,
                    1654,
                    1061,
                    1654,
                    1061,
                    1681,
                    1037,
                    1681
                ],
                "score": 0.42,
                "latex": "\\mathtt{h}"
            }
        ],
        "page_info": {
            "page_no": 5,
            "height": 2200,
            "width": 1700
        }
    },
    {
        "layout_dets": [
            {
                "category_id": 1,
                "poly": [
                    198,
                    952,
                    1305,
                    952,
                    1305,
                    1125,
                    198,
                    1125
                ],
                "score": 0.977
            },
            {
                "category_id": 1,
                "poly": [
                    198,
                    1128,
                    1305,
                    1128,
                    1305,
                    1301,
                    198,
                    1301
                ],
                "score": 0.975
            },
            {
                "category_id": 1,
                "poly": [
                    198,
                    617,
                    1305,
                    617,
                    1305,
                    826,
                    198,
                    826
                ],
                "score": 0.975
            },
            {
                "category_id": 1,
                "poly": [
                    197,
                    267,
                    1304,
                    267,
                    1304,
                    440,
                    197,
                    440
                ],
                "score": 0.975
            },
            {
                "category_id": 1,
                "poly": [
                    198,
                    443,
                    1305,
                    443,
                    1305,
                    614,
                    198,
                    614
                ],
                "score": 0.972
            },
            {
                "category_id": 0,
                "poly": [
                    198,
                    192,
                    902,
                    192,
                    902,
                    241,
                    198,
                    241
                ],
                "score": 0.935
            },
            {
                "category_id": 0,
                "poly": [
                    199,
                    878,
                    483,
                    878,
                    483,
                    926,
                    199,
                    926
                ],
                "score": 0.93
            },
            {
                "category_id": 2,
                "poly": [
                    198,
                    116,
                    324,
                    116,
                    324,
                    143,
                    198,
                    143
                ],
                "score": 0.902
            },
            {
                "category_id": 2,
                "poly": [
                    678,
                    116,
                    822,
                    116,
                    822,
                    148,
                    678,
                    148
                ],
                "score": 0.884
            },
            {
                "category_id": 2,
                "poly": [
                    1271,
                    118,
                    1300,
                    118,
                    1300,
                    141,
                    1271,
                    141
                ],
                "score": 0.835
            },
            {
                "category_id": 2,
                "poly": [
                    928,
                    2046,
                    1301,
                    2046,
                    1301,
                    2076,
                    928,
                    2076
                ],
                "score": 0.634
            },
            {
                "category_id": 13,
                "poly": [
                    196,
                    408,
                    332,
                    408,
                    332,
                    441,
                    196,
                    441
                ],
                "score": 0.92,
                "latex": "\\Theta=\\left(\\theta,\\theta_{0}\\right)"
            },
            {
                "category_id": 13,
                "poly": [
                    255,
                    371,
                    530,
                    371,
                    530,
                    405,
                    255,
                    405
                ],
                "score": 0.91,
                "latex": "{\\sf h}({\\sf x};\\theta,\\theta_{0})\\,=\\,\\Theta^{\\sf T}{\\boldsymbol{x}}+\\theta_{0}"
            },
            {
                "category_id": 13,
                "poly": [
                    1235,
                    793,
                    1260,
                    793,
                    1260,
                    820,
                    1235,
                    820
                ],
                "score": 0.6,
                "latex": "\\Theta"
            },
            {
                "category_id": 13,
                "poly": [
                    263,
                    304,
                    289,
                    304,
                    289,
                    331,
                    263,
                    331
                ],
                "score": 0.5,
                "latex": "\\Theta"
            },
            {
                "category_id": 13,
                "poly": [
                    347,
                    757,
                    379,
                    757,
                    379,
                    786,
                    347,
                    786
                ],
                "score": 0.36,
                "latex": "\\mathcal{M}"
            },
            {
                "category_id": 13,
                "poly": [
                    370,
                    270,
                    402,
                    270,
                    402,
                    298,
                    370,
                    298
                ],
                "score": 0.31,
                "latex": "\\mathcal{M}"
            }
        ],
        "page_info": {
            "page_no": 6,
            "height": 2200,
            "width": 1700
        }
    }
]