{
    "answer_context": {
        "text_paragraphs": [
            {
                "text": "One concern is that we might need a lot of data to do this, and in many applications data\nis expensive or difficult to acquire. We can re-use data with cross validation (but it\u2019s harder\nto do theoretical analysis).",
                "position": 1243.8829345703125,
                "visual_elements": []
            },
            {
                "text": "The hyper-parameters of a learning algorithm affect how the algorithm works but they are\nnot part of the resulting hypothesis. So, for example, A in ridge regression affects which\nhypothesis will be returned, but A itself doesn\u2019t show up in the hypothesis (the hypothesis\nis specified using parameters 0 and 0).",
                "position": 1539.20703125,
                "visual_elements": []
            },
            {
                "text": "Study Question: How could you use cross-validation to decide whether to use ana-\nlytic ridge regression or our random-regression algorithm and to pick K for random\nregression or A for ridge regression?",
                "position": 1078.415771484375,
                "visual_elements": []
            },
            {
                "text": "It\u2019s very important to understand that (cross-)validation neither delivers nor evaluates a\nsingle particular hypothesis h. It evaluates the learning algorithm that produces hypotheses.\n\f divide D into k chunks D1, Dz,... Dx (of roughly equal size)\n\nfori = 1tok\ntrain hi on D \\ D; (withholding chunk Dj as the validation set)\ncompute \u201ctest\u201d error \u20ac,(h;) on withheld data D;\n\nreturn t rk Ei (hi)",
                "position": 1385.7366943359375,
                "visual_elements": []
            },
            {
                "text": "You can think about each different setting of a hyper-parameter as specifying a different\nlearning algorithm.",
                "position": 1454.2314453125,
                "visual_elements": []
            },
            {
                "text": "In order to pick a good value of the hyper-parameter, we often end up just trying a lot\nof values and seeing which one works best via validation or cross-validation.",
                "position": 255.2936553955078,
                "visual_elements": []
            },
            {
                "text": "Generally, to evaluate how well a learning algorithm works, given an unlimited data source,\nwe would like to execute the following process multiple times:",
                "position": 496.7639465332031,
                "visual_elements": []
            },
            {
                "text": "Running the algorithm multiple times controls for possible poor choices of training set\nor unfortunate randomization inside the algorithm itself.",
                "position": 831.127197265625,
                "visual_elements": []
            },
            {
                "text": "CROSS-VALIDATE(D, k)\n\f \u00a2 Train on a new training set (subset of our big data source)\n\ne Evaluate resulting h on a validation set that does not overlap the training set (but is\nstill a subset of our same big data source)\n\f e Train on a new training set (subset of our big data source)",
                "position": 831.127197265625,
                "visual_elements": []
            }
        ],
        "relevant_visual_elements": [],
        "relevant_equation": {
            "type": "isolate_formula",
            "content": "D, \u2014 | learning alg (Jt) | \u2014 h\n\f"
        }
    }
}