{
  "QA_Pair_1": {
    "Question": "**Question:** What is the primary challenge addressed in this text regarding machine learning optimization, and what are some reasons why this challenge arises?\n\n\n*",
    "Answer": "* The primary challenge is finding the optimal parameters Θ* that minimize the objective function J(Θ), especially when analytical optimization is impractical. This difficulty arises because of complex loss functions, general forms of regularization, or an excessively large dataset making analytical matrix inversion computationally infeasible."
  },
  "QA_Pair_2": {
    "Question": "**Question:** What does the equation  $\\Theta^{(\\mathrm{t})}=\\Theta^{(\\mathrm{t}-1)}-\\eta\\nabla_{\\Theta}\\mathsf{f}(\\Theta^{(\\mathrm{t}-1)})$ represent, and what do the individual components signify?\n\n\n*",
    "Answer": "* This equation represents a single step of gradient descent optimization.  Let's break down the components:\n\n* **Θ<sup>(t)</sup>:** This represents the updated value of the parameters (weights and biases) of a model at iteration *t*.\n\n* **Θ<sup>(t-1)</sup>:** This represents the value of the parameters at the previous iteration, *t-1*.\n\n* **η (eta):** This is the learning rate, a hyperparameter that controls the step size taken during each iteration.  A smaller η leads to smaller steps and potentially slower convergence, while a larger η could lead to overshooting the minimum.\n\n* **∇<sub>Θ</sub>f(Θ<sup>(t-1)</sup>):** This is the gradient of the loss function (f) with respect to the parameters Θ, evaluated at the parameter values from the previous iteration (Θ<sup>(t-1)</sup>).  The gradient indicates the direction of the steepest ascent of the loss function.  By subtracting it (multiplied by η), we move in the direction of the steepest *descent*, aiming to minimize the loss.\n\nIn essence, the equation updates the model's parameters by taking a step in the opposite direction of the gradient, scaled by the learning rate.  This iterative process continues until a convergence criterion is met (e.g., the change in loss becomes sufficiently small, or a maximum number of iterations is reached)."
  },
  "QA_Pair_3": {
    "Question": "**Question:** What is something the text suggests you consider studying in the future?\n\n*",
    "Answer": "* The text suggests considering studying something (but doesn't specify what)."
  },
  "QA_Pair_4": {
    "Question": "**Question:**  Derive the gradient of the ridge regression cost function, $\\nabla_{\\boldsymbol{\\theta}}\\mathsf{J}_{\\mathrm{ridge}}(\\boldsymbol{\\theta}^{\\mathsf{T}}\\boldsymbol{x} + \\theta_{0},\\boldsymbol{y})$, with respect to the model parameters $\\boldsymbol{\\theta}$.  Show your work by explicitly calculating the vector of partial derivatives $\\left(\\frac{\\partial \\mathsf{J}_{\\mathrm{ridge}}(\\boldsymbol{\\theta}^{\\mathsf{T}}\\boldsymbol{x} + \\theta_{0},\\boldsymbol{y})}{\\partial\\theta_{1}},\\ldots,\\frac{\\partial \\mathsf{J}_{\\mathrm{ridge}}(\\boldsymbol{\\theta}^{\\mathsf{T}}\\boldsymbol{x} + \\theta_{0},\\boldsymbol{y})}{\\partial\\theta_{d}}\\right)$.  Assume a standard ridge regression cost function with a regularization parameter $\\lambda$.\n\n\n*",
    "Answer": "* The solution requires defining the ridge regression cost function and then calculating its partial derivatives.  Let's assume the cost function is:\n\n$\\mathsf{J}_{\\mathrm{ridge}}(\\boldsymbol{\\theta}^{\\mathsf{T}}\\boldsymbol{x} + \\theta_{0},\\boldsymbol{y}) = \\frac{1}{2m} \\sum_{i=1}^{m} (\\boldsymbol{\\theta}^{\\mathsf{T}}\\boldsymbol{x}^{(i)} + \\theta_{0} - y^{(i)})^2 + \\frac{\\lambda}{2} ||\\boldsymbol{\\theta}||^2$\n\nwhere:\n\n* m is the number of training examples.\n* $\\boldsymbol{x}^{(i)}$ is the i-th feature vector.\n* $y^{(i)}$ is the i-th target value.\n* $\\lambda$ is the regularization parameter.\n* $||\\boldsymbol{\\theta}||^2 = \\sum_{j=1}^{d} \\theta_j^2$ is the L2 norm squared of the parameter vector.\n\n\nNow, we compute the partial derivative with respect to $\\theta_j$:\n\n$\\frac{\\partial \\mathsf{J}_{\\mathrm{ridge}}}{\\partial \\theta_j} = \\frac{1}{m} \\sum_{i=1}^{m} (\\boldsymbol{\\theta}^{\\mathsf{T}}\\boldsymbol{x}^{(i)} + \\theta_{0} - y^{(i)}) x_j^{(i)} + \\lambda \\theta_j$\n\n\nTherefore, the gradient is:\n\n$\\nabla_{\\boldsymbol{\\theta}}\\mathsf{J}_{\\mathrm{ridge}}(\\boldsymbol{\\theta}^{\\mathsf{T}}\\boldsymbol{x} + \\theta_{0},\\boldsymbol{y}) = \\frac{1}{m} X^T (X\\boldsymbol{\\theta} + \\theta_0 \\mathbf{1} - \\boldsymbol{y}) + \\lambda \\boldsymbol{\\theta}$\n\nwhere:\n\n* X is the design matrix with rows $\\boldsymbol{x}^{(i)T}$.\n* $\\mathbf{1}$ is a vector of ones.\n* $\\boldsymbol{y}$ is the vector of target values.\n\n\nThis gradient represents the vector of partial derivatives  $\\left(\\frac{\\partial \\mathsf{J}_{\\mathrm{ridge}}}{\\partial\\theta_{1}},\\ldots,\\frac{\\partial \\mathsf{J}_{\\mathrm{ridge}}}{\\partial\\theta_{d}}\\right)$. Note that the derivative with respect to $\\theta_0$ is not included in the gradient $\\nabla_{\\boldsymbol{\\theta}}$, as the question only asks for the gradient with respect to $\\boldsymbol{\\theta}$.  A complete gradient would also include the derivative with respect to $\\theta_0$."
  },
  "QA_Pair_5": {
    "Question": "**Question:**  What condition on the step size is necessary for Stochastic Gradient Descent (SGD) to converge to a local optimum as the number of iterations (t) increases?\n\n*",
    "Answer": "* The step size must decrease as a function of time (t).  The provided text indicates that this decreasing step size is a requirement for convergence to a local optimum."
  },
  "QA_Pair_6": {
    "Question": "**Question:** What are the key topics covered in Sections 3.1 through 3.4 regarding gradient descent?\n\n*",
    "Answer": "* Sections 3.1 and 3.2 detail gradient descent algorithms for both one and multidimensional objective functions. Section 3.3 demonstrates gradient descent's application beyond mean squared loss functions. Finally, Section 3.4 introduces stochastic gradient descent, highlighting its utility for large datasets and its unique characteristics."
  },
  "QA_Pair_7": {
    "Question": "**Question:**\n\nWhat are the gradient expressions provided, and what optimization problem do they likely relate to?  Explain the meaning of each term.\n\n\n*",
    "Answer": "*\n\nThe provided equations represent the gradient of a cost function for ridge regression (also known as L2-regularized linear regression).  Let's break down each equation:\n\n\n* **Equation 1:  ∇<sub>Θ</sub>J<sub>ridge</sub>(Θ, Θ<sub>0</sub>) = (2/n) Σ<sub>i=1</sub><sup>n</sup> (Θ<sup>T</sup>x<sup>(i)</sup> + Θ<sub>0</sub> - y<sup>(i)</sup>)x<sup>(i)</sup> + 2λΘ**\n\n    This is the gradient of the cost function J<sub>ridge</sub> with respect to the model parameters Θ (the feature weights).  It comprises two main parts:\n\n    * **(2/n) Σ<sub>i=1</sub><sup>n</sup> (Θ<sup>T</sup>x<sup>(i)</sup> + Θ<sub>0</sub> - y<sup>(i)</sup>)x<sup>(i)</sup>:** This is the gradient of the mean squared error (MSE) term.  It represents the average error multiplied by the input features x<sup>(i)</sup>.  Θ<sup>T</sup>x<sup>(i)</sup> + Θ<sub>0</sub> is the model's prediction for the i-th data point, and y<sup>(i)</sup> is the true value. The sum averages this error across all data points.\n\n    * **2λΘ:** This is the gradient of the L2 regularization term (λ||Θ||²).  It penalizes large values of Θ, preventing overfitting.  λ is the regularization parameter, controlling the strength of the penalty.\n\n\n* **Equation 2: ∂J<sub>ridge</sub>(Θ, Θ<sub>0</sub>)/∂Θ<sub>0</sub> = (2/n) Σ<sub>i=1</sub><sup>n</sup> (Θ<sup>T</sup>x<sup>(i)</sup> + Θ<sub>0</sub> - y<sup>(i)</sup>)**\n\n    This is the gradient of the cost function J<sub>ridge</sub> with respect to the bias term Θ<sub>0</sub> (the intercept). It's simpler than the gradient for Θ because it doesn't include a regularization term.  It's simply the average error across all data points.\n\n\nIn summary, these equations provide the formulas for calculating the gradients needed to optimize the parameters Θ and Θ<sub>0</sub> of a ridge regression model using gradient descent or similar optimization algorithms. The goal is to find the values of Θ and Θ<sub>0</sub> that minimize the cost function J<sub>ridge</sub>, which balances prediction accuracy (MSE) and model complexity (regularization)."
  },
  "QA_Pair_8": {
    "Question": "**Question:**  The gradient descent algorithm doesn't explicitly include the '2' from the denominator of the gradient definitions (e.g., 1/2||x||²). Why is this omission acceptable?\n\n\n*",
    "Answer": "* The '2' in the denominator of the gradient of a squared loss function (or similar terms) is a constant.  In gradient descent, we are only interested in the *direction* of the steepest descent, which is determined by the gradient's vector.  The constant factor doesn't affect the direction, only the step size.  The step size is controlled by the learning rate (α) in the algorithm, so the '2' can be effectively absorbed into the learning rate without altering the convergence properties."
  },
  "QA_Pair_9": {
    "Question": "**Question:**  Explain the relationship between the starting point ($x_{init}$), the convergence point of gradient descent, and the nature of the function *f* when *f* is non-convex.\n\n\n*",
    "Answer": "* When the function *f* is non-convex, the point to which gradient descent converges depends heavily on the initial starting point ($x_{init}$).  This is because non-convex functions can have multiple local minima. Gradient descent, being a local optimization algorithm, will converge to the nearest local minimum, which will vary depending on where the algorithm begins its search ($x_{init}$).  In contrast to a convex function where gradient descent is guaranteed to converge to the global minimum, a non-convex function offers no such guarantee; it may converge to a local minimum that is not the global minimum."
  },
  "QA_Pair_10": {
    "Question": "**Question:** What is used to update the parameters in the described optimization process?\n\n*",
    "Answer": "* The gradient of the objective function with respect to the parameters."
  },
  "QA_Pair_11": {
    "Question": "Here's a question and answer pair based on the unspecified text, assuming the text describes a system or process where  η (eta) represents a parameter affecting the system's behavior:\n\n\n**Question:**  In the given example, how does the system's behavior change when the parameter η is (a) very small and (b) very large?\n\n\n*",
    "Answer": "*  (This answer requires the content of the text to be filled in.  Provide the text, and I can give a specific answer.)  For example, a potential answer *based on a hypothetical text* could be:\n\n\"(a) When η is very small, the system approaches a state of equilibrium characterized by [describe the equilibrium state, e.g., minimal fluctuations, slow response to external stimuli].  (b) When η is very large, the system exhibits [describe the behavior for large η, e.g., highly oscillatory behavior, rapid changes, potential instability].\""
  },
  "QA_Pair_12": {
    "Question": "**Question:** What does the word \"aleatoric\" mean, and what is suggested as an interesting related topic to explore?\n\n*",
    "Answer": "*  \"Aleatoric\" means probabilistic or random, similar to \"stochastic.\" The text suggests looking up \"aleatoric music\" as an interesting related topic."
  },
  "QA_Pair_13": {
    "Question": "**Question:** What does the equation  $$ \\mathrm{J}(\\theta)=\\frac{1}{\\mathrm{n}}\\sum_{\\mathrm{i=1}}^{\\mathrm{n}}\\left(\\Theta^{\\mathsf{T}}x^{(\\mathrm{i})}-\\mathsf{y}^{(\\mathrm{i})}\\right)^{2} $$ represent, and what do the variables represent?\n\n\n*",
    "Answer": "* This equation represents the **cost function** (specifically, the mean squared error or MSE) for a linear regression model.  Let's break down the variables:\n\n* **J(θ):** This represents the cost function, a measure of how well the model's predictions fit the actual data.  A lower value of J(θ) indicates a better fit.\n\n* **θ:** This is a vector of model parameters (weights).  It determines the slope and intercept of the linear regression line.\n\n* **x<sup>(i)</sup>:** This is a vector representing the i-th data point's features.\n\n* **y<sup>(i)</sup>:** This is the i-th data point's target value (the actual value we're trying to predict).\n\n* **n:** This is the total number of data points in the dataset.\n\n* **θ<sup>T</sup>x<sup>(i)</sup>:** This is the model's prediction for the i-th data point, calculated as the dot product of the parameter vector θ and the feature vector x<sup>(i)</sup>.\n\nIn essence, the equation calculates the average squared difference between the model's predictions (θ<sup>T</sup>x<sup>(i)</sup>) and the actual values (y<sup>(i)</sup>) across all data points.  The goal of training a linear regression model is to find the values of θ that minimize this cost function, resulting in the best possible fit to the data."
  },
  "QA_Pair_14": {
    "Question": "**Question:**  What algorithm is represented by the given equations, and what is the stopping criterion?\n\n*",
    "Answer": "* The equations represent a gradient descent algorithm (specifically, it appears to be a variation used for ridge regression) for finding the optimal parameters Θ and Θ₀.  The algorithm iteratively updates Θ and Θ₀ until the absolute difference between the ridge regression objective function evaluated at successive iterations (t and t-1) is less than a predefined tolerance ε (epsilon).  In other words, the algorithm stops when the improvement in the objective function falls below the threshold ε."
  },
  "QA_Pair_15": {
    "Question": "Here's a question and answer pair based on the provided text snippet:\n\n**Question:**  What conditions are stated in Theorem 3.4.1 regarding the function *f* and the sequence  $\\upeta(\\up t)$?\n\n\n*",
    "Answer": "* Theorem 3.4.1 states that the function *f* must be convex, and the sequence $\\upeta(\\up t)$ must satisfy [the unspecified conditions from the missing part of the theorem].  The theorem's conclusion is not provided in the given snippet,  but it depends on these conditions being met by *f* and $\\upeta(\\up t)$."
  },
  "QA_Pair_16": {
    "Question": "**Question:**  Using the provided information about the convex function f(x) = (x-2)² and the gradient descent parameters (initial point x<sub>init</sub> = 4.0, step size = 1/2), describe the iterative process of gradient descent and predict the next two points (x<sub>1</sub> and x<sub>2</sub>) in the sequence.\n\n\n*",
    "Answer": "*\n\nThe gradient of f(x) is f'(x) = 2(x-2).  Gradient descent iteratively updates the current point x<sub>i</sub> using the formula: x<sub>i+1</sub> = x<sub>i</sub> - α * f'(x<sub>i</sub>), where α is the step size (1/2 in this case).\n\n* **Iteration 1:**\n    * x<sub>0</sub> = 4.0\n    * f'(x<sub>0</sub>) = 2(4-2) = 4\n    * x<sub>1</sub> = 4.0 - (1/2) * 4 = 2.0\n\n* **Iteration 2:**\n    * x<sub>1</sub> = 2.0\n    * f'(x<sub>1</sub>) = 2(2-2) = 0\n    * x<sub>2</sub> = 2.0 - (1/2) * 0 = 2.0\n\nTherefore, the next two points in the sequence are x<sub>1</sub> = 2.0 and x<sub>2</sub> = 2.0.  The algorithm converges to the minimum of the function (x=2) in just one step because the step size, while not overly small, is perfectly chosen for this specific function and starting point."
  },
  "QA_Pair_17": {
    "Question": "**Question:**  What are the necessary components and hyperparameters for performing gradient descent in one dimension, as described in the provided text?\n\n*",
    "Answer": "*  To perform gradient descent in one dimension, you need:\n\n1. **The function J(Θ):** The function to be minimized.\n2. **Its derivative J'(Θ):**  The gradient of the function with respect to Θ.\n3. **Initial value for Θ:** A starting point for the iterative optimization process.\n4. **Step-size hyperparameter (η):** Controls the size of the steps taken towards the minimum.\n5. **Accuracy hyperparameter (ϵ):** Determines the convergence criterion; the algorithm stops when the change in Θ is less than ϵ."
  },
  "QA_Pair_18": {
    "Question": "**Question:**  Given a function f: ℝ<sup>m</sup> → ℝ, where Θ ∈ ℝ<sup>m</sup> is a multi-dimensional parameter, what is the term used to describe the vector of partial derivatives of f with respect to each component of Θ?\n\n\n*",
    "Answer": "* The gradient of f with respect to Θ."
  },
  "QA_Pair_19": {
    "Question": "**Question:**  What is the guaranteed outcome of Stochastic Gradient Descent (SGD) regarding the optimal parameter Θ, according to the provided text?\n\n*",
    "Answer": "*  The text states that SGD converges to the optimal Θ with probability one.  This means that SGD will almost surely (with probability 1) find the optimal parameters Θ."
  },
  "QA_Pair_20": {
    "Question": "**Question:**  Explain the relationship between the stopping criteria of \"maximum number of iterations reached\" and \"gradient norm below a threshold\" in the 1D Gradient Descent algorithm.  How might these two criteria interact or influence each other in practice?\n\n\n*",
    "Answer": "*\n\nThe stopping criteria \"maximum number of iterations reached\" and \"gradient norm below a threshold\" are independent yet complementary in 1D Gradient Descent.\n\n* **Maximum number of iterations:** This criterion acts as a safety net, preventing the algorithm from running indefinitely. It's a hard limit imposed regardless of convergence.  If the algorithm hasn't converged (gradient norm hasn't fallen below the threshold) within the specified number of iterations, it stops, potentially leaving the solution suboptimal.\n\n* **Gradient norm below a threshold:** This criterion assesses the algorithm's convergence. A small gradient norm indicates that the function's slope is near zero, suggesting we're close to a local minimum (or saddle point).  The algorithm stops when the gradient's magnitude falls below a predefined tolerance.\n\n\n**Relationship:**  These criteria interact in that the \"maximum iterations\" criterion can *prevent* the algorithm from satisfying the \"gradient norm\" criterion.  If the function is particularly complex or the learning rate is poorly chosen, the gradient might not decrease sufficiently within the maximum number of iterations, even if a true minimum exists.  Conversely, a sufficiently small learning rate and a well-behaved function will typically allow the \"gradient norm\" criterion to be met well *before* the maximum iteration count is reached.  In this way, the maximum iteration count acts as a backup, ensuring the algorithm terminates even in challenging scenarios where precise convergence might be slow or impossible within a reasonable timeframe."
  },
  "QA_Pair_21": {
    "Question": "Here's a question and answer pair based on the provided text:\n\n**Question:** What does the notation \"RR-G RADIENT -D ESCENT $\\left(\\theta_{init},\\theta_{0init},\\upeta,\\upepsilon\\right)$\" likely represent?\n\n\n*",
    "Answer": "*  The notation likely represents a variant of gradient descent optimization algorithm.  \"RR-G\" might refer to a specific type or modification of the algorithm (perhaps related to regularization or a specific application).  $\\theta_{init}$ and $\\theta_{0init}$ are likely initial values for parameters (potentially weights and biases in a neural network or similar model). $\\upeta$ represents the learning rate, and $\\upepsilon$ likely represents a tolerance or stopping criterion (e.g., a threshold for the change in the objective function before the algorithm terminates).  The algorithm uses gradient descent to iteratively adjust the parameters ($\\theta$ and $\\theta_0$) until a convergence condition is met, as specified by $\\upepsilon$."
  },
  "QA_Pair_22": {
    "Question": "**Question:** What does the notation \"STOCHASTIC -G RADIENT -D ESCENT (Θinit ,η,f,∇Θf1 , . . . ,∇Θfn,T)\" represent?\n\n\n*",
    "Answer": "*  This notation represents a call to the Stochastic Gradient Descent (SGD) algorithm.  The parameters are:\n\n* **Θinit:** The initial values of the model parameters.\n* **η:** The learning rate (step size) of the algorithm.\n* **f:** The loss function to be minimized.\n* **∇Θf1 , . . . , ∇Θfn:** The gradients of the loss function with respect to the model parameters, calculated for n different data points or mini-batches.  This indicates that SGD is being used (not batch gradient descent).\n* **T:** The number of iterations (or epochs) the algorithm will run for."
  },
  "QA_Pair_23": {
    "Question": "**Question:**  Given the expression $\\nabla_{\\boldsymbol{\\theta}}\\left\\|\\boldsymbol{\\theta}\\right\\|^{2}$, where $\\boldsymbol{\\theta}$ is a d-dimensional vector, what is the shape (dimensions) of the resulting gradient vector  $\\nabla_{\\boldsymbol{\\theta}}\\left\\|\\boldsymbol{\\theta}\\right\\|^{2}$ and what is its value?\n\n\n*",
    "Answer": "* The shape of $\\nabla_{\\boldsymbol{\\theta}}\\left\\|\\boldsymbol{\\theta}\\right\\|^{2}$ is (d,).  It's a d-dimensional column vector (or a 1 x d row vector depending on convention).\n\nThe value of the gradient is $2\\boldsymbol{\\theta}$.  This is because:\n\n$\\left\\|\\boldsymbol{\\theta}\\right\\|^{2} = \\sum_{i=1}^{d} \\theta_i^2$\n\nTaking the partial derivative with respect to each $\\theta_i$:\n\n$\\frac{\\partial}{\\partial \\theta_i} \\left\\|\\boldsymbol{\\theta}\\right\\|^{2} = \\frac{\\partial}{\\partial \\theta_i} \\sum_{j=1}^{d} \\theta_j^2 = 2\\theta_i$\n\nTherefore, the gradient is:\n\n$\\nabla_{\\boldsymbol{\\theta}}\\left\\|\\boldsymbol{\\theta}\\right\\|^{2} = \\begin{bmatrix} 2\\theta_1 \\\\ 2\\theta_2 \\\\ \\vdots \\\\ 2\\theta_d \\end{bmatrix} = 2\\boldsymbol{\\theta}$"
  },
  "QA_Pair_24": {
    "Question": "**Question:**  What does the equation  $\\nabla_{\\theta}\\mathsf{J}=\\frac{2}{\\mathsf{n}}\\tilde{\\mathsf{X}}^{\\mathsf{T}}(\\tilde{\\mathsf{X}}\\theta-\\tilde{\\mathsf{Y}})$ represent, and what do the variables represent?  Explain the dimensions of the matrices and vectors involved.\n\n\n*",
    "Answer": "* The equation represents the gradient of a cost function (J) with respect to the parameter vector θ.  This is typically encountered in the context of linear regression or similar problems solved using gradient descent.\n\nLet's break down the variables and dimensions:\n\n* **θ:**  A column vector of parameters (e.g., weights in a linear regression model).  Its dimension is d x 1, where 'd' is the number of features.\n\n* **X̃:** A matrix of input features (data). Its dimension is n x d, where 'n' is the number of data points.  The tilde (~) likely indicates that the data has been preprocessed (e.g., centered or scaled).\n\n* **Ỹ:** A column vector of target values (labels) corresponding to the input features in X̃. Its dimension is n x 1.\n\n* **n:** The number of data points.\n\n* **∇<sub>θ</sub>J:** The gradient of the cost function J with respect to the parameters θ.  It's a column vector with the same dimension as θ (d x 1).  It indicates the direction of the steepest ascent of the cost function.\n\nThe equation calculates the gradient using the following steps:\n\n1. **X̃θ:** This performs a matrix-vector multiplication, resulting in an n x 1 vector of predicted values.\n\n2. **X̃θ - Ỹ:** This subtracts the predicted values from the actual values, resulting in an n x 1 vector of errors (residuals).\n\n3. **(X̃θ - Ỹ)<sup>T</sup>:** Transposes the error vector into a 1 x n row vector.\n\n4. **X̃<sup>T</sup>(X̃θ - Ỹ):** This multiplies the transposed error vector by the transpose of the feature matrix (d x n times n x 1), resulting in a d x 1 gradient vector.\n\n5. **(2/n)[X̃<sup>T</sup>(X̃θ - Ỹ)]:** This scales the gradient vector by a factor of 2/n, a common scaling factor in gradient descent updates for mean squared error cost functions.\n\n\nIn essence, the equation provides a way to calculate the direction and magnitude of the update needed for the parameter vector θ to reduce the cost function J, often used iteratively in optimization algorithms like gradient descent."
  },
  "QA_Pair_25": {
    "Question": "**Question:**  The provided plot shows gradient descent starting from two different initial points ($x_{init}$).  What key characteristic of the underlying function is illustrated by the fact that gradient descent converges to different local optima depending on the starting point?\n\n*",
    "Answer": "* The plot illustrates the presence of multiple local optima in the underlying function.  The gradient descent algorithm, which follows the steepest descent, gets \"stuck\" in the nearest local optimum, demonstrating that the function is not globally convex and has multiple minima."
  },
  "QA_Pair_26": {
    "Question": "Here's a question and answer pair based on the provided study question:\n\n\n**Question:**  In an optimization process where you begin far from the optimal solution, and η(t) represents a learning rate that decreases over time, will a slower decrease in η(t) lead to faster or slower convergence to the optimum?\n\n\n*",
    "Answer": "* A slower decrease in η(t) (a more slowly decreasing learning rate) will initially lead to *faster* movement towards the optimum.  This is because larger learning rates allow for larger steps in the search space. However,  it could potentially lead to *slower* convergence in the long run if the learning rate remains too high for too long, causing oscillations around the optimum and preventing precise convergence.  The optimal decay rate of η(t) balances the need for large initial steps with the requirement for fine-tuning near the optimum."
  },
  "QA_Pair_27": {
    "Question": "**Question:** What does the text suggest about the presented theorem and the concept of probability?\n\n*",
    "Answer": "* The text indicates that the theorem is incomplete, omitting some difficult or complex conditions.  It also implies that there's a nuanced distinction between events happening \"with probability one\" (almost surely) and events happening \"always,\" a distinction best understood through advanced study of probability."
  },
  "QA_Pair_28": {
    "Question": "**Question:** What is the expected outcome of gradient descent applied to a non-convex, sufficiently smooth function, even though a global minimum isn't guaranteed?\n\n*",
    "Answer": "* Gradient descent, given sufficient iterations and a small enough step size, is expected to converge to a point where the gradient is zero.  However, this point is not guaranteed to be a global minimum; it could be a local minimum or a saddle point."
  },
  "QA_Pair_29": {
    "Question": "**Question:** What does the equation  $\\mathsf{f}(\\Theta)=\\sum_{\\mathrm{i}=1}^{\\mathrm{n}}\\mathsf{f}_{\\mathrm{i}}(\\Theta)$ represent?\n\n*",
    "Answer": "* The equation represents a function $\\mathsf{f}(\\Theta)$ that is defined as the sum of  'n' individual functions, $\\mathsf{f}_{\\mathrm{i}}(\\Theta)$, where i ranges from 1 to n.  Each individual function, $\\mathsf{f}_{\\mathrm{i}}(\\Theta)$, likely depends on the parameter(s) denoted by $\\Theta$.  In essence, it shows that the overall function $\\mathsf{f}(\\Theta)$ is a composite or aggregate of several smaller functions."
  },
  "QA_Pair_30": {
    "Question": "**Question:**\n\nWhat termination criterion is suggested in the provided text, and what is its advantage regarding dimensionality?\n\n\n*",
    "Answer": "*\n\nThe suggested termination criterion is  $\\left|\\mathsf{f}(\\Theta^{(\\mathrm{t})})-\\mathsf{\\bar{f}}(\\Theta^{(\\mathrm{t}-1)})\\right|\\,<\\,\\epsilon$, where the difference between the function value at the current iteration ($\\Theta^{(t)}$) and the average function value at the previous iteration ($\\Theta^{(t-1)}$) is less than a small epsilon value ($\\epsilon$).  Its advantage is that it remains sensible and applicable regardless of the dimensionality of  $\\Theta$ (the parameter space), unlike other criteria that might be affected by the number of dimensions."
  },
  "QA_Pair_31": {
    "Question": "**Question:**  In the context of gradient descent, what is the significance of the hyperparameter  $\\boldsymbol\\upeta$, and why might the magnitude of the change to $\\Theta$ not be constant even if $\\boldsymbol\\upeta$ is constant?\n\n*",
    "Answer": "* The hyperparameter $\\boldsymbol\\upeta$ represents the learning rate in gradient descent.  Even if the learning rate $\\boldsymbol\\upeta$ is a constant value, the magnitude of the change to the parameter $\\Theta$ (the update step) will vary because it's directly proportional to the magnitude of the gradient.  A larger gradient will result in a larger update to $\\Theta$, while a smaller gradient will lead to a smaller update, even with a fixed learning rate."
  },
  "QA_Pair_32": {
    "Question": "**Question:**  Why is choosing a stopping criterion more challenging for Stochastic Gradient Descent (SGD) compared to traditional gradient descent, and what simple stopping criterion is used in the provided text?\n\n*",
    "Answer": "*  Choosing a stopping criterion is more challenging for SGD because the iterative updates are noisier and less predictable than in traditional gradient descent. The text uses a simple stopping criterion: stopping after a fixed number of iterations, *T*."
  },
  "QA_Pair_33": {
    "Question": "**Question:**  Based on the provided text (which is missing), which termination criteria, discussed in the context of a 1D case, explicitly rely on the assumption that  Θ is a one-dimensional variable?\n\n\n*",
    "Answer": "*  (This answer section will need to be filled in once the text describing the termination criteria is provided. The answer should list the specific termination criteria that depend on Θ being one-dimensional.  For example, a possible answer might be: \"The criteria based on the gradient of Θ and the criteria related to the magnitude of the change in Θ in each iteration both explicitly assume Θ is one-dimensional because those operations are only well-defined for scalar values.\")"
  },
  "QA_Pair_34": {
    "Question": "**Question:**\n\nExplain the equation:\n\n$$\n\\boldsymbol{\\theta}^{(\\mathrm{t})}=\\boldsymbol{\\theta}^{(\\mathrm{t-1})}-\\boldsymbol{\\eta}\\frac{2}{\\ n}\\sum_{\\mathrm{i}=1}^{\\ n}\\left(\\left[\\boldsymbol{\\theta}^{(\\mathrm{t}-1)}\\right]^{\\mathsf{T}}\\boldsymbol{x}^{(\\mathrm{i})}-\\boldsymbol{\\mathrm{y}}^{(\\mathrm{i})}\\right)\\boldsymbol{x}^{(\\mathrm{i})}\\,.\n$$\n\nWhat algorithm does it represent, and what do the individual components represent?\n\n\n*",
    "Answer": "*\n\nThis equation represents a single step of **gradient descent** applied to **linear regression**.  Let's break down the components:\n\n* **θ<sup>(t)</sup>:** This represents the vector of model parameters (weights) at iteration *t*.  It's what the algorithm is trying to optimize.\n\n* **θ<sup>(t-1)</sup>:** This is the vector of model parameters at the previous iteration (t-1).  The algorithm starts with an initial guess for θ and iteratively refines it.\n\n* **η:** This is the **learning rate**, a hyperparameter that controls the step size in each iteration.  A smaller η leads to slower but potentially more stable convergence, while a larger η can speed up convergence but risk overshooting the optimum.\n\n* **n:** This is the number of data points in the training set.\n\n* **x<sup>(i)</sup>:** This is the *i*-th feature vector (input data point).\n\n* **y<sup>(i)</sup>:** This is the *i*-th target value (ground truth label) corresponding to x<sup>(i)</sup>.\n\n* **[θ<sup>(t-1)</sup>]<sup>T</sup>x<sup>(i)</sup>:** This is the linear model's prediction for the *i*-th data point using the parameters from the previous iteration.  It's the dot product of the parameter vector and the input vector.\n\n* **[θ<sup>(t-1)</sup>]<sup>T</sup>x<sup>(i)</sup> - y<sup>(i)</sup>:** This is the error (residual) of the prediction for the *i*-th data point.  It's the difference between the model's prediction and the true value.\n\n* **Σ<sub>i=1</sub><sup>n</sup>([θ<sup>(t-1)</sup>]<sup>T</sup>x<sup>(i)</sup> - y<sup>(i)</sup>)x<sup>(i)</sup>:** This is the sum of the errors multiplied by their corresponding feature vectors.  This represents the gradient of the mean squared error (MSE) cost function with respect to θ.  The gradient indicates the direction of the steepest ascent of the error.\n\n\nIn essence, the equation updates the parameter vector by moving it in the opposite direction of the gradient (descent) by a step size proportional to the learning rate.  The factor of 2/n is a normalization factor related to the derivative of the MSE cost function.  The algorithm iteratively repeats this process until the parameters converge to a minimum of the error function or a stopping criterion is met."
  },
  "QA_Pair_35": {
    "Question": "**Question:**  Explain the analogy used to describe the process of gradient descent in the given text.\n\n*",
    "Answer": "* The text uses the analogy of a surface representing the cost function J(Θ).  Gradient descent is described as starting at a random point on this surface and iteratively taking small steps in the direction of the steepest descent (the direction the \"hill\" goes down most steeply) until reaching the lowest point on the surface, which represents the optimal value of Θ."
  },
  "QA_Pair_36": {
    "Question": "**Question:**  Besides a sufficiently small change in the function *f*, what are some other reasonable ways to determine termination of the described algorithm?\n\n\n*",
    "Answer": "* The provided text only states that there are \"many other reasonable ways\" but doesn't specify them.  Therefore, a complete answer would require further information or speculation on alternative termination criteria.  Possible examples could include:\n\n* Reaching a maximum number of iterations.\n* Reaching a predetermined level of accuracy in the solution.\n* Detecting divergence of the iterative process.\n* A time limit being reached.\n* Satisfying a specific condition related to the problem being solved (e.g., reaching a target value)."
  },
  "QA_Pair_37": {
    "Question": "**Question:** What method is suggested for computing matrix derivatives, and what resource is referenced for further information?\n\n*",
    "Answer": "* The suggested method is to compute the partial derivative of J with respect to each component  of θ.  Appendix A on matrix derivatives provides further details."
  },
  "QA_Pair_38": {
    "Question": "**Question:** What is the first step in formulating a machine-learning regression problem as an optimization problem, and what specific loss function was discussed in the context of this step?\n\n*",
    "Answer": "* The first step is choosing a loss function.  The text specifically mentions the mean square loss, which calculates loss as the square of the difference between the guess and the actual value (guess − actual)²."
  },
  "QA_Pair_39": {
    "Question": "**Question:**  What are two methods for solving the linear regression problem, with one offering an analytical solution and the other a numerical solution?\n\n*",
    "Answer": "*  One method is to obtain an analytical solution directly through mathematical calculation.  The other is to use gradient descent, a numerical iterative method that applies an update rule to progressively refine an approximate solution."
  },
  "QA_Pair_40": {
    "Question": "That's not a complete question; it lacks context. To make it a proper question and answer pair, we need the text that line 7 refers to.  Let's assume line 7 is part of a mathematical derivation or code snippet involving the parameter λ (lambda).\n\n**Question:** In the following code snippet (or mathematical derivation), line 7 does not contain the parameter λ. Is this correct, and if not, why?\n\n\n```python\n# ... preceding code ...\nline 5:  result = a * lambda_value + b\nline 6:  if result > 10:\nline 7:  print(\"Result is greater than 10\")\n# ... subsequent code ...\n```\n\n\n*",
    "Answer": "*  Whether the absence of λ in line 7 is correct depends entirely on the surrounding context and the intended logic of the code (or derivation).  In this example, line 7 simply prints a message based on the result calculated in line 5.  The value of λ is already incorporated into the `result` variable.  Therefore, its absence in line 7 is expected and correct.  However, if the later part of the code depends on the value of λ directly, then its omission from line 7 might indicate an error. To definitively answer this, the full code (or derivation) must be examined to understand the role of λ in the overall computation."
  },
  "QA_Pair_41": {
    "Question": "**Question:**  What are three criteria that can be used to determine when to stop an iterative optimization process involving a parameter Θ and a function f?\n\n*",
    "Answer": "* Three stopping criteria are:\n\n1.  Stopping after a fixed number of iterations (T), regardless of convergence.\n2.  Stopping when the change in the parameter Θ between successive iterations is smaller than a predefined threshold (ε).\n3.  Stopping when the absolute value of the derivative of the function f evaluated at the latest value of Θ is smaller than a predefined threshold (ε)."
  },
  "QA_Pair_42": {
    "Question": "**Question:**  How does the provided text describe the modification to the algorithm?\n\n*",
    "Answer": "* The text states that only the update step on line 5 of the algorithm is changed; the rest of the algorithm remains unchanged.  The specific nature of the change to line 5 is not described."
  },
  "QA_Pair_43": {
    "Question": "**Question:** What is the defining characteristic of a convex function?\n\n*",
    "Answer": "* A function is convex if the line segment connecting any two points on its graph lies above or on the graph itself."
  },
  "QA_Pair_44": {
    "Question": "**Question:**\n\nDescribe the algorithm represented by the given pseudocode, including the purpose of each step and the overall approach.  What type of optimization algorithm is this?\n\n*",
    "Answer": "*\n\nThe pseudocode describes a stochastic gradient descent (SGD) algorithm.  Let's break down each step:\n\n* **Step 1:**  Initializes the model parameters  Θ to some initial values Θ<sub>init</sub>.\n\n* **Step 2:** This is the outer loop, iterating for a total of T steps (epochs).\n\n* **Step 3:** Randomly selects an index *i* from the dataset of size *n*. This means only a single data point (or a small mini-batch in a more sophisticated implementation) is used to compute the gradient in each iteration, making it stochastic.\n\n* **Step 4:** This is the core of the SGD update.  It updates the model parameters Θ.  `∇<sub>Θ</sub>f<sub>i</sub>(Θ<sup>(t-1)</sup>)` calculates the gradient of the loss function f<sub>i</sub> (loss for the i-th data point) with respect to the parameters Θ, evaluated at the current parameter values Θ<sup>(t-1)</sup>.  η(t) is the learning rate at iteration t, which controls the step size of the update. The update rule moves the parameters in the opposite direction of the gradient, aiming to minimize the loss.\n\n* **Step 5:** Returns the model parameters after T iterations.\n\nIn summary, the algorithm iteratively updates model parameters using the gradient of the loss function calculated on randomly selected data points.  This stochastic approach is computationally efficient, especially for large datasets, as it doesn't require calculating the gradient over the entire dataset in each iteration.  The randomness also helps to escape local minima."
  },
  "QA_Pair_45": {
    "Question": "**Question:** What is the gradient descent algorithm for ridge regression, in summary?\n\n*",
    "Answer": "* The provided text snippet only shows a fragment of the algorithm, stating that it's a synthesis of components not explicitly detailed.  A complete answer would require the full algorithm, but the snippet indicates it uses a gradient descent approach to solve the ridge regression problem.  Ridge regression itself adds a penalty term to ordinary least squares regression to prevent overfitting."
  },
  "QA_Pair_46": {
    "Question": "**Question:** What are the roles of the two conditions, one on $\\sum\\mathsf{\\boldsymbol{\\mathsf{n}}(t)}$ and the other on $\\sum\\mathsf{\\boldsymbol{\\upeta}}(\\mathsf{t})^{2}$, in the described process?\n\n*",
    "Answer": "* The condition on $\\sum\\mathsf{\\boldsymbol{\\mathsf{n}}(t)}$ allows for potentially unbounded exploration of the potential range, while the condition on $\\sum\\mathsf{\\boldsymbol{\\upeta}}(\\mathsf{t})^{2}$ ensures that the step sizes decrease as time (t) increases."
  },
  "QA_Pair_47": {
    "Question": "**Question:** What is the expression representing the Ridge regression cost function, and what do the individual terms represent?\n\n\n*",
    "Answer": "* The expression  $$ \\mathrm{J_{ridge}}(\\theta,\\theta_{0})=\\frac{1}{\\mathfrak{n}}\\sum_{\\mathrm{i}=1}^{\\mathfrak{n}}\\left(\\Theta^{\\mathsf{T}}x^{(\\mathrm{i})}+\\Theta_{0}-\\mathfrak{y}^{(\\mathrm{i})}\\right)^{2}+\\lambda\\|\\theta\\|^{2} $$ represents the Ridge regression cost function.  It consists of two main terms:\n\n1. **$\\frac{1}{\\mathfrak{n}}\\sum_{\\mathrm{i}=1}^{\\mathfrak{n}}\\left(\\Theta^{\\mathsf{T}}x^{(\\mathrm{i})}+\\Theta_{0}-\\mathfrak{y}^{(\\mathrm{i})}\\right)^{2}$:** This is the mean squared error (MSE) term. It measures the average squared difference between the predicted values ($\\Theta^{\\mathsf{T}}x^{(\\mathrm{i})}+\\Theta_{0}$) and the actual values ($\\mathfrak{y}^{(\\mathrm{i)}}$) of the dependent variable.  Here,  $\\Theta$ represents the model's weights, $\\Theta_{0}$ is the bias term (intercept), $x^{(\\mathrm{i)}}$ is the i-th data point's features, and $\\mathfrak{n}$ is the number of data points.\n\n2. **$\\lambda\\|\\theta\\|^{2}$:** This is the regularization term (L2 regularization). It penalizes large magnitudes of the weights ($\\theta$).  $\\lambda$ is the regularization parameter, controlling the strength of the penalty.  A larger $\\lambda$ leads to stronger regularization and smaller weights, preventing overfitting.  $\\|\\theta\\|^2$ represents the L2 norm (sum of squared weights) of the weight vector $\\theta$."
  }
}