{
  "QA_Pair_1": {
    "Question": "**Question:** What is the role of the objective function in selecting parameters for a hypothesis?\n\n*",
    "Answer": "* The objective function quantifies our preference for different hypotheses (represented by parameters Θ).  We aim to find parameter values (Θ) that *minimize* the objective function, as this indicates the most preferred or best-fitting hypothesis."
  },
  "QA_Pair_2": {
    "Question": "**Question:** What is the crucial characteristic of a useful hypothesis, and what assumption is typically made to ensure this characteristic holds true in real-world applications?\n\n*",
    "Answer": "* A useful hypothesis is one that makes accurate predictions on new, unseen data.  Because we can't predict precisely what future data the hypothesis will encounter, we assume a connection or similarity between the data used to train the hypothesis (training data) and the data it will encounter in the real world (testing data)."
  },
  "QA_Pair_3": {
    "Question": "**Question:** What is the mathematical representation given, and what does it likely represent?\n\n\n*",
    "Answer": "* The given mathematical representation is a linear equation:  h(x; θ, θ₀) = θᵀx + θ₀.  This likely represents a linear hypothesis function, commonly used in machine learning, particularly in linear regression.  Here:\n\n* **h(x; θ, θ₀)** is the predicted output or hypothesis.\n* **x** is the input vector (features).\n* **θ** is a vector of model parameters (weights).\n* **θ₀** is the bias term (intercept).\n* **θᵀ** represents the transpose of the θ vector, indicating a dot product between θ and x.\n\nThe equation calculates a weighted sum of the input features plus a bias term to produce a linear prediction."
  },
  "QA_Pair_4": {
    "Question": "**Question:** What type of machine learning problem is regression, and what kind of data is used to train a regression model?\n\n*",
    "Answer": "* Regression is a supervised learning problem.  It is trained using a dataset consisting of input features and corresponding numerical output values (targets or labels)."
  },
  "QA_Pair_5": {
    "Question": "**Question:** In the given text, what does the semicolon in a mathematical context represent regarding the function's arguments?\n\n*",
    "Answer": "* The semicolon indicates that the function is primarily considered a function of the arguments preceding it, but there's also a secondary, implicit dependence on the arguments following it.  It's a way of highlighting the primary variables while acknowledging other influencing factors."
  },
  "QA_Pair_6": {
    "Question": "**Question:** What is stated about regression in the provided text regarding its role in machine learning?\n\n*",
    "Answer": "* The text states that regression is an important machine learning problem and a good starting point for learning the field more deeply."
  },
  "QA_Pair_7": {
    "Question": "**Question:**  What is the significance of the \"$\\mathfrak{n^{\\prime}}$ new examples\" in relation to the function *h*?\n\n*",
    "Answer": "* The $\\mathfrak{n^{\\prime}}$ new examples were not used to create the function *h*.  They represent a held-out test set, used to evaluate the performance or generalization ability of *h* on unseen data.  In other words, they are used to assess how well *h* generalizes beyond the training data."
  },
  "QA_Pair_8": {
    "Question": "**Question:** What does the equation  $$\n\\nabla_{\\Theta}\\boldsymbol{\\mathrm{J}}=\\left[\\!\\!\\begin{array}{c}{\\hat{\\boldsymbol{0}}\\boldsymbol{\\mathrm{J}}/\\hat{\\boldsymbol{0}}\\theta_{1}}\\\\ {\\vdots}\\\\ {\\hat{\\boldsymbol{0}}\\boldsymbol{\\mathrm{J}}/\\hat{\\boldsymbol{0}}\\theta_{\\mathrm{d}}}\\end{array}\\!\\!\\right].\n$$ represent, and what do the symbols represent?\n\n\n*",
    "Answer": "* The equation represents the gradient of a cost function (or objective function)  **J** with respect to a parameter vector **Θ**.  It's a vector of partial derivatives.\n\n* **∇<sub>Θ</sub>J:** This denotes the gradient of the cost function **J** with respect to the parameter vector **Θ**.  The gradient points in the direction of the steepest ascent of the cost function.\n\n* **Θ:** This is a vector of parameters  θ<sub>1</sub>, θ<sub>2</sub>, ..., θ<sub>d</sub>.  These are the variables that the optimization algorithm adjusts to minimize the cost function.\n\n* **∂J/∂θ<sub>i</sub>:** This represents the partial derivative of the cost function **J** with respect to the i-th parameter θ<sub>i</sub>.  It quantifies how much the cost function changes when θ<sub>i</sub> is slightly altered, holding all other parameters constant.\n\n* **d:** This represents the dimensionality of the parameter vector **Θ** (the number of parameters).\n\nIn essence, this equation provides a vector indicating the direction and magnitude of the steepest ascent of the cost function in the parameter space.  This is crucial in optimization algorithms (like gradient descent) because it guides the adjustment of parameters to minimize the cost function.  The notation uses a slightly unconventional partial derivative symbol (∂), often replaced by a more standard ∂ symbol in similar contexts."
  },
  "QA_Pair_9": {
    "Question": "**Question:** What common approach is used to determine an optimal value for a hyper-parameter in machine learning?\n\n*",
    "Answer": "*  A common approach is to try a wide range of hyper-parameter values and evaluate their performance using validation or cross-validation, selecting the value that yields the best results."
  },
  "QA_Pair_10": {
    "Question": "**Question:** What is the author's opinion of the described learning algorithm?\n\n*",
    "Answer": "* The author finds the algorithm somewhat silly but acknowledges its value as a learning tool and its non-total uselessness."
  },
  "QA_Pair_11": {
    "Question": "Here's a question and answer pair based on the provided text snippet:\n\n\n**Question:** What is a common way to define a regularizer in machine learning?\n\n\n*",
    "Answer": "* A common strategy is to use a specific mathematical form (although the text snippet itself doesn't provide that form, it indicates there *is* a common form used).  The exact form would need to be specified within the complete context of the text from which this snippet is taken."
  },
  "QA_Pair_12": {
    "Question": "**Question:**  How does ridge regression address the problems of non-invertible $(\\tilde{X}^{\\top}\\tilde{X})^{-1}$ and overfitting in linear regression?\n\n*",
    "Answer": "* Ridge regression adds a regularization term, λ‖θ‖², to the ordinary least squares (OLS) objective function. This term penalizes large values of the model's parameters (θ).  This addition helps prevent overfitting by shrinking the coefficients, and it also addresses the problem of a non-invertible $(\\tilde{X}^{\\top}\\tilde{X})^{-1}$ (which often arises from multicollinearity or insufficient data) by making the matrix more numerically stable, allowing for a solution even when the original matrix is singular.  The parameter λ controls the balance between minimizing the training error and the size of the coefficients."
  },
  "QA_Pair_13": {
    "Question": "Here's a question and answer pair based on the provided text:\n\n\n**Question:** What is a frequently used objective in machine learning?\n\n\n*",
    "Answer": "* A very common objective in machine learning is minimizing a loss function.  (The provided text fragment is incomplete, but this is a logical and accurate completion based on common machine learning practices.)"
  },
  "QA_Pair_14": {
    "Question": "**Question:**  How do hyperparameters differ from parameters in a machine learning algorithm, using ridge regression as an example?\n\n*",
    "Answer": "* Hyperparameters, like λ in ridge regression, control the learning process itself, influencing which hypothesis the algorithm produces (by affecting the optimization process).  However,  hyperparameters are *not* part of the final learned hypothesis (which is represented by the parameters θ and θ₀).  The hypothesis itself only includes the learned parameters (θ and θ₀)."
  },
  "QA_Pair_15": {
    "Question": "**Question:** Given a dataset consisting of the same point repeated twice,  $\\mathbf{x}^{(1)} = \\mathbf{x}^{(2)} = \\begin{bmatrix} 1 \\\\ 2 \\end{bmatrix}$,  calculate the matrix $\\tilde{X}$, $\\tilde{X}^T \\tilde{X}$, and $(\\tilde{X}^T \\tilde{X})^{-1}$, assuming $\\tilde{X}$ is the design matrix with a column of 1s added.\n\n*",
    "Answer": "*\n\n1. **Calculating $\\tilde{X}$:**  Since we have two data points and each point has two features, the design matrix $\\tilde{X}$ will be a 2x2 matrix.  We add a column of 1s to represent the intercept term:\n\n   $\\tilde{X} = \\begin{bmatrix} 1 & 1 \\\\ 1 & 2 \\end{bmatrix}$\n\n\n2. **Calculating $\\tilde{X}^T \\tilde{X}$:**\n\n   $\\tilde{X}^T \\tilde{X} = \\begin{bmatrix} 1 & 1 \\\\ 1 & 2 \\end{bmatrix}^T \\begin{bmatrix} 1 & 1 \\\\ 1 & 2 \\end{bmatrix} = \\begin{bmatrix} 1 & 1 \\\\ 1 & 2 \\end{bmatrix} \\begin{bmatrix} 1 & 1 \\\\ 1 & 2 \\end{bmatrix} = \\begin{bmatrix} 2 & 3 \\\\ 3 & 5 \\end{bmatrix}$\n\n\n3. **Calculating $(\\tilde{X}^T \\tilde{X})^{-1}$:**\n\n   To find the inverse, we can use the formula for the inverse of a 2x2 matrix:  For a matrix $\\begin{bmatrix} a & b \\\\ c & d \\end{bmatrix}$, the inverse is $\\frac{1}{ad-bc}\\begin{bmatrix} d & -b \\\\ -c & a \\end{bmatrix}$.\n\n   Therefore:\n\n   $(\\tilde{X}^T \\tilde{X})^{-1} = \\frac{1}{(2)(5) - (3)(3)} \\begin{bmatrix} 5 & -3 \\\\ -3 & 2 \\end{bmatrix} = \\frac{1}{1} \\begin{bmatrix} 5 & -3 \\\\ -3 & 2 \\end{bmatrix} = \\begin{bmatrix} 5 & -3 \\\\ -3 & 2 \\end{bmatrix}$\n\n\nTherefore,  $\\tilde{X} = \\begin{bmatrix} 1 & 1 \\\\ 1 & 2 \\end{bmatrix}$, $\\tilde{X}^T \\tilde{X} = \\begin{bmatrix} 2 & 3 \\\\ 3 & 5 \\end{bmatrix}$, and $(\\tilde{X}^T \\tilde{X})^{-1} = \\begin{bmatrix} 5 & -3 \\\\ -3 & 2 \\end{bmatrix}$."
  },
  "QA_Pair_16": {
    "Question": "**Question:**  What analogy is used in the text to illustrate the concept of evaluating a student's ability to generalize, and what does the analogy compare?\n\n*",
    "Answer": "* The analogy used is comparing problem sets to evaluating generalization ability.  The homework assignments are compared to a \"training set,\" while the exam questions are compared to unseen questions designed to assess whether the student can generalize their learned skills to new problems."
  },
  "QA_Pair_17": {
    "Question": "**Question:** What two key components are needed to make the discussion about machine learning more specific and less abstract?\n\n*",
    "Answer": "* A hypothesis class and a loss function."
  },
  "QA_Pair_18": {
    "Question": "**Question:** What is the mathematical form of the model described in the text, and what geometric object does it represent in one dimension and higher dimensions?\n\n\n*",
    "Answer": "* The model is described with parameters Θ = (θ, θ₀).  In one dimension (d=1), it takes the familiar slope-intercept form similar to y = mx + b. In higher dimensions, this model represents hyperplanes."
  },
  "QA_Pair_19": {
    "Question": "**Question:**  Explain why adding a feature with a constant value of 1 to every input vector and removing the θ₀ parameter from a linear regression model is mathematically equivalent to the original model which includes θ₀.\n\n\n*",
    "Answer": "*  In the original linear regression model, we have  h<sub>θ</sub>(x) = θ₀ + θ₁x₁ + θ₂x₂ + ... + θ<sub>n</sub>x<sub>n</sub>.  By adding a feature x₀ with a constant value of 1 to each input vector, we can rewrite the model as:\n\nh<sub>θ</sub>(x) = θ₀x₀ + θ₁x₁ + θ₂x₂ + ... + θ<sub>n</sub>x<sub>n</sub>.\n\nNotice that since x₀ is always 1,  θ₀x₀ is simply θ₀. This new representation is mathematically identical to the original.  Removing the separate θ₀ parameter and incorporating it into the summation as θ₀x₀ achieves the same result – it just changes how the parameters are represented, not the underlying function. The model's predictive capabilities remain unchanged.  Therefore, adding the constant feature x₀ = 1 and removing the intercept parameter θ₀ produces an equivalent model."
  },
  "QA_Pair_20": {
    "Question": "**Question:** What assumption is being made about the training and testing data in the given statement?\n\n*",
    "Answer": "* The assumption is that the training and testing data are independently and identically distributed (i.i.d.), meaning they are drawn from the same underlying probability distribution, and each data point's selection is independent of the others."
  },
  "QA_Pair_21": {
    "Question": "**Question:**  What does the boxed \"h\" represent in the given equation  `x → h → y`?\n\n*",
    "Answer": "* The boxed \"h\" represents a function or transformation that maps the input *x* to the output *y*.  It describes a process where *x* is transformed into *y* through some operation denoted by *h*."
  },
  "QA_Pair_22": {
    "Question": "**Question:** What is the significance of this section's mention of \"learning algorithms generally\"?\n\n*",
    "Answer": "*  The section highlights that the concepts discussed (in this case, evaluating an algorithm) apply broadly to all learning algorithms, not just the specific one being introduced.  It's a transition point emphasizing the wider applicability of the evaluation techniques."
  },
  "QA_Pair_23": {
    "Question": "**Question:**  Describe the process used for training and evaluating the model based on the provided text.\n\n*",
    "Answer": "* The model is trained using a subset of the big data source as a training set.  Its performance is then evaluated on a separate validation set, also drawn from the same big data source but distinct from the training set to prevent overfitting and provide a more realistic assessment of generalization capabilities."
  },
  "QA_Pair_24": {
    "Question": "**Question:** What does the phrase \"And the dimensions work out!\" imply?\n\n*",
    "Answer": "* It implies that a calculation or measurement involving dimensions (length, width, height, etc.) has produced a satisfactory or expected result.  It suggests that something fits perfectly or as planned."
  },
  "QA_Pair_25": {
    "Question": "**Question:** What is the initial class of hypotheses chosen for modeling the relationship between x and y in the given text, and why is this choice considered advantageous?\n\n*",
    "Answer": "* The initial class of hypotheses is a simple class of linear hypotheses for regression.  This choice is advantageous because it is easy to study and very powerful, serving as a foundation for more complex techniques like neural networks."
  },
  "QA_Pair_26": {
    "Question": "**Question:**  What are the more advanced machine learning terms used to describe structural error and estimation error, respectively?\n\n*",
    "Answer": "* Structural error is referred to as bias, and estimation error is referred to as variance."
  },
  "QA_Pair_27": {
    "Question": "**Question:**  What does the notation  $\\mathfrak{D}_{\\mathfrak{n}}\\longrightarrow\\left[\\mathrm{learning~alg~(\\mathcal{H})}\\right]\\longrightarrow\\mathfrak{h}$ represent in the context of machine learning?\n\n\n*",
    "Answer": "* This notation represents a simplified depiction of a machine learning pipeline.  $\\mathfrak{D}_{\\mathfrak{n}}$ represents a dataset of size $\\mathfrak{n}$. This dataset is input into a learning algorithm, denoted by  $\\left[\\mathrm{learning~alg~(\\mathcal{H})}\\right]$, where $\\mathcal{H}$ represents the hypothesis space (the set of possible models the algorithm can learn). The output of the learning algorithm is a learned hypothesis (or model), denoted by $\\mathfrak{h}$.  In short, it shows how a dataset is used to train a model."
  },
  "QA_Pair_28": {
    "Question": "**Question:**  What is the method described for finding the derivative in the given text, and what is the result of applying this method?\n\n*",
    "Answer": "* The text describes setting the gradient of the cost function J with respect to theta (∇<sub>θ</sub>J) equal to zero and solving the resulting equation.  This is a common approach for finding the optimal parameters (θ) in many machine learning algorithms, particularly those involving optimization through gradient descent.  The specific solution for θ is not provided in the text; only the method is described."
  },
  "QA_Pair_29": {
    "Question": "**Question:** What is the primary metric of concern when evaluating a learned hypothesis (h), and why is it preferred over training error?\n\n*",
    "Answer": "* The primary metric of concern is test error. While training error indicates how well the hypothesis fits the training data, test error is more important because it reflects how well the hypothesis generalizes to unseen data, which is the ultimate goal of machine learning.  We care more about how well the model performs on new, previously unseen data than how well it memorizes the training data."
  },
  "QA_Pair_30": {
    "Question": "**Question:**  Why is the Gaussian distribution particularly well-suited for use with squared loss functions?\n\n*",
    "Answer": "* The Gaussian distribution is symmetric, and squared loss functions are also symmetric. This symmetry makes them a compatible pair."
  },
  "QA_Pair_31": {
    "Question": "**Question:**  What does the equation  $\\mathcal{L}(\\mathbf{\\boldsymbol{g}},\\mathbf{\\boldsymbol{a}})=(\\mathbf{\\boldsymbol{g}}-\\mathbf{\\boldsymbol{a}})^{2}$ represent, and what are the likely meanings of  $\\mathbf{\\boldsymbol{g}}$ and $\\mathbf{\\boldsymbol{a}}$?\n\n\n*",
    "Answer": "* The equation $\\mathcal{L}(\\mathbf{\\boldsymbol{g}},\\mathbf{\\boldsymbol{a}})=(\\mathbf{\\boldsymbol{g}}-\\mathbf{\\boldsymbol{a}})^{2}$ represents a loss function, likely a squared error loss.  $\\mathbf{\\boldsymbol{g}}$ probably represents a ground truth value or target, while $\\mathbf{\\boldsymbol{a}}$ likely represents an approximation or prediction.  The function calculates the squared difference between the ground truth and the approximation, quantifying the error.  Minimizing this loss function is a common goal in many machine learning and optimization problems."
  },
  "QA_Pair_32": {
    "Question": "**Question:** What does cross-validation evaluate, according to the provided text?\n\n*",
    "Answer": "* Cross-validation evaluates the learning algorithm that produces hypotheses, not a single particular hypothesis itself."
  },
  "QA_Pair_33": {
    "Question": "**Question:** What is test error in the context of the given text, and how does it relate to the mean square error?\n\n*",
    "Answer": "* Test error measures the performance of a hypothesis (h) on unseen data.  It's calculated as the mean square error on a test set, using a formula nearly identical to the one used for training error, but the index (i) ranges over the test set instead of the training set."
  },
  "QA_Pair_34": {
    "Question": "**Question:** What is a structural error in machine learning, and provide an example?\n\n*",
    "Answer": "* A structural error occurs when the chosen hypothesis space (the set of possible models, denoted as  $\\mathcal{H}$) is insufficient to accurately model the underlying data generating process.  This means no hypothesis within $\\mathcal{H}$ can achieve good performance, regardless of the training algorithm used. For example, if the data is generated by a sine wave but the model attempts to fit a straight line (a linear model), the resulting error is a structural error because a line simply cannot capture the oscillatory nature of a sine wave, no matter how well it's parameterized."
  },
  "QA_Pair_35": {
    "Question": "**Question:**  What is the role of the regularizer and the constant λ in the loss function described in the text?\n\n*",
    "Answer": "* The regularizer is a term added to the loss function that encourages the prediction to generalize well to unseen data, preventing overfitting to the training data. The constant λ controls the balance between fitting the training data (minimizing the loss) and generalizing to unseen data (the influence of the regularizer).  A larger λ emphasizes generalization, while a smaller λ prioritizes fitting the training data."
  },
  "QA_Pair_36": {
    "Question": "**Question:** What is the purpose of introducing a loss function in the context of the provided text?\n\n*",
    "Answer": "* The loss function quantifies the error or unhappiness when a model predicts an output (e.g., 9) that differs from the desired or actual output (e.g., 'a') for a given input (x).  It's essential for making the discussion of model performance more specific and measurable."
  },
  "QA_Pair_37": {
    "Question": "**Question:** What does the notation $\\mathcal{D}_{\\mathfrak{n}}=\\left\\{\\left(x^{(1)},\\mathfrak{y}^{(1)}\\right),\\ldots,\\left(x^{(\\mathfrak{n})},\\mathfrak{y}^{(\\mathfrak{n})}\\right)\\right\\}$ represent?\n\n\n*",
    "Answer": "*  The notation represents a dataset $\\mathcal{D}_{\\mathfrak{n}}$ containing $\\mathfrak{n}$ data points. Each data point is a pair $(x^{(i)}, \\mathfrak{y}^{(i)})$, where $x^{(i)}$ is the input and $\\mathfrak{y}^{(i)}$ is the corresponding output or label.  The superscript $(i)$ denotes the index of the data point, ranging from 1 to $\\mathfrak{n}$.  The use of fraktur font ($\\mathfrak{n}$, $\\mathfrak{y}$) suggests that the variables may represent more complex objects than simple scalars (e.g., vectors or matrices)."
  },
  "QA_Pair_38": {
    "Question": "**Question:** What does the term \"closed form\" mean in the context of mathematical expressions, and why is equation 2.5 (not shown in the provided text) considered *not* to be in closed form?\n\n\n*",
    "Answer": "*  In mathematics, a \"closed form\" expression is one that can be evaluated directly using a finite number of standard operations, such as arithmetic operations (+, -, *, /), trigonometric functions (sin, cos, tan, etc.), exponentiation, logarithms, and roots.  Equation 2.5 is not in closed form because its solution cannot be found using only a finite number of these standard operations; the method or operations required to obtain the solution are unclear."
  },
  "QA_Pair_39": {
    "Question": "**Question:** What is the purpose of the objective function in Equation 2.2, and what regularization technique is mentioned as a solution for linear regression?\n\n*",
    "Answer": "* The objective function in Equation 2.2 balances memorization of the training data (achieved by the loss term) with generalization to unseen data (achieved by the regularization term).  Ridge regression is presented as one popular regularization technique to address this need specifically within the context of linear regression."
  },
  "QA_Pair_40": {
    "Question": "Here's a question and answer pair based on the study question:\n\n\n**Question:**  Explain how you would employ k-fold cross-validation to select the best model (either analytic ridge regression or a random regression algorithm) and to simultaneously determine the optimal hyperparameters (K for random regression and λ for ridge regression).\n\n\n*",
    "Answer": "*\n\nWe can use nested cross-validation to address this problem.  The outer loop will perform model selection (ridge regression vs. random regression), while the inner loop will optimize the hyperparameters for each model.\n\n1. **Outer Loop (Model Selection):**  Divide the dataset into *k* folds. For each fold, use the remaining *k-1* folds as the training set and the held-out fold as the validation set.\n\n2. **Inner Loop (Hyperparameter Tuning):** For *each* model (ridge regression and random regression), perform an inner k-fold cross-validation on the training set from the outer loop.  This inner loop will:\n\n    * **Ridge Regression:** Test a range of λ values (e.g., using a logarithmic scale).  For each λ, train a ridge regression model on the inner training folds and evaluate its performance on the inner validation folds.  Select the λ that yields the best average performance across the inner folds (e.g., lowest mean squared error).\n\n    * **Random Regression:** Test a range of K values (number of random regressors). For each K, train a random regression model on the inner training folds and evaluate its performance on the inner validation folds.  Select the K that yields the best average performance across the inner folds.\n\n3. **Outer Loop Evaluation:** After the inner loop selects the optimal λ for ridge regression and K for random regression, train *both* models (with their respective optimal hyperparameters) using the entire training set (k-1 folds) from the outer loop. Evaluate the performance of both models on the held-out fold (validation set) from the outer loop.\n\n4. **Model Selection:** Repeat steps 1-3 for each of the *k* folds in the outer loop.  After all *k* iterations, average the performance (e.g., using mean squared error) of each model (ridge and random regression) across the *k* validation sets. The model with the best average performance is selected as the superior model.\n\nThis nested cross-validation approach ensures that the hyperparameter tuning is done independently for each model and that the model selection is unbiased, preventing overfitting to the training data.  The final model is trained on the entire dataset using the selected model and its optimized hyperparameters."
  },
  "QA_Pair_41": {
    "Question": "**Question:**\n\nWhat is the expression for the gradient of the cost function J with respect to the parameters θ, as shown in the provided equation, and what are the dimensions of the matrices involved?\n\n\n*",
    "Answer": "*\n\nThe gradient of the cost function J with respect to the parameters θ is given by:\n\n∇<sub>θ</sub>J = (2/n) *  ~χ<sup>T</sup> * (~χθ - ~Υ)\n\nWhere:\n\n*  ~χ is a matrix of size d x n.  ('d' likely represents the dimensionality of the data, and 'n' the number of data points).\n*  ~χ<sup>T</sup> is its transpose (n x d).\n* θ is a column vector of parameters of size n x 1.\n* ~Υ is a column vector of size n x 1.\n* n is a scalar representing the number of data points.\n\nThe expression represents a least squares solution, commonly used in linear regression or similar problems.  The dimensions of the matrices ensure that the matrix multiplication is valid, resulting in a gradient vector of the same size as θ (n x 1)."
  },
  "QA_Pair_42": {
    "Question": "**Question:**  How does the problem of fitting a hyperplane to multi-dimensional data relate to the simpler case of fitting a line to one-dimensional data?\n\n*",
    "Answer": "*  Fitting a hyperplane to multi-dimensional data (d > 1) is a generalization of fitting a line to one-dimensional data (d = 1).  The line represents a 1-dimensional hyperplane in a 2-dimensional space (input x and output y).  For higher dimensions, the hyperplane is a d-dimensional plane embedded within a (d+1)-dimensional space (d input dimensions and the output y dimension).  In essence, it's the same underlying principle of finding a best-fit linear relationship, but extended to higher dimensions."
  },
  "QA_Pair_43": {
    "Question": "**Question:** What is stated about regression in the provided text regarding its role in machine learning?\n\n*",
    "Answer": "* The text states that regression is an important machine-learning problem and a good starting point for those wanting to delve deeply into the field."
  },
  "QA_Pair_44": {
    "Question": "**Question:** What does the equation  $${\\boldsymbol{\\mathrm{J}}}(\\theta)={\\frac{1}{\\mathsf{n}}}\\sum_{\\mathrm{i}=1}^{\\mathsf{n}}\\left(\\theta^{\\mathsf{T}}x^{(\\mathrm{i})}-\\mathsf{y}^{(\\mathrm{i})}\\right)^{2}$$ represent, and what do the variables represent?\n\n\n*",
    "Answer": "* The equation represents the **cost function (or loss function)** for linear regression.  It calculates the average squared difference between the predicted values (θᵀx⁽ⁱ⁾) and the actual values (y⁽ⁱ⁾) for a dataset of 'n' samples.\n\n* **J(θ):** Represents the cost function; a measure of how well the model's parameters (θ) fit the data.  A lower value indicates a better fit.\n* **θ:**  Represents the vector of model parameters (weights) in the linear regression model.\n* **x⁽ⁱ⁾:** Represents the input features (a vector) for the i-th data point.\n* **y⁽ⁱ⁾:** Represents the actual output (target variable) for the i-th data point.\n* **n:** Represents the total number of data points in the dataset.\n* **θᵀx⁽ⁱ⁾:** Represents the model's prediction for the i-th data point – the dot product of the parameter vector θ and the input features x⁽ⁱ⁾.  This is the linear combination of features weighted by θ.\n\n\nIn essence, this equation calculates the mean squared error (MSE) and is commonly used to optimize the parameters of a linear regression model using techniques like gradient descent."
  },
  "QA_Pair_45": {
    "Question": "**Question:** Why is regularization necessary in machine learning, even though a model with low training loss might seem sufficient?\n\n*",
    "Answer": "* Regularization is crucial because the ultimate goal is to achieve good performance on unseen data (generalization), not just on the training data.  While a model might achieve low loss on training data, it could be overly complex and \"overfit\" the training set, failing to generalize to new, unseen inputs.  Regularization introduces a preference for simpler, smoother hypotheses, trading off some training loss to improve the model's ability to generalize to new data by assuming underlying regularities govern both training and testing data.  The regularization term and its associated constant (λ) control the balance between minimizing training loss and preferring simpler hypotheses."
  },
  "QA_Pair_46": {
    "Question": "**Question:** What does the equation  $$\n\\mathcal{E}(\\mathbf{h})=\\frac{1}{\\mathfrak{n^{\\prime}}}\\sum_{\\mathfrak{i}=\\mathfrak{n}+1}^{\\mathfrak{n}+\\mathfrak{n^{\\prime}}}\\mathcal{L}(\\mathfrak{h}(\\mathfrak{x}^{(\\mathfrak{i})}),\\mathfrak{y}^{(\\mathfrak{i})})\n$$ represent, and what do the symbols represent?\n\n\n*",
    "Answer": "* This equation represents the average loss  $\\mathcal{E}(\\mathbf{h})$ of a hypothesis (or model) $\\mathbf{h}$ on a validation set.  Let's break down the symbols:\n\n* **$\\mathcal{E}(\\mathbf{h})$:** This represents the average loss or error of the hypothesis (model) $\\mathbf{h}$.  It's a measure of how well the model performs on the validation set.\n\n* **$\\mathfrak{n^{\\prime}}$:** This is the size of the validation set (the number of data points).\n\n* **$\\sum_{\\mathfrak{i}=\\mathfrak{n}+1}^{\\mathfrak{n}+\\mathfrak{n^{\\prime}}}$:** This is a summation over the indices of the validation set.  The validation set is assumed to start at index $\\mathfrak{n}+1$ and end at $\\mathfrak{n}+\\mathfrak{n^{\\prime}}$.  This implies the training set has $\\mathfrak{n}$ data points.\n\n* **$\\mathcal{L}(\\mathfrak{h}(\\mathfrak{x}^{(\\mathfrak{i})}),\\mathfrak{y}^{(\\mathfrak{i})})$:** This is the loss function applied to a single data point.\n    * $\\mathfrak{x}^{(\\mathfrak{i})}$: The i-th input data point in the validation set.\n    * $\\mathfrak{y}^{(\\mathfrak{i})}$: The corresponding true label (target value) for the i-th input data point.\n    * $\\mathfrak{h}(\\mathfrak{x}^{(\\mathfrak{i})})$: The model's prediction for the i-th input data point.\n    * $\\mathcal{L}$: The loss function (e.g., mean squared error, cross-entropy), which quantifies the difference between the prediction $\\mathfrak{h}(\\mathfrak{x}^{(\\mathfrak{i})})$ and the true label $\\mathfrak{y}^{(\\mathfrak{i})}$.\n\nIn essence, the equation calculates the average loss by summing the loss for each data point in the validation set and then dividing by the number of data points in the validation set. This provides a single measure of the model's performance on unseen data."
  },
  "QA_Pair_47": {
    "Question": "**Question:**\n\nWhat problem arises in linear regression when predictor variables (features) are highly correlated, and how does this manifest mathematically?\n\n\n*",
    "Answer": "*\n\nWhen predictor variables are highly correlated, linear regression suffers from instability and a lack of a unique best hyperplane.  This is because the data points cluster around a line, making it difficult to uniquely determine the optimal regression coefficients. Mathematically, this correlation leads to a near-singular matrix $\\tilde{X}^{\\top}\\tilde{X}$.  The inverse of this matrix, $(\\tilde{X}^{\\top}\\tilde{X})^{-1}$, which is needed to calculate regression coefficients, either becomes undefined or contains extremely large values, resulting in wildly fluctuating and unreliable model predictions (as evidenced by a potentially enormous slope and large range of predicted y-values)."
  },
  "QA_Pair_48": {
    "Question": "**Question:** What does the variable 'd' represent in the given context?\n\n*",
    "Answer": "*  'd' represents the total number of features in each input vector x<sup>(i)</sup>, including the bias unit (the added 1)."
  },
  "QA_Pair_49": {
    "Question": "**Question:** What is the purpose of providing examples of input values  `x^(i)` and their corresponding output values `y^(i)` in the context of hypothesis generation, and what is the nature of the output values?\n\n*",
    "Answer": "*  The examples of input values `x^(i)` and their corresponding output values `y^(i)` are used to train a model or hypothesis.  The `y^(i)` values are real-valued, meaning they are continuous numerical values, not categorical or discrete values.  These examples serve as training data to learn the relationship between inputs and outputs and to formulate a hypothesis (often a function) that can accurately predict `y` for new, unseen input values `x`."
  },
  "QA_Pair_50": {
    "Question": "**Question:** What does the equation  $\\|\\mathbf{\\boldsymbol{v}}\\|=\\sqrt{\\sum_{\\mathrm{i}=1}^{\\mathrm{d}}|\\nu_{\\mathrm{i}}|^{2}}$ represent?\n\n*",
    "Answer": "* The equation represents the Euclidean norm (or L2 norm) of a vector $\\mathbf{\\boldsymbol{v}}$ in a d-dimensional space.  It calculates the magnitude or length of the vector by summing the squares of the absolute values of its components ($\\nu_i$), and then taking the square root of the sum."
  },
  "QA_Pair_51": {
    "Question": "**Question:** What does the equation  $\\Theta^{*},\\Theta_{0}^{*}=\\arg\\operatorname*{min}_{\\theta,\\theta_{0}}\\left J(\\theta,\\theta_{0})\\right.$ represent?\n\n*",
    "Answer": "* The equation represents finding the values of $\\Theta$ and $\\Theta_0$ (denoted as $\\Theta^*$ and $\\Theta_0^*$) that minimize the cost function or objective function $J(\\theta, \\theta_0)$.  In other words, it finds the optimal parameters $\\Theta^*$ and $\\Theta_0^*$ that result in the lowest value of the function J."
  },
  "QA_Pair_52": {
    "Question": "**Question:**  What is the method used to evaluate the performance of a hypothesis 'h' in the provided text, and what specific loss function is mentioned?\n\n*",
    "Answer": "* The performance of hypothesis 'h' is evaluated by measuring its test error on data not used during training.  The text specifically mentions using squared loss (mean squared error) to calculate the OLS (Ordinary Least Squares) training error."
  },
  "QA_Pair_53": {
    "Question": "**Question:** What is the key difference between the training error and the testing error concerning the parameter θ (theta)?\n\n*",
    "Answer": "*  The key difference is that θ is a variable in the calculation of the training error (it's being optimized during training), but it's a fixed, already-determined value in the calculation of the testing error (the parameters are chosen/fixed *before* testing begins)."
  },
  "QA_Pair_54": {
    "Question": "**Question:** Why is it beneficial to run a machine learning algorithm multiple times?\n\n*",
    "Answer": "* Running an algorithm multiple times helps control for potential biases introduced by an unrepresentative training set or random internal processes within the algorithm itself.  This provides a more robust and reliable assessment of the algorithm's performance."
  },
  "QA_Pair_56": {
    "Question": "**Question:** What is estimation error in the context of machine learning, and what are its potential causes?\n\n*",
    "Answer": "* Estimation error is the error that occurs because of limitations in the available data or the optimization process.  It arises when we lack sufficient data to select a good hypothesis (h) from the hypothesis space (H), or when the optimization algorithm fails to find the best hypothesis given the available data.  In short, it's the error stemming from imperfect data or imperfect optimization of the model."
  },
  "QA_Pair_57": {
    "Question": "**Question:**  In linear regression, what problem arises if the matrix $(\\tilde{X}^T\\tilde{X})$ is not invertible, and what does this imply about the data?\n\n\n*",
    "Answer": "* If the matrix $(\\tilde{X}^T\\tilde{X})$ is not invertible (singular), it means that the columns of the design matrix $\\tilde{X}$ are linearly dependent.  This leads to the problem that the ordinary least squares (OLS) estimator $\\hat{\\beta} = (\\tilde{X}^T\\tilde{X})^{-1}\\tilde{X}^T\\tilde{y}$ is undefined because we cannot compute the inverse.  In essence, there is no unique solution for the regression coefficients. This often indicates that there is multicollinearity in the data—that is, some predictor variables are highly correlated, making it difficult to isolate their individual effects on the response variable.  Various techniques, such as removing redundant variables or using regularization methods (like Ridge or Lasso regression), can be used to address this issue."
  },
  "QA_Pair_58": {
    "Question": "**Question:**  What are the two main ways a hypothesis h from a hypothesis space  H can contribute to test error in machine learning, according to the provided text?\n\n\n*",
    "Answer": "* The provided text only states that there are *two* ways a hypothesis can contribute to test error, but it doesn't specify what those ways are.  Therefore, a complete answer cannot be given based solely on the provided text."
  },
  "QA_Pair_60": {
    "Question": "**Question:**  According to the provided text, what is the simplest approach to finding optimal values for θ and θ₀ in the objective function (Eq. 2.4), and what does this approach involve?\n\n*",
    "Answer": "* The simplest approach is to guess multiple (k) different combinations of θ and θ₀ values.  The approach then involves evaluating each combination's error on the training set and selecting the combination that yields the smallest error.  This combination is then returned as the optimal solution."
  },
  "QA_Pair_61": {
    "Question": "**Question:** What is a key advantage and a potential drawback of using squared loss as a penalty function in machine learning?\n\n*",
    "Answer": "* A key advantage of squared loss is its strong mathematical justification when dealing with data generated from a linear hypothesis with Gaussian noise.  It also offers computational convenience. However, a drawback is that it may not be the best choice for all applications;  other loss functions might be more suitable depending on the specific problem."
  },
  "QA_Pair_62": {
    "Question": "**Question:** Why are the matrices $\\tilde{X}$ and $\\tilde{Y}$ defined as the transposes of $X$ and $Y$ in this context?\n\n*",
    "Answer": "* The matrices $\\tilde{X}$ and $\\tilde{Y}$ are defined as the transposes of $X$ and $Y$ to align with the common textbook convention of representing individual examples $x^{(i)}$ as rows rather than columns.  This ensures consistency and compatibility with the notation used in most standard linear algebra resources related to this topic."
  },
  "QA_Pair_63": {
    "Question": "**Question:**\n\nExplain the equation  $$\n\\mathsf{J}(\\Theta)=\\left(\\frac{1}{\\mathsf{n}}\\sum_{\\mathrm{i}=1}^{\\mathsf{n}}\\underbrace{\\mathcal{L}(\\mathsf{h}(x^{(\\mathrm{i})};\\Theta),\\mathsf{y}^{(\\mathrm{i})})}_{\\mathrm{loss}}\\right)+\\underbrace{\\lambda}_{\\mathrm{non-negative\\;constant}}\\mathsf{R}(\\Theta).\n$$  in the context of machine learning, defining all terms and explaining the purpose of each component.\n\n\n*",
    "Answer": "*\n\nThis equation represents the cost function (or objective function)  $\\mathsf{J}(\\Theta)$ used in many machine learning algorithms, particularly in regularized models.  Let's break down each component:\n\n* **$\\Theta$:** This represents the model's parameters.  These are the values the algorithm learns during training (e.g., weights and biases in a neural network).\n\n* **$\\mathsf{n}$:** This is the number of training examples in the dataset.\n\n* **$x^{(\\mathrm{i})}$:** This represents the i-th input feature vector in the training dataset.\n\n* **$\\mathsf{y}^{(\\mathrm{i})}$:** This represents the i-th corresponding target (or label) in the training dataset.\n\n* **$\\mathsf{h}(x^{(\\mathrm{i})};\\Theta)$:** This is the model's prediction for the i-th input, given the parameters $\\Theta$.  It's the output of the hypothesis function (e.g., the output of a neural network).\n\n* **$\\mathcal{L}(\\mathsf{h}(x^{(\\mathrm{i})};\\Theta),\\mathsf{y}^{(\\mathrm{i})})$:** This is the loss function for a single training example. It quantifies the difference between the model's prediction $\\mathsf{h}(x^{(\\mathrm{i})};\\Theta)$ and the true target $\\mathsf{y}^{(\\mathrm{i})}$. Common loss functions include mean squared error (MSE) for regression and cross-entropy for classification.\n\n* **$\\frac{1}{\\mathsf{n}}\\sum_{\\mathrm{i}=1}^{\\mathsf{n}}\\mathcal{L}(\\mathsf{h}(x^{(\\mathrm{i})};\\Theta),\\mathsf{y}^{(\\mathrm{i})})$:** This is the average loss across all training examples. It measures the overall performance of the model on the training data.\n\n* **$\\mathsf{R}(\\Theta)$:** This is the regularization term.  It's a function of the model parameters $\\Theta$ designed to penalize complex models and prevent overfitting. Common regularization terms include L1 (LASSO) and L2 (Ridge) regularization.\n\n* **$\\lambda$ (lambda):** This is a non-negative hyperparameter that controls the strength of the regularization. A larger $\\lambda$ means stronger regularization, leading to simpler models (but potentially higher bias). A smaller $\\lambda$ means weaker regularization, allowing for more complex models (but potentially higher variance).\n\nIn summary, the equation defines a cost function that balances minimizing the average loss on the training data with minimizing the complexity of the model (through regularization). The goal of the training process is to find the values of $\\Theta$ that minimize $\\mathsf{J}(\\Theta)$."
  },
  "QA_Pair_64": {
    "Question": "**Question:** In a machine learning model with a dataset containing *n* data points and features of dimension *d*, what are the dimensions of a single weight vector θ(i)?\n\n*",
    "Answer": "*  A single weight vector θ(i) will have dimensions (d, 1), or equivalently, d x 1.  This is because there's one weight parameter for each of the d features in the input x-values."
  },
  "QA_Pair_65": {
    "Question": "**Question:** What is the default regularization strategy employed when specific knowledge about parameter values is lacking?\n\n*",
    "Answer": "*  In the absence of specific knowledge, the default regularization strategy is to regularize toward zero."
  },
  "QA_Pair_66": {
    "Question": "**Question:** What is a common choice of loss function for regression problems when no specific domain knowledge is available, and why is it used?\n\n*",
    "Answer": "* A common choice of loss function for regression problems in the absence of domain-specific information is squared loss (also known as L2 loss).  It's used because it's a simple, mathematically convenient function that measures the difference between predicted and actual values."
  },
  "QA_Pair_67": {
    "Question": "**Question:** What statistical method is being referenced as a way to analyze data, and what specific error metric is it aiming to minimize?\n\n*",
    "Answer": "* The text refers to linear regression as the method used to analyze the data, aiming to minimize the mean squared error."
  },
  "QA_Pair_68": {
    "Question": "**Question:**  What is the role of the function φ(x) in the context of applying linear regression to real-world data, and why is it important to consider this function even when the mathematical representation simplifies it?\n\n\n*",
    "Answer": "* The function φ(x) maps real-world inputs (like songs, images, or people) into a d-dimensional vector of real numbers (ℝᵈ).  This is crucial because linear regression directly operates on vectors of real numbers.  φ(x) represents the feature extraction process; it translates the raw input data into a numerical representation suitable for the model.  While mathematical descriptions often simplify by assuming x is already in ℝᵈ, it's vital to remember that φ(x) is almost always necessary in practice, and the choice of features significantly impacts the model's performance.  The text notes that more discussion of feature selection will come later in the course."
  },
  "QA_Pair_69": {
    "Question": "**Question:** What does the equation  $$\n\\mathrm{J}(\\theta)=\\frac{1}{\\mathrm{n}}\\,(\\tilde{\\Sigma}\\theta-\\tilde{\\Upsilon})^{\\mathrm{T}}(\\tilde{X}\\theta-\\tilde{\\Upsilon})\n$$ represent, and what is its expanded form showing the summation over individual data points?\n\n\n*",
    "Answer": "* The equation represents a cost function,  specifically the mean squared error (MSE), commonly used in linear regression.  It measures the average squared difference between the predicted values (given by  $\\tilde{X}\\theta$) and the actual values ($\\tilde{\\Upsilon}$).  The expanded form, showing the summation, clarifies this:\n\n$$\n\\mathrm{J}(\\theta)=\\frac{1}{\\mathrm{n}}\\sum_{\\mathrm{i}=1}^{\\mathrm{n}}\\left(\\left(\\sum_{\\mathrm{j}=1}^{\\mathrm{d}}\\tilde{X}_{\\mathrm{ij}}\\theta_{\\mathrm{j}}\\right)-\\tilde{\\Upsilon}_{\\mathrm{i}}\\right)^{2}\n$$\n\nThis shows that the cost function is calculated by summing the squared differences for each data point (i) and then averaging the result by dividing by the total number of data points (n).  Here,  $\\tilde{X}$ is the design matrix, $\\theta$ represents the model parameters, and $\\tilde{\\Upsilon}$ is the vector of target variables.  The inner summation calculates the predicted value for each data point using the model parameters."
  },
  "QA_Pair_70": {
    "Question": "**Question:** What is the purpose of the instruction \"Work through the next steps and check your answer against ours below\"?\n\n*",
    "Answer": "*  The instruction directs the learner to complete a task (the \"next steps\"), and then verify their solution by comparing it to a provided answer.  It implies a self-assessment or learning activity where immediate feedback is offered."
  },
  "QA_Pair_71": {
    "Question": "Here's a question and answer pair based on the provided text snippet:\n\n\n**Question:**  The text mentions using \"facts about matrix/vector calculus.\"  What kind of mathematical operations or properties from matrix/vector calculus are likely to be involved in deriving the result (implied but not shown) following that statement?\n\n\n*",
    "Answer": "*  The derivation likely involves operations and properties such as matrix multiplication, differentiation with respect to vectors or matrices (yielding gradients or Jacobians), the chain rule for matrix functions, properties of the trace operator (potentially for simplifying expressions involving inner products or quadratic forms), and potentially vectorization to represent multi-dimensional data as vectors for easier manipulation.  The specific operations will depend on the nature of the missing derivation."
  },
  "QA_Pair_72": {
    "Question": "**Question:**  What does the notation  ${\\boldsymbol{\\mathsf{X}}}$ and ${\\mathsf{Y}}$ represent in the given mathematical expression, and what are the dimensions of each matrix?\n\n*",
    "Answer": "*\n\nThe notation represents two matrices.\n\n* **${\\boldsymbol{\\mathsf{X}}}$:** This is a matrix of dimensions d x n.  Each element  ${\\mathsf{x}_{\\mathrm{i}}^{(\\mathrm{j})}}$ represents the i-th feature of the j-th data point.  Thus, each column represents a data point with 'd' features.\n\n* **${\\mathsf{Y}}$:** This is a matrix of dimensions  (presumably) m x n (the exact dimension of Y isn't explicitly given,  but it's implied to have the same number of columns 'n' as X). Each column $\\mathbf{y}^{(j)}$ likely represents a corresponding label or output vector associated with the j-th data point in  ${\\boldsymbol{\\mathsf{X}}}$.  The number of rows 'm' would depend on the nature of the output (e.g., if it is a single label, then m=1; if it is a multi-dimensional vector, m would be the dimensionality of that vector)."
  },
  "QA_Pair_73": {
    "Question": "**Question:**  Explain the steps involved in deriving the least squares solution  Θ = (X<sup>T</sup>X)<sup>-1</sup>X<sup>T</sup>Y from the equation (2/n)X̃<sup>T</sup>(X̃Θ - Ỹ) = 0, where X̃ and Ỹ represent the data matrix and target vector respectively.\n\n\n*",
    "Answer": "* The derivation starts with the normal equation (2/n)X̃<sup>T</sup>(X̃Θ - Ỹ) = 0, which represents the condition for minimizing the sum of squared errors in a linear regression problem.  The factor (2/n) is a scaling constant and can be eliminated by multiplying both sides by n/2.  This simplifies the equation to X̃<sup>T</sup>(X̃Θ - Ỹ) = 0.  Expanding the equation gives X̃<sup>T</sup>X̃Θ - X̃<sup>T</sup>Ỹ = 0.  Adding X̃<sup>T</sup>Ỹ to both sides results in X̃<sup>T</sup>X̃Θ = X̃<sup>T</sup>Ỹ.  Finally, assuming X̃<sup>T</sup>X̃ is invertible (meaning it has full rank), we can multiply both sides by the inverse of X̃<sup>T</sup>X̃ to isolate Θ, yielding the least squares solution: Θ = (X̃<sup>T</sup>X̃)<sup>-1</sup>X̃<sup>T</sup>Ỹ.  This equation provides the optimal parameter values Θ that minimize the sum of squared errors between the predicted values (X̃Θ) and the actual values (Ỹ)."
  },
  "QA_Pair_74": {
    "Question": "**Question:**  What machine learning technique is described by the provided steps, and what is its purpose?\n\n*",
    "Answer": "* The steps describe **k-fold cross-validation**.  Its purpose is to provide a more robust and less biased estimate of a model's generalization error (how well it performs on unseen data) than a single train-test split would offer.  The algorithm divides the data into k chunks, trains a model on k-1 chunks, and evaluates its performance on the held-out chunk. This process is repeated k times, with each chunk serving as the validation set once. The average error across all k folds gives a more reliable estimate of the model's performance on new, unseen data."
  },
  "QA_Pair_75": {
    "Question": "**Question:**\n\nWhat does the equation  $$\n\\mathcal{E}(\\mathbf{h})=\\frac{1}{{\\mathfrak{n}}^{\\prime}}\\sum_{\\mathrm{i}={\\mathfrak{n}}+1}^{{\\mathfrak{n}}+{\\mathfrak{n}}^{\\prime}}\\left[{\\mathfrak{h}}({\\mathfrak{x}}^{(\\mathrm{i})})-{\\mathfrak{y}}^{(\\mathrm{i})}\\right]^{2}\n$$ represent, and what do the symbols represent?\n\n\n*",
    "Answer": "*\n\nThe equation represents the mean squared error (MSE) of a hypothesis (or model)  $\\mathfrak{h}$ on a test set.  Let's break down the symbols:\n\n* **$\\mathcal{E}(\\mathbf{h})$:** This represents the mean squared error of the hypothesis $\\mathbf{h}$.  It's a measure of how well the hypothesis predicts the output.\n\n* **$\\mathfrak{n}$:** This likely represents the number of training examples.\n\n* **$\\mathfrak{n}^{\\prime}$:** This likely represents the number of examples in the test set.\n\n* **$\\sum_{\\mathrm{i}={\\mathfrak{n}}+1}^{{\\mathfrak{n}}+{\\mathfrak{n}}^{\\prime}}$:** This is a summation from $\\mathfrak{n}+1$ to $\\mathfrak{n}+\\mathfrak{n}^{\\prime}$, indicating that the sum is taken over the test set examples (indexed from $\\mathfrak{n}+1$).\n\n* **$\\mathfrak{x}^{(\\mathrm{i})}$:** This represents the i-th input feature vector in the test set.\n\n* **$\\mathfrak{y}^{(\\mathrm{i})}$:** This represents the i-th true output value (target) in the test set.\n\n* **$\\mathfrak{h}(\\mathfrak{x}^{(\\mathrm{i})})$:** This represents the prediction of the hypothesis $\\mathfrak{h}$ for the i-th input $\\mathfrak{x}^{(\\mathrm{i})}$.\n\n* **$\\left[{\\mathfrak{h}}({\\mathfrak{x}}^{(\\mathrm{i})})-{\\mathfrak{y}}^{(\\mathrm{i})}\\right]^{2}$:** This is the squared difference between the prediction and the true value for the i-th example—the squared error.\n\n* **$\\frac{1}{{\\mathfrak{n}}^{\\prime}}$:** This averages the squared errors over all the examples in the test set.\n\n\nIn short, the equation calculates the average squared difference between the model's predictions and the actual values on a separate test set, providing a measure of the model's generalization performance."
  },
  "QA_Pair_76": {
    "Question": "**Question:** What does the expression  `R(Θ) = ||Θ||²` represent?\n\n*",
    "Answer": "* The expression `R(Θ) = ||Θ||²` represents a squared Euclidean norm (or squared L2 norm) of the vector Θ.  It calculates the sum of the squares of the elements of the vector Θ.  This is often used as a cost function or regularization term in optimization problems, particularly in machine learning."
  },
  "QA_Pair_77": {
    "Question": "**Question:** What does the equation  $\\mathsf{R}(\\Theta)=\\left\\lVert\\Theta-\\Theta_{prior}\\right\\rVert^{2}$ represent, and what is the significance of its components?\n\n\n*",
    "Answer": "* The equation $\\mathsf{R}(\\Theta)=\\left\\lVert\\Theta-\\Theta_{prior}\\right\\rVert^{2}$ represents a squared Euclidean distance or a loss function.  It calculates the squared difference between a parameter vector $\\Theta$ and a prior estimate of that parameter vector $\\Theta_{prior}$.  The result $\\mathsf{R}(\\Theta)$ quantifies the discrepancy between the current parameter estimate $\\Theta$ and the prior belief $\\Theta_{prior}$.  A smaller value of $\\mathsf{R}(\\Theta)$ indicates that the current estimate $\\Theta$ is closer to the prior belief $\\Theta_{prior}$.  This is commonly used in Bayesian inference or regularization techniques to penalize deviations from a prior distribution or a preferred value."
  },
  "QA_Pair_78": {
    "Question": "**Question:**  What does the equation  ${\\mathfrak{g}}={\\mathfrak{h}}({\\mathfrak{x}})$ represent in the context of the given text, and how does the use of squared loss relate to mean squared error (MSE)?\n\n*",
    "Answer": "* The equation ${\\mathfrak{g}}={\\mathfrak{h}}({\\mathfrak{x}})$ represents a hypothesis or \"guess\" (${\\mathfrak{g}}$) for the output based on an input ${\\mathfrak{x}}$, where ${\\mathfrak{h}}$ is some function.  The use of squared loss, where the loss is the square of the difference between the guess (${\\mathfrak{g}}$) and the actual observation (a, equivalent to $\\mathfrak{y}$), leads to the average loss being the mean squared error (MSE)."
  },
  "QA_Pair_79": {
    "Question": "**Question:** What is the objective when applying the general optimization framework to linear regression with squared loss and no regularization, as described in the provided text?\n\n*",
    "Answer": "* The objective is to find the values of  θ (theta) and θ₀ (theta-naught) that minimize the Mean Squared Error (MSE)."
  },
  "QA_Pair_81": {
    "Question": "**Question:** How does augmenting the input vectors  $x^{(\\mathrm{i})}$ with an extra dimension containing the value 1 simplify the linear regression model's representation?\n\n*",
    "Answer": "*  Augmenting the input vectors with a dimension of 1 and making θ₀ the last element of the θ vector eliminates the need for a separate θ₀ term in the linear regression equation.  This simplifies the equation and allows for a more compact representation using matrix multiplication, avoiding the need for separate handling of the intercept term."
  },
  "QA_Pair_83": {
    "Question": "**Question:**  What is the general process for evaluating a learning algorithm's performance, assuming an abundant data supply?\n\n\n*",
    "Answer": "*  The process involves repeatedly training and testing the algorithm on different subsets of the data (e.g., through techniques like cross-validation) to obtain a reliable estimate of its performance and reduce the impact of randomness in the data selection."
  },
  "QA_Pair_84": {
    "Question": "Here's a question and answer pair based on the provided text:\n\n**Question:** What is the general form of the hypothesis set, denoted as  $\\mathcal{H}$, in linear regression?\n\n*",
    "Answer": "* In linear regression, the hypothesis set $\\mathcal{H}$ consists of linear functions.  Each hypothesis $h \\in \\mathcal{H}$ can be represented as a linear combination of the input features, typically expressed as  $h(x) = w_0 + w_1x_1 + w_2x_2 + ... + w_nx_n$, where $x_i$ are the input features, $w_i$ are the learned weights (parameters), and $w_0$ is the bias term (also a learned parameter)."
  },
  "QA_Pair_85": {
    "Question": "**Question:** What is the purpose of evaluating a hypothesis on \"n' new examples\"?\n\n*",
    "Answer": "*  Evaluating a hypothesis on \"n'\" new examples (examples not used during the hypothesis creation) is done to assess the hypothesis's **generalization performance**.  This tests how well the hypothesis predicts outcomes on unseen data, indicating its ability to accurately model the underlying phenomenon rather than simply memorizing the training data.  A good hypothesis will perform well on both the training data and the new, unseen data."
  },
  "QA_Pair_86": {
    "Question": "**Question:** What is a significant characteristic of the problem of discovering a linear hypothesis that minimizes mean squared error, and what is this problem often called?\n\n*",
    "Answer": "* A significant characteristic is that a closed-form formula for the solution can be found.  This general problem is often called ordinary least squares (OLS)."
  },
  "QA_Pair_87": {
    "Question": "**Question:**  What apparent contradiction is highlighted in the sentence \"Regression,\" in common parlance, means moving backwards. But this is forward progress!\"?\n\n*",
    "Answer": "* The contradiction is between the common understanding of \"regression\" as backward movement and its use in a context (likely statistical modeling or software development) where it represents forward progress or advancement.  The sentence implies that while the term might seem to imply a setback, in this specific instance, it signifies positive development."
  }
}