{
  "QA_Pair_1": {
    "Question": "**Question:**  Derive the partial derivative of the loss function $\\mathcal{L}(\\mathbf{NN}(x;W),y)$ with respect to the bias term $w_{0}^{\\mathrm{\\ell}}$ for a neural network, considering both the final layer (ℓ=L) and a general layer ℓ.  Assume a suitable loss function  (e.g., mean squared error or cross-entropy) and a suitable activation function.  Show your work and clearly explain each step.\n\n\n*",
    "Answer": "* The derivation requires applying the chain rule multiple times. The exact form depends on the specific loss function and activation functions used.  Let's outline the process for both cases:\n\n\n**Case 1: Final Layer (ℓ = L)**\n\nLet's assume a mean squared error (MSE) loss function:  $\\mathcal{L} = \\frac{1}{2}||\\mathbf{NN}(x;W) - y||^2$.  We'll denote the output of the final layer as $\\mathbf{a}^L = \\mathbf{NN}(x;W)$.  The activation function of the final layer is denoted as $g_L$. The output of the (L-1)th layer is denoted as $\\mathbf{a}^{L-1}$.\n\n\nThen, for the bias term $w_0^L$ in the final layer:\n\n\n$\\frac{\\partial\\mathcal{L}}{\\partial w_{0}^{\\mathrm{L}}} = \\frac{\\partial\\mathcal{L}}{\\partial \\mathbf{a}^L} \\frac{\\partial \\mathbf{a}^L}{\\partial z^L} \\frac{\\partial z^L}{\\partial w_{0}^{\\mathrm{L}}}$\n\n\nwhere $z^L$ is the pre-activation of the final layer.  Assuming a linear output layer (no activation function), $g_L(z^L) = z^L$, this simplifies to:\n\n\n$\\frac{\\partial\\mathcal{L}}{\\partial w_{0}^{\\mathrm{L}}} = (\\mathbf{a}^L - y) \\cdot \\frac{\\partial z^L}{\\partial w_{0}^{\\mathrm{L}}} = (\\mathbf{a}^L - y) \\cdot \\mathbf{1} = (\\mathbf{a}^L - y)$\n\n\nbecause  $\\frac{\\partial z^L}{\\partial w_{0}^{\\mathrm{L}}} = \\mathbf{1}$ (a vector of ones, assuming a bias term added to each output unit). If a non-linear activation function were present in the final layer, then the term $\\frac{\\partial \\mathbf{a}^L}{\\partial z^L} = g_L'(z^L)$  would be included.\n\n\n**Case 2: General Layer (ℓ < L)**\n\nFor a general layer ℓ, the derivation becomes more complex due to the chain rule propagating the gradient back through the network.  It involves the derivative of the activation function at that layer and the weights of subsequent layers.  Let's denote the weight matrix connecting layer ℓ to layer ℓ+1 as $W^{\\ell+1}$.\n\n\nThe derivation will follow this recursive pattern (with appropriate activation function derivatives $g_\\ell'(z^\\ell)$):\n\n$\\frac{\\partial\\mathcal{L}}{\\partial w_{0}^{\\ell}} = \\sum_{i} \\frac{\\partial\\mathcal{L}}{\\partial a_{i}^{\\ell+1}} \\frac{\\partial a_{i}^{\\ell+1}}{\\partial z_{i}^{\\ell+1}} \\frac{\\partial z_{i}^{\\ell+1}}{\\partial a_{j}^{\\ell}} \\frac{\\partial a_{j}^{\\ell}}{\\partial z_{j}^{\\ell}} \\frac{\\partial z_{j}^{\\ell}}{\\partial w_{0}^{\\ell}}$\n\nwhere the sum is over all units i in layer ℓ+1 and a specific unit j in layer ℓ which receives the bias $w_0^\\ell$.  This highlights the backpropagation process. The detailed calculation would require specifying the activation functions ($g_\\ell$) and their derivatives at each layer and the specific form of the loss function.\n\n\n**In summary:** The derivative of the loss function with respect to a bias term involves the error signal (e.g.,  $\\mathbf{a}^L - y$ in the MSE case), propagated back through the network via the chain rule, considering the activation function derivatives and weight matrices at each layer.  The final layer's derivation is simpler due to the absence of backpropagation, while general layers require recursive application of the chain rule."
  },
  "QA_Pair_2": {
    "Question": "**Question:**  What is the purpose of randomly setting the activation of a unit to zero with probability 'p' during the training phase, as described in the text?\n\n\n*",
    "Answer": "*  This technique, a form of dropout, temporarily prevents a unit from contributing to the output and gradient updates during training. This helps to prevent overfitting by forcing the network to learn more robust features that aren't reliant on any single unit.  It essentially creates many smaller networks during training, each with a slightly different subset of active units."
  },
  "QA_Pair_3": {
    "Question": "**Question:** What is the significance of using lowercase letters with superscripts and subscripts (e.g., $\\mathsf{a}^{1}, z^{1}, w^{1}, \\mathsf{a}^{1-1}, w_{0}^{1}$) in the given equation, and what is implied about the nature of these quantities?\n\n*",
    "Answer": "* The use of lowercase letters with superscripts and subscripts emphasizes that, at this stage in the explanation,  all the quantities ($\\mathsf{a}^{1}, z^{1}, w^{1}, \\mathsf{a}^{1-1}, w_{0}^{1}$) are being treated as scalars,  in contrast to a later discussion where a more general matrix case will be considered."
  },
  "QA_Pair_5": {
    "Question": "**Question:** What does the equation  $$ \\boldsymbol{\\mathrm{J}}(\\boldsymbol{\\mathsf{W}})=\\sum_{\\mathrm{i}=1}^{\\mathrm{n}}\\mathcal{L}(\\mathbf{h}(\\boldsymbol{\\mathsf{x}}^{(\\mathrm{i})};\\boldsymbol{\\mathsf{W}}),\\boldsymbol{\\mathsf{y}}^{(\\mathrm{i})}) $$ represent, and what do the symbols represent?\n\n\n*",
    "Answer": "* This equation represents the cost function (or loss function) J,  which is a function of the model's weights (parameters)  **W**. It calculates the total loss across a dataset of *n* samples. Let's break down the symbols:\n\n* **J(W):** The cost function, measuring the overall error of the model given its weights **W**.  The goal of training is to minimize J(W).\n\n* **∑<sub>i=1</sub><sup>n</sup>:**  This is a summation symbol indicating that the cost is calculated by summing the loss over all *n* data points (samples) in the dataset.\n\n* **L(h(x<sup>(i)</sup>; W), y<sup>(i)</sup>):** This is the loss function for a single data point. It calculates the difference between the model's prediction and the actual target value.\n\n    * **h(x<sup>(i)</sup>; W):**  This is the model's prediction for the i-th data point, x<sup>(i)</sup>, using the weights **W**.  It represents the output of the hypothesis function (model).\n\n    * **x<sup>(i)</sup>:** The i-th input data point.\n\n    * **y<sup>(i)</sup>:** The true target (label) value for the i-th data point.\n\n\nIn essence, the equation sums up the individual losses for each data point to provide an overall measure of the model's performance. Minimizing this cost function is the objective of many machine learning training algorithms."
  },
  "QA_Pair_6": {
    "Question": "**Question:**  What does the equation  $$W_{\\mathrm{t}}=W_{\\mathrm{t-1}}-\\eta\\nabla_{W}\\mathcal{L}(\\mathsf{h}(\\mathsf{x}^{(\\mathrm{i})};W_{\\mathrm{t-1}}),\\mathsf{y}^{(\\mathrm{i})})$$ represent, and explain the meaning of each term?\n\n\n*",
    "Answer": "* This equation represents a single step of gradient descent in the context of training a model (likely a neural network).  Let's break down each term:\n\n* **W<sub>t</sub>:** Represents the model's weights (parameters) at iteration *t*.\n\n* **W<sub>t-1</sub>:** Represents the model's weights at the previous iteration (iteration *t-1*).\n\n* **η (eta):**  This is the learning rate, a hyperparameter that controls the step size taken during each iteration.  It determines how much the weights are adjusted in each step.\n\n* **∇<sub>W</sub>:** This is the gradient operator with respect to the weights *W*. It calculates the direction of the steepest ascent of the loss function.\n\n* **L(h(x<sup>(i)</sup>; W<sub>t-1</sub>), y<sup>(i)</sup>):** This is the loss function, measuring the difference between the model's prediction and the actual target.\n    * **h(x<sup>(i)</sup>; W<sub>t-1</sub>):** This is the model's prediction (output) for the i-th training example x<sup>(i)</sup>, using the weights from the previous iteration, W<sub>t-1</sub>.\n    * **y<sup>(i)</sup>:** This is the true label (target value) for the i-th training example.\n\n\nIn essence, the equation updates the model's weights by moving them in the opposite direction of the gradient of the loss function (because the gradient points towards the direction of *increasing* loss, and we want to *minimize* loss).  The learning rate scales this update, controlling how large a step is taken.  The process is repeated iteratively until the model's performance on the training data reaches a satisfactory level."
  },
  "QA_Pair_7": {
    "Question": "**Question:** What is one potential application of stochastic gradient descent mentioned in the provided text?\n\n*",
    "Answer": "*  Classification and regression with a potentially very rich hypothesis class."
  },
  "QA_Pair_8": {
    "Question": "**Question:** While technically feasible, why is it common practice to use the same activation function for all neurons within a single layer of a neural network?\n\n*",
    "Answer": "*  For convenience in specification and implementation. Using a consistent activation function simplifies the design and coding process."
  },
  "QA_Pair_9": {
    "Question": "**Question:** What source is cited to explain the result?\n\n*",
    "Answer": "*  Bishop's textbook, referenced by the DOI 10.1162/neco.1995.7.1.108."
  },
  "QA_Pair_10": {
    "Question": "**Question:**  If the function *f* in a neural network with *L* layers is the identity function (i.e., f(x) = x), what is the resulting network's behavior, assuming we omit the weight matrix W₀?\n\n*",
    "Answer": "* If *f* is the identity function, each layer's output is simply a linear transformation of its input.  The network becomes a single linear transformation equivalent to the product of all weight matrices (W₁W₂...Wₗ). The network loses its ability to learn non-linear relationships and its expressiveness is severely limited to only linearly separable data."
  },
  "QA_Pair_11": {
    "Question": "**Question:**  Explain the equation shown, detailing the meaning of each term and the overall process it represents.  Specifically address the role of the chain rule and the significance of the derivative of the activation function, $(\\boldsymbol{\\mathsf{f}}^{\\mathrm{L}})^{\\prime}(\\boldsymbol{z}^{\\mathrm{L}})$.\n\n*",
    "Answer": "* This equation shows the calculation of the gradient of the loss function with respect to the weights ($\\boldsymbol{w}^{\\mathrm{L}}$) in the L-th layer of a neural network.  It uses the chain rule of calculus to break down this complex derivative into smaller, manageable parts.  Let's break down each term:\n\n* **$\\frac{\\partial \\mathrm{loss}}{\\partial \\boldsymbol{w}^{\\mathrm{L}}}$:** This is the target: the gradient of the loss function with respect to the weights in layer L.  This gradient tells us how much changing the weights in layer L will affect the overall loss.\n\n* **$\\frac{\\partial \\mathrm{loss}}{\\partial \\boldsymbol{a}^{\\mathrm{L}}}$:** This is the gradient of the loss function with respect to the activations ($\\boldsymbol{a}^{\\mathrm{L}}$) in layer L.  This term represents the error signal propagating backward from subsequent layers.\n\n* **$\\frac{\\partial \\boldsymbol{a}^{\\mathrm{L}}}{\\partial \\boldsymbol{z}^{\\mathrm{L}}}$:** This is the derivative of the activations with respect to the pre-activations ($\\boldsymbol{z}^{\\mathrm{L}}$) in layer L. This is equivalent to the derivative of the activation function applied in layer L, denoted by $(\\boldsymbol{\\mathsf{f}}^{\\mathrm{L}})^{\\prime}(\\boldsymbol{z}^{\\mathrm{L}})$.  It represents how sensitive the activations are to changes in the pre-activations.\n\n* **$\\frac{\\partial \\boldsymbol{z}^{\\mathrm{L}}}{\\partial \\boldsymbol{w}^{\\mathrm{L}}}$:** This is the derivative of the pre-activations with respect to the weights in layer L. This is usually equal to the activations of the previous layer, $\\boldsymbol{a}^{\\mathrm{L}-1}$.\n\nThe equation utilizes the chain rule to compute the overall gradient.  The derivative of the activation function, $(\\boldsymbol{\\mathsf{f}}^{\\mathrm{L}})^{\\prime}(\\boldsymbol{z}^{\\mathrm{L}})$, is crucial. It scales the error signal propagated from later layers based on the activation function's slope at each neuron's pre-activation value. If the slope is steep (large derivative), even a small change in the weights will significantly affect the activation, leading to a larger contribution to the gradient. Conversely, if the slope is shallow (small derivative), the activation is less sensitive to weight changes, resulting in a smaller gradient contribution. This is related to the phenomenon of vanishing gradients in deep networks, where the multiplication of small derivatives through many layers can lead to very small gradients early in the network, hindering training.  The entire process is part of backpropagation, where the gradient is calculated to update the weights using gradient descent or a similar optimization algorithm."
  },
  "QA_Pair_12": {
    "Question": "**Question:**  What does the gradient of the loss function with respect to the weights, calculated for a specific training example (x,y), represent in the context of machine learning?\n\n*",
    "Answer": "* It represents the direction and magnitude of the change needed in the weights to reduce the loss incurred by the model on that specific training example.  In other words, it indicates how much the weights should be adjusted to improve the model's prediction for that particular (x,y) pair."
  },
  "QA_Pair_13": {
    "Question": "**Question:**\n\nHow does the author suggest understanding the multi-dimensional weight and loss derivative equations (Eqs. 6.4, 6.5, and 6.6) presented in the text?\n\n*",
    "Answer": "*\n\nThe author suggests comparing each multi-dimensional equation to its simpler, one-dimensional counterpart (Eqs. 6.1, 6.2, and 6.3).  This comparison highlights the analogous forms between the one-dimensional and multi-dimensional cases, emphasizing that the main difference lies in the careful handling of matrix dimensions in the multi-dimensional case."
  },
  "QA_Pair_14": {
    "Question": "**Question:**\n\nIn the given text, what does the symbol `*` represent in the context of  `${\\bf d}^{\\ell} * {\\bf a}^{\\ell}$` and what is the nature of the vector ${\\bf d}^{\\ell}$?\n\n\n*",
    "Answer": "*\n\nThe symbol `*` represents the component-wise product (Hadamard product) of two vectors.  The vector ${\\bf d}^{\\ell}$ is a vector of length v, containing only 0s and 1s, where each element is drawn randomly with a probability p of being 1."
  },
  "QA_Pair_15": {
    "Question": "**Question:**  What variables are used to represent the input and output vectors of a module in the described system, and why were those particular variables chosen?\n\n*",
    "Answer": "* The input vector to a module is represented by 'u' and the output vector is represented by 'ν' (nu).  The authors chose these variables because 'a', 'x', 'y', and 'z' were already in use with different meanings within the system to avoid naming conflicts."
  },
  "QA_Pair_16": {
    "Question": "**Question:**  Why have neural networks become the preferred method in many applications despite a period of reduced interest?\n\n*",
    "Answer": "*  Neural networks experienced a resurgence due to continued research by several groups, coupled with an increase in available data and computational power. This led to significant improvements in their reliability and capability."
  },
  "QA_Pair_17": {
    "Question": "**Question:** What is the function `step(z)` and how does it behave for different values of  `z`?\n\n*",
    "Answer": "* The function `step(z)` is a step function (also known as a Heaviside step function).  It outputs 0 if the input `z` is less than 0, and it outputs 1 if `z` is greater than or equal to 0.  In essence, it acts as a threshold function, switching from 0 to 1 at z=0."
  },
  "QA_Pair_18": {
    "Question": "**Question:**\n\nThe text states that  $W_{\\mathrm{ij}}^{\\ l}\\ \\sim\\mathrm{Gaussian}\\left(0,\\frac{1}{\\ m^{1}}\\right)$ and mentions that computing $\\frac{\\partial\\mathrm{loss}}{\\partial Z^{\\mathrm{L}}}$ is often easier than computing $\\frac{\\partial\\mathrm{loss}}{\\partial\\mathrm{A^{L}}}$ and $\\frac{\\partial\\mathsf{A}^{\\mathrm{L}}}{\\partial Z^{\\mathrm{L}}}$.  What is the implication of this statement regarding the implementation of a loss function?\n\n\n*",
    "Answer": "*\n\nThe implication is that a more efficient implementation of a loss function should provide a \"backward method\" that directly computes $\\frac{\\partial\\mathrm{loss}}{\\partial Z^{\\mathrm{L}}}$ instead of requiring separate computations of $\\frac{\\partial\\mathrm{loss}}{\\partial\\mathrm{A^{L}}}$ and $\\frac{\\partial\\mathsf{A}^{\\mathrm{L}}}{\\partial Z^{\\mathrm{L}}}$. This is because calculating  $\\frac{\\partial\\mathrm{loss}}{\\partial Z^{\\mathrm{L}}}$ directly is often simpler and faster, particularly when using complex activation functions or loss functions."
  },
  "QA_Pair_19": {
    "Question": "**Question:**  Explain the equation  $\\frac{\\partial\\mathrm{loss}}{\\partial W_{\\mathrm{i,j}}^{1}}=\\sum_{\\mathrm{k=1}}^{\\mathrm{n^{1}}}\\frac{\\partial\\mathrm{loss}}{\\partial Z_{\\mathrm{k}}^{1}}\\frac{\\partial Z_{\\mathrm{k}}^{1}}{\\partial W_{\\mathrm{i,j}}^{1}}$ in the context of backpropagation in a neural network.  Specifically, what does each term represent and what is the overall purpose of this calculation?\n\n\n*",
    "Answer": "* This equation represents the calculation of the gradient of the loss function with respect to a specific weight $W_{i,j}^1$ in the first layer of a neural network during backpropagation. Let's break down each term:\n\n* **$\\frac{\\partial\\mathrm{loss}}{\\partial W_{\\mathrm{i,j}}^{1}}$:** This is the partial derivative of the loss function with respect to the weight connecting the i-th input neuron to the j-th neuron in the first layer ($W_{i,j}^1$).  This is the quantity we want to compute; it tells us how much a small change in this weight will affect the overall loss.\n\n* **$\\frac{\\partial\\mathrm{loss}}{\\partial Z_{\\mathrm{k}}^{1}}$:** This is the partial derivative of the loss function with respect to the pre-activation value ($Z_k^1$) of the k-th neuron in the first layer.  This represents the error signal propagated back from subsequent layers.  It indicates how much the loss is affected by a change in the pre-activation of neuron k.\n\n* **$\\frac{\\partial Z_{\\mathrm{k}}^{1}}{\\partial W_{\\mathrm{i,j}}^{1}}$:** This is the partial derivative of the pre-activation of the k-th neuron in the first layer with respect to the weight $W_{i,j}^1$.  This term will typically be 0 unless k=j, and when k=j it will represent the input value from the i-th input neuron.\n\n* **$\\sum_{\\mathrm{k=1}}^{\\mathrm{n^{1}}}$:** This summation iterates over all neurons ($n^1$) in the first layer.  It sums the contributions of each neuron's pre-activation to the total gradient with respect to $W_{i,j}^1$.\n\nThe overall purpose of this calculation is to compute the gradient of the loss function with respect to the weights in the first layer.  This gradient is then used to update the weights during the optimization process (e.g., using gradient descent), thereby reducing the loss and improving the network's performance.  The equation uses the chain rule of calculus to efficiently compute this gradient by breaking it down into manageable components."
  },
  "QA_Pair_20": {
    "Question": "**Question:**  What simplification is made in the provided text to facilitate understanding of neural network derivations?\n\n*",
    "Answer": "* The text simplifies the neural network to be one-dimensional, meaning it assumes there is only one input ($\\mathfrak{m}^{\\bar{1}}=\\bar{1}$) and one output ($\\mathfrak{n}^{\\downarrow}=1$) at each layer."
  },
  "QA_Pair_21": {
    "Question": "**Question:**  What is the key characteristic of the weight update process in stochastic gradient descent (SGD) compared to standard gradient descent?\n\n*",
    "Answer": "*  In SGD, the weight update is performed using only a single randomly selected data point (x<sup>(i)</sup>, y<sup>(i)</sup>) at each iteration, rather than the entire dataset as in standard gradient descent."
  },
  "QA_Pair_22": {
    "Question": "**Question:** What is error back-propagation, and how does it work in the context of neural networks?\n\n*",
    "Answer": "* Error back-propagation is the process of computing the gradients of the loss function with respect to the network's weights.  It involves a two-pass approach: a forward pass to calculate the activations (a) and weighted inputs (z) at each layer, culminating in the final loss; and a backward pass that starts at the output layer (L) and iteratively computes the gradients of the loss with respect to the weights in each preceding layer, going back to layer 1.  This allows the network to adjust its weights to reduce the loss."
  },
  "QA_Pair_23": {
    "Question": "**Question:**  Describe the algorithm presented in the provided pseudocode.  What type of machine learning model is being trained?\n\n*",
    "Answer": "* The pseudocode describes a stochastic gradient descent (SGD) training algorithm for a feedforward neural network (multilayer perceptron).\n\nThe algorithm initializes weights (lines 1-2) for L layers using Gaussian distributions with different variances.  It then iterates through a training dataset (lines 4-20).  For each data point (lines 5-6), it performs a forward pass (lines 7-9) to compute the network's output, calculating the loss function.  Subsequently, it conducts backpropagation (lines 12-18) to calculate the gradients of the loss function with respect to the weights.  Finally, it updates the weights using stochastic gradient descent with a learning rate η(t) (lines 19-20), which can vary over time (indicated by η(t)).  The algorithm uses a random sample of the data points in each iteration (line 5), making it stochastic.  The activation function is denoted as  f<sup>l</sup>(Z<sup>l</sup>) (line 9)."
  },
  "QA_Pair_24": {
    "Question": "**Question:** What are the two gradient descent methods mentioned for training neural networks, and what is the key difference in their approach to calculating the gradient?\n\n*",
    "Answer": "* The two methods are batch gradient descent and stochastic gradient descent (SGD). Batch gradient descent calculates the gradient by summing up the gradients over all data points, while stochastic gradient descent takes a step based on the gradient of a single data point at a time."
  },
  "QA_Pair_25": {
    "Question": "**Question:** What is the significance of the phrase \"general l\" in the provided text?\n\n*",
    "Answer": "*  The text indicates a shift in focus to a more general or broader case, likely involving a variable or parameter represented by 'l',  rather than a specific instance or value.  The context preceding this phrase would be needed to provide a more precise answer."
  },
  "QA_Pair_26": {
    "Question": "**Question:** What is the expression for the sigmoid function, often denoted as σ(z)?\n\n*",
    "Answer": "* The sigmoid function is defined as:  σ(z) = 1 / (1 + e<sup>-z</sup>)"
  },
  "QA_Pair_27": {
    "Question": "**Question:** How does the structure of neural networks and their loss functions facilitate efficient optimization using gradient descent?\n\n*",
    "Answer": "* The modular, function-composition structure of neural networks allows for easy organization of gradient computation.  Additionally, the loss function's structure as a sum of terms (one per data point) enables the use of efficient stochastic gradient methods.  These structural properties allow for improvements beyond basic gradient descent optimization."
  },
  "QA_Pair_28": {
    "Question": "Here's a question and answer pair based on the provided study question:\n\n**Question:**  The study question asks if the L=1 case reminds you of anything from earlier in the course. What aspect of the L=1 case might evoke a connection to previous material, and what prior concept could that be?  Explain your reasoning.\n\n\n*",
    "Answer": "* The L=1 case likely refers to a situation where an angular momentum quantum number (l) is equal to 1.  This immediately recalls the *p* orbitals from atomic orbital theory.  Earlier in the course, we likely learned about the shapes of atomic orbitals, and the *p* orbitals have a specific dumbbell shape which arises directly from an angular momentum quantum number of l=1.  The spatial properties described by L=1 in a new context should therefore evoke a memory of the *p* orbital's angular dependence and its characteristic directional properties."
  },
  "QA_Pair_29": {
    "Question": "**Question:**\n\nWhat does the equation  $\\mathbf{a}=\\mathbf{f}(z)=\\mathsf{f}\\left(\\left(\\sum_{\\mathrm{j}=1}^{\\mathrm{m}}x_{\\mathrm{j}}w_{\\mathrm{j}}\\right)+w_{0}\\right)=\\mathsf{f}(w^{\\mathsf{T}}x+w_{0})$ represent, and what do the variables represent?\n\n\n*",
    "Answer": "*\n\nThe equation represents a linear combination of input features  ($x_j$) weighted by  $w_j$, added to a bias term ($w_0$), and then passed through an activation function ($\\mathsf{f}$).  This is a common structure in neural networks, particularly in a single neuron or perceptron.\n\n* **x:** A vector of input features ($x_1, x_2, ..., x_m$).\n* **w:** A vector of weights ($w_1, w_2, ..., w_m$).\n* **$w_0$**: The bias term (a scalar).\n* **$w^T$**: The transpose of the weight vector.\n* **$w^Tx$**: The dot product of the weight and input vectors, representing the weighted sum of inputs.\n* **z:** The weighted sum of inputs plus the bias term ($w^Tx + w_0$).\n* **$\\mathsf{f}$:** The activation function (a non-linear function applied to z).\n* **a:** The output of the neuron or perceptron (the result of applying the activation function to z).\n\nIn essence, the equation describes a simple linear model followed by a non-linear transformation.  The output 'a' depends on the inputs 'x', the weights 'w', and the bias '$w_0$' via the function $\\mathsf{f}$."
  },
  "QA_Pair_30": {
    "Question": "**Question:** What is View 2 describing?\n\n*",
    "Answer": "* View 2 describes a brain-inspired network composed of neuron-like computing elements that learn through distributed representations."
  },
  "QA_Pair_31": {
    "Question": "**Question:**  What optimization technique is described for training a single unit in the given text, and what is its goal with respect to the loss function and dataset?\n\n*",
    "Answer": "* The text describes (stochastic) gradient descent as the optimization technique.  Its goal is to adjust the weights (w, w₀) of the single unit to minimize the loss function,  ℒ(guess, actual),  given a dataset of input-output pairs { (x⁽¹⁾, y⁽¹⁾), ..., (x⁽ⁿ⁾, y⁽ⁿ⁾) }."
  },
  "QA_Pair_32": {
    "Question": "**Question:**  How can the chain rule be written, and why is this alternative representation useful?\n\n*",
    "Answer": "* The chain rule can be written from left to right (as typically done) or from right to left.  While the left-to-right approach is common, writing it from right to left provides a useful alternative perspective that is advantageous for subsequent calculations or derivations (as implied by the text's \"where we're going next\")."
  },
  "QA_Pair_33": {
    "Question": "**Question:**  What equation is shown, and what does it represent in the context of machine learning?\n\n\n*",
    "Answer": "* The equation shown is a gradient descent update rule.  It describes how to iteratively adjust the weights (W) of a machine learning model to minimize a cost function (J).  Specifically,  `W<sub>t</sub>` represents the weights at iteration *t*, `W<sub>t-1</sub>` represents the weights at the previous iteration, η (eta) is the learning rate (a hyperparameter controlling the step size), and ∇<sub>W</sub>J(W<sub>t-1</sub>) is the gradient of the cost function with respect to the weights at the previous iteration.  The equation states that the weights are updated by subtracting a scaled version of the gradient from the previous weights.  The process is repeated until the cost function is minimized (or a satisfactory level of minimization is achieved)."
  },
  "QA_Pair_35": {
    "Question": "**Question:** What is View 3 describing?\n\n*",
    "Answer": "* View 3 describes a method for building applications that use large datasets to make predictions in highly complex fields."
  },
  "QA_Pair_36": {
    "Question": "**Question:**\n\nBased on the provided text, what are the dimensions of  ∂loss/∂Z<sup>l</sup> and its transpose, and how do these dimensions relate to the matrix multiplication in Equation 6.4 (not shown but referenced)?\n\n\n*",
    "Answer": "*\n\nThe text states that ∂loss/∂Z<sup>l</sup> has dimensions $\\mathfrak{n}^{\\downarrow}\\times1$, representing a column vector.  Its transpose, (∂loss/∂Z<sup>l</sup>)<sup>T</sup>, therefore has dimensions $1\\times\\mathfrak{n}^{\\downarrow}$, representing a row vector.  The text emphasizes that these dimensions are crucial for the matrix multiplication in Equation 6.4, ensuring that the inner dimensions of the multiplied matrices agree, resulting in a final matrix with dimensions matching the left-hand side of the equation (though the specific dimensions of the left-hand side aren't detailed here).  The correct alignment of dimensions is used to verify the correctness of the equation."
  },
  "QA_Pair_37": {
    "Question": "**Question:**\n\nExplain the equation:  $$W_{\\mathrm{t}}=W_{\\mathrm{t}-1}-\\eta\\left(\\left(\\nabla_{\\boldsymbol{W}}\\mathcal{L}(\\mathbf{N}\\mathbf{N}(\\boldsymbol{x}^{(\\mathrm{i})}),\\boldsymbol{y}^{(\\mathrm{i})};\\boldsymbol{W}_{\\mathrm{t}-1})\\right)+2\\lambda W_{\\mathrm{t}-1}\\right)$$  and its simplified form:  $$W_{\\mathrm{t}}=W_{\\mathrm{t}-1}(1-2\\lambda\\eta)-\\eta\\left(\\nabla_{\\boldsymbol{W}}\\mathcal{L}(\\mathbf{N}\\mathbf{N}(\\boldsymbol{x}^{(\\mathrm{i})}),\\boldsymbol{y}^{(\\mathrm{i})};\\boldsymbol{W}_{\\mathrm{t}-1})\\right)$$  in the context of a machine learning algorithm.  What do the individual components represent, and what is the overall purpose of this update rule?\n\n\n*",
    "Answer": "*\n\nThis equation represents a weight update rule, likely within a gradient descent-based optimization algorithm used in machine learning, specifically incorporating L2 regularization. Let's break down the components:\n\n* **W<sub>t</sub>:**  The weight vector at iteration *t*.  This is what we're trying to update.\n* **W<sub>t-1</sub>:** The weight vector at the previous iteration (t-1).  This is our starting point.\n* **η (eta):** The learning rate.  This hyperparameter controls the step size during the weight update.  A smaller η leads to smaller steps and potentially slower convergence, while a larger η can lead to overshooting and instability.\n* **∇<sub>W</sub>ℒ(NN(x<sup>(i)</sup>), y<sup>(i)</sup>; W<sub>t-1</sub>):** This is the gradient of the loss function (ℒ) with respect to the weights (W).  It represents the direction of the steepest ascent of the loss function.  The input x<sup>(i)</sup> is the i-th training example, y<sup>(i)</sup> is its corresponding target value, and NN(x<sup>(i)</sup>) represents the output of a neural network (NN) applied to the input. The gradient indicates how much changing the weights will affect the loss.\n* **λ (lambda):** The regularization parameter for L2 regularization (also called weight decay). It adds a penalty term to the loss function, discouraging large weights and preventing overfitting.\n* **2λW<sub>t-1</sub>:** This term represents the gradient contribution from the L2 regularization penalty. It's proportional to the current weights.\n\nThe equation describes an iterative process:\n\n1. **Gradient Calculation:** The gradient of the loss function with respect to the weights is computed. This gradient points in the direction of increasing loss.\n2. **Regularization Term:** The L2 regularization term (2λW<sub>t-1</sub>) is added to the gradient.  This term pushes the weights towards zero, reducing their magnitude.\n3. **Weight Update:** The weights are updated by subtracting a scaled version of the total gradient (gradient + regularization term) from the previous weights.  The scaling factor is the learning rate (η).\n\nThe simplified form is obtained by factoring out W<sub>t-1</sub> from the first two terms in the original equation.\n\nIn summary, this update rule is used to iteratively adjust the weights of a neural network (or other model) to minimize the loss function, while simultaneously preventing overfitting by employing L2 regularization.  The algorithm repeatedly calculates the gradient, incorporates regularization, and updates the weights until convergence (i.e., until the loss stops significantly decreasing or a predefined stopping criterion is met)."
  },
  "QA_Pair_38": {
    "Question": "**Question:** What are common activation functions used in hidden layers, binary classification output layers, and multi-class classification output layers, respectively?\n\n*",
    "Answer": "* ReLU (Rectified Linear Unit) activations are common in hidden layers, sigmoid activations are common for binary classification output layers, and softmax activations are common for multi-class classification output layers."
  },
  "QA_Pair_39": {
    "Question": "**Question:**  In the given text, what is the size of the matrix  ∂A<sup>l</sup>/∂Z<sup>l</sup> and how is its (i,j) entry calculated, especially considering the relationship between A<sup>l</sup> and Z<sup>l</sup> and the impact of the activation function?\n\n\n*",
    "Answer": "* The matrix ∂A<sup>l</sup>/∂Z<sup>l</sup> has a size of n<sup>l</sup> x n<sup>l</sup>.  The (i,j) entry,  ∂A<sup>l</sup><sub>j</sub>/∂Z<sup>l</sup><sub>i</sub>, is calculated as follows:  If the activation function is not softmax, A<sup>l</sup><sub>j</sub> typically depends only on Z<sup>l</sup><sub>j</sub>. Therefore, ∂A<sup>l</sup><sub>j</sub>/∂Z<sup>l</sup><sub>i</sub> = 0 when i ≠ j, and ∂A<sup>l</sup><sub>j</sub>/∂Z<sup>l</sup><sub>j</sub> = (f<sup>l</sup>)'(Z<sup>l</sup><sub>j</sub>), where (f<sup>l</sup>)' represents the derivative of the activation function at Z<sup>l</sup><sub>j</sub>."
  },
  "QA_Pair_40": {
    "Question": "**Question:**  What were the main limitations of neural networks in the 1990s that led to a decline in enthusiasm, and what alternative methods emerged as more reliable?\n\n*",
    "Answer": "*  In the 1990s, neural networks suffered from slow training speeds and a tendency to get stuck in local optima during backpropagation.  This led to the rise of Support Vector Machines (SVMs) and kernel methods as more reliable alternatives because they offered guaranteed convergence and avoided the problem of local optima through techniques like margin maximization and efficient feature transformations."
  },
  "QA_Pair_41": {
    "Question": "**Question:**\n\nDescribe the algorithm depicted in the provided pseudocode, focusing on its core functionality and the roles of key parameters like `n`, `K`, and `BATCH`.\n\n*",
    "Answer": "*\n\nThe pseudocode describes a stochastic gradient descent (SGD) algorithm for training a neural network (NN).  Let's break down the steps:\n\n* **Line 1:** `n` is assigned the length (number of samples) in the dataset `data`.\n\n* **Line 2:** The `while not done` loop indicates iterative training until a stopping criterion (not explicitly defined) is met.  This criterion might be a maximum number of epochs, a convergence threshold, or another condition.\n\n* **Line 3:** `RANDOM-SHUFFLE(data)` shuffles the dataset randomly before each iteration. This is crucial for SGD to avoid biases introduced by the order of data samples.\n\n* **Line 4-5:** This is the core of the SGD update. The data is processed in batches of size `K`.  The loop iterates from `i = 1` to `⌈n/K⌉`, representing the number of batches (the ceiling function ensures all samples are included even if `n` is not perfectly divisible by `K`). `RADIENT-UPDATE(NN, data[(i-1)K:iK])` computes the gradient using the `i`-th batch of data (`data[(i-1)K:iK]`) and updates the weights of the neural network (`NN`) accordingly.  `BATCH` likely refers to the batch size `K`.\n\nIn essence, the algorithm randomly shuffles the data and then iteratively updates the neural network's weights using mini-batches of data. This stochastic approach is computationally efficient for large datasets compared to using the full dataset for each gradient update (batch gradient descent). The `while not done` loop implies the process repeats until a satisfactory level of model training is achieved."
  },
  "QA_Pair_42": {
    "Question": "**Question:**  In the given text describing a neural network layer, what do the matrix **W** and vector **W<sub>0</sub>** represent, and what are the dimensions influenced by the number of inputs (minputs), units (nunits), and outputs (noutputs)?\n\n\n*",
    "Answer": "* The matrix **W** represents the collection of weights for all units in the layer, with each unit having its own weight vector.  The vector **W<sub>0</sub>** represents the collection of offsets (biases) for each unit in the layer. The dimensions of **W** and **W<sub>0</sub>** are implicitly defined by the context but are related to *minputs* and *nunits*.  The number of outputs (*noutputs*) is not directly used to define the dimensions of **W** or **W<sub>0</sub>** within this specific description.  The provided text only states that these parameters exist within the context of a layer with *minputs* and *nunits*, leaving the precise dimensions of **W** and **W<sub>0</sub>** unspecified beyond that relationship."
  },
  "QA_Pair_43": {
    "Question": "**Question:**  Explain why the derivative of the loss with respect to the weight matrix W<sup>(l)</sup>,  ∂loss/∂W<sup>(l)</sup>, is itself a matrix of the same size as W<sup>(l)</sup>, and what this representation signifies in the context of Stochastic Gradient Descent (SGD).\n\n\n*",
    "Answer": "* The derivative ∂loss/∂W<sup>(l)</sup> is a matrix of the same size as W<sup>(l)</sup> because each entry (i,j) in this derivative matrix represents the partial derivative of the loss function with respect to the corresponding weight  W<sup>(l)</sup><sub>i,j</sub>.  Since W<sup>(l)</sup> is a matrix of weights, its derivative with respect to the scalar loss function will be a matrix holding the partial derivatives for each individual weight.  In the context of SGD, this matrix representation is crucial because it provides the gradient for *all* the weights simultaneously.  SGD requires calculating these gradients to update each weight individually in the direction of minimizing the loss, and the matrix form efficiently represents all these individual updates."
  },
  "QA_Pair_44": {
    "Question": "**Question:**  Explain the meaning and purpose of the given equation, focusing on the concept it represents and the role of each term.  What machine learning technique does this equation relate to, and what is being calculated?\n\n\n*",
    "Answer": "* The equation demonstrates the backpropagation algorithm used to calculate the gradient of the loss function with respect to the weights (**w<sup>l</sup>**) of a particular layer (l) in a neural network.  It shows the chain rule of calculus applied to compute this gradient.\n\nLet's break down the terms:\n\n* **∂loss/∂w<sup>l</sup>:** This is the goal – the gradient of the loss function with respect to the weights of layer l.  This gradient tells us how much a change in the weights of layer l affects the overall loss.\n\n* **∂loss/∂a<sup>L</sup>:** This represents the gradient of the loss function with respect to the activations (a) of the output layer (L).  It indicates how much the output layer's activations contribute to the loss.\n\n* **(f<sup>i</sup>)'(z<sup>i</sup>):** This represents the derivative of the activation function (f<sup>i</sup>) at layer *i* with respect to its pre-activation input (z<sup>i</sup>). This accounts for the non-linearity introduced by the activation function.\n\n* **w<sup>i</sup>:** This represents the weight matrix of layer *i*.\n\n* **a<sup>i</sup>:** This represents the activation vector of layer *i*.\n\n\nThe equation shows the chain rule being used to propagate the error gradient from the output layer back to layer l.  Each term represents the contribution of a layer to the overall gradient.  By calculating this gradient, the algorithm can update the weights using an optimization method (e.g., gradient descent) to minimize the loss function and improve the model's performance.  The final simplification,  ∂loss/∂z<sup>l</sup> ⋅ a<sup>l-1</sup>, provides a more concise representation of the gradient for the weights of layer l.  The equation specifically relates to backpropagation in the context of neural network training."
  },
  "QA_Pair_45": {
    "Question": "**Question:**  Compare the sigmoid, ReLU, and tanh activation functions. Which one most closely resembles a step function, and how could a sigmoid function be modified to more closely approximate a step function?\n\n\n*",
    "Answer": "*  Of the three activation functions (sigmoid, ReLU, and tanh), the **sigmoid** most closely resembles a step function, although none perfectly replicate it.  The sigmoid's output smoothly transitions between 0 and 1, akin to a smoothed step.  ReLU is more like a ramp, and tanh oscillates around 0.\n\nTo make a sigmoid function more like a step function, you could add a **steepness parameter**.  The standard sigmoid is:\n\n`σ(x) = 1 / (1 + exp(-x))`\n\nAdding a steepness parameter, 'k',  modifies it to:\n\n`σ(x) = 1 / (1 + exp(-kx))`\n\nIncreasing the value of 'k' makes the transition between 0 and 1 sharper and more abrupt, thereby making it resemble a step function more closely.  A very large 'k' would result in a near-perfect step function."
  },
  "QA_Pair_46": {
    "Question": "**Question:**\n\nBased on the provided text, what is the value of  ∂Zₖˡ/∂Wᵢⱼˡ, and under what condition is it non-zero?\n\n\n*",
    "Answer": "*\n\n∂Zₖˡ/∂Wᵢⱼˡ is zero except when k = i.  Only when k equals i will the partial derivative be non-zero."
  },
  "QA_Pair_48": {
    "Question": "**Question:** What is weight decay, and how does it relate to ridge regression?\n\n*",
    "Answer": "* Weight decay is a regularization technique that penalizes the norm of all the weights in a model, similar to how ridge regression works.  It reduces the magnitude of the weights, preventing overfitting by discouraging overly complex models."
  },
  "QA_Pair_49": {
    "Question": "**Question:**  What is a significant concern in neural network training that, despite its theoretical importance, is often not a major problem in practice with modern deep learning models, and what are some potential solutions to mitigate it?\n\n*",
    "Answer": "* Overfitting to the training data is a significant concern.  While theoretically important, it's often not a huge problem in practice with large, modern deep neural networks trained on massive datasets.  Several regularization strategies exist to address this concern when necessary."
  },
  "QA_Pair_50": {
    "Question": "**Question:**  Why is it important to know how to derive the gradients of loss with respect to  $W_{0}^{\\tt l}$ in the context of the provided text?\n\n*",
    "Answer": "*  Knowing how to derive these gradients is crucial because they are needed for stochastic gradient descent (SGD), an optimization algorithm used to update the weights ($W_{0}^{\\tt l}$) and improve the model's performance.  The text highlights that while pre-computed results can be used, understanding the derivation process is essential for implementing and modifying the optimization procedure."
  },
  "QA_Pair_51": {
    "Question": "**Question:**  What does the equation $\\mathsf{A}^{\\mathrm{L}}=\\mathsf{W}^{\\mathrm{L}^{\\top}}\\mathsf{A}^{\\mathrm{L}-1}=\\mathsf{W}^{\\mathrm{L}^{\\top}}\\mathsf{W}^{\\mathrm{L}-1^{\\top}}\\cdot\\cdot\\cdot\\mathsf{W}^{1^{\\top}}\\mathsf{X}$ represent, and what do the variables likely represent?\n\n\n*",
    "Answer": "* The equation represents a recursive computation of a matrix $\\mathsf{A}^{\\mathrm{L}}$  through a series of linear transformations.  It likely describes a layered process, potentially within a neural network or a similar iterative algorithm.\n\n* $\\mathsf{A}^{\\mathrm{L}}$ represents the output matrix at layer L.\n* $\\mathsf{W}^{\\mathrm{i}}$ represents a weight matrix at layer i.  The superscript T denotes the transpose.\n* $\\mathsf{X}$ represents the input matrix.\n\nEach layer's output $\\mathsf{A}^{\\mathrm{i}}$ is computed by multiplying the weight matrix at that layer ($\\mathsf{W}^{\\mathrm{i}}$) transposed, by the output from the previous layer ($\\mathsf{A}^{\\mathrm{i}-1}$).  The final output $\\mathsf{A}^{\\mathrm{L}}$ is therefore a composition of all the weight matrices from layer 1 to layer L applied to the initial input X.  This is a common pattern in backpropagation calculations within deep learning architectures."
  },
  "QA_Pair_52": {
    "Question": "Here's a question and answer pair based on your study question:\n\n**Question:**  When using the identity activation function, $A_j^l = Z_j^l$, what is the partial derivative $\\frac{\\partial A_j^l}{\\partial Z_j^l}$ for any neuron *j* in layer *l*? What is the resulting Jacobian matrix $\\frac{\\partial \\mathbf{A}^l}{\\partial \\mathbf{Z}^l}$?\n\n\n*",
    "Answer": "*\n\nIf the activation function is the identity function, then $A_j^l = Z_j^l$.  Therefore, the partial derivative is simply:\n\n$\\frac{\\partial A_j^l}{\\partial Z_j^l} = 1$  for all *j*.\n\nThe Jacobian matrix $\\frac{\\partial \\mathbf{A}^l}{\\partial \\mathbf{Z}^l}$ is a diagonal matrix with all diagonal elements equal to 1.  Its size is the same as the number of neurons in layer *l*.  If layer *l* has *n* neurons, the Jacobian is an *n x n* identity matrix:\n\n\n$\\frac{\\partial \\mathbf{A}^l}{\\partial \\mathbf{Z}^l} = \\mathbf{I}_n = \\begin{bmatrix} 1 & 0 & \\cdots & 0 \\\\ 0 & 1 & \\cdots & 0 \\\\ \\vdots & \\vdots & \\ddots & \\vdots \\\\ 0 & 0 & \\cdots & 1 \\end{bmatrix}$"
  },
  "QA_Pair_53": {
    "Question": "**Question:** What is the output of a softmax function, and what is a key property of this output concerning its elements?\n\n*",
    "Answer": "* The softmax function takes a vector Z ∈ ℝⁿ as input and outputs a vector A ∈ (0,1)ⁿ.  A key property of this output vector A is that its elements sum to 1,  Σᵢ₌₁ⁿ Aᵢ = 1, meaning it represents a probability distribution over n items."
  },
  "QA_Pair_54": {
    "Question": "**Question:**  What is the current consensus regarding the optimal placement of batch normalization in a neural network architecture (before or after the activation function)?\n\n*",
    "Answer": "*  There's no definitive consensus. While the original paper suggested placing batch normalization before the activation function, subsequent research has shown that placing it afterward can sometimes yield slightly better results.  The optimal placement depends on factors that are not yet fully understood."
  },
  "QA_Pair_55": {
    "Question": "**Question:**  What does the notation \"h(x; W)\" represent in the context of a neural network?\n\n*",
    "Answer": "*  \"h(x; W)\" represents the output of a neural network, where 'h' is the function implemented by the network, 'x' is the input to the network, and 'W' represents all the weight matrices and vectors within the network's architecture.  The semicolon indicates that 'W' is a parameter of the function 'h', meaning the output depends on both the input 'x' and the network's weights 'W'."
  },
  "QA_Pair_56": {
    "Question": "**Question:** What is the author's plan for the next section of the text regarding the concepts introduced earlier?\n\n*",
    "Answer": "* The author plans to re-explain the previous derivations, but this time allowing for any number of inputs ($\\mathfrak{m}^{\\bar{1}}$) and outputs ($\\mathfrak{n}^{\\mathrm{i}}$) at each layer.  They will first present the results, then offer an intuitive explanation, and finally provide a rigorous derivation."
  },
  "QA_Pair_57": {
    "Question": "**Question:** What does the equation  $$ \\mathrm{J}(w,w_{0})=\\sum_{\\mathrm{i}}\\mathcal{L}\\left(\\mathrm{NN}(\\mathrm{x}^{(\\mathrm{i})};w,w_{0}),\\mathrm{y}^{(\\mathrm{i})}\\right) $$ represent, and what do the variables represent?\n\n\n*",
    "Answer": "* The equation represents a cost function (or loss function) J for a neural network (NN).  It calculates the total loss across all training examples.\n\n* **J(w, w₀):**  The overall cost function, which depends on the weights (parameters) of the neural network.  `w` likely represents the weights of the main network layers, while `w₀` might represent weights for a separate part (e.g., bias weights, or weights in a different part of a larger network).\n\n* **∑ᵢ:** This is a summation over all training examples, indexed by `i`.\n\n* **x⁽ⁱ⁾:** The input features for the i-th training example.\n\n* **NN(x⁽ⁱ⁾; w, w₀):**  The output of the neural network for the i-th input example, given the weights `w` and `w₀`.\n\n* **y⁽ⁱ⁾:** The true label (target output) for the i-th training example.\n\n* **ℒ(NN(x⁽ⁱ⁾; w, w₀), y⁽ⁱ⁾):** The loss function (e.g., mean squared error, cross-entropy) that quantifies the difference between the neural network's prediction, NN(x⁽ⁱ⁾; w, w₀), and the true label, y⁽ⁱ⁾, for the i-th training example.  The entire sum calculates the average error across all data points.  The goal during training is to minimize this cost function J by adjusting the weights `w` and `w₀`."
  },
  "QA_Pair_58": {
    "Question": "**Question:**  Explain how one can verify the equation  ∂Z¹/∂A¹⁻¹ = W¹ by comparing the individual matrix entries of the matrices on both sides of the equation. What does this comparison entail and what does it demonstrate about the relationship between Z¹, A¹⁻¹, and W¹?\n\n\n*",
    "Answer": "* To verify the equation ∂Z¹/∂A¹⁻¹ = W¹, one needs to perform a component-wise comparison of the matrices.  This means examining each element (entry) of the resulting matrix from the partial derivative ∂Z¹/∂A¹⁻¹ and comparing it to the corresponding element in matrix W¹.\n\nThe process involves calculating the partial derivative of each element of Z¹ with respect to each element of A¹⁻¹. This will result in a matrix of partial derivatives.  If this resulting matrix of partial derivatives is identical to matrix W¹ (meaning each corresponding entry is equal), then the equation ∂Z¹/∂A¹⁻¹ = W¹ is verified.  This demonstrates that W¹ represents the sensitivity or rate of change of Z¹ with respect to changes in A¹⁻¹.  Essentially, each element of W¹ shows how a small change in a specific element of A¹⁻¹ affects the corresponding element in Z¹.  This reveals a functional relationship between Z¹, A¹⁻¹, and W¹, where W¹ acts as a Jacobian matrix describing the transformation from A¹⁻¹ to Z¹."
  },
  "QA_Pair_60": {
    "Question": "**Question:** Why was the notation changed in the text regarding the dimension of the input in the neural network description?\n\n*",
    "Answer": "* The notation was changed to maintain consistency with other accounts of neural networks, acknowledging that a completely consistent notation across all sources is impossible due to the many different ways of describing this topic."
  },
  "QA_Pair_61": {
    "Question": "**Question:** What does the equation  $\\mathsf{A}^{\\mathrm{L}}={W}^{\\mathrm{total}}\\mathsf{X}$ represent?  (Assume the context involves some form of linear algebra or matrix manipulation.)\n\n\n*",
    "Answer": "* The equation $\\mathsf{A}^{\\mathrm{L}}={W}^{\\mathrm{total}}\\mathsf{X}$ likely represents a linear transformation.  $\\mathsf{A}^{\\mathrm{L}}$ is a result vector (or matrix),  ${W}^{\\mathrm{total}}$ is a transformation matrix (or weight matrix), and $\\mathsf{X}$ is an input vector (or matrix). The equation shows how the input $\\mathsf{X}$ is transformed into the output $\\mathsf{A}^{\\mathrm{L}}$ through the application of the transformation matrix ${W}^{\\mathrm{total}}$.  The superscript \"L\" on $\\mathsf{A}$ might indicate a specific type of transformation or a particular layer in a multi-layered process (common in neural networks)."
  },
  "QA_Pair_62": {
    "Question": "**Question:** What does the equation $\\mathsf{A}^{\\mathsf{l}}=\\mathsf{f}^{\\mathsf{l}}(Z^{\\mathsf{l}})$ represent?\n\n\n*",
    "Answer": "*  The equation $\\mathsf{A}^{\\mathsf{l}}=\\mathsf{f}^{\\mathsf{l}}(Z^{\\mathsf{l}})$ likely represents a function $\\mathsf{f}^{\\mathsf{l}}$ mapping an input $Z^{\\mathsf{l}}$ to an output $\\mathsf{A}^{\\mathsf{l}}$.  The superscript 'l' suggests this is a layer-specific representation, possibly within a layered model (like a neural network).  $\\mathsf{A}^{\\mathsf{l}}$ could represent the activations of layer 'l', and $Z^{\\mathsf{l}}$ might be the input to that layer (or the weighted sum of inputs before an activation function is applied).  The specific meaning depends on the context of where this equation appears."
  },
  "QA_Pair_63": {
    "Question": "**Question:** What is a surprising similarity noted among early stopping, weight decay, and adding noise to training data in machine learning?\n\n*",
    "Answer": "*  These three strategies, while seemingly different, have been shown to produce similar effects on model training."
  },
  "QA_Pair_64": {
    "Question": "**Question:** How do multiple layers in a single neural network typically interact with each other?\n\n*",
    "Answer": "* The outputs of one layer are fed as inputs to the next layer."
  },
  "QA_Pair_65": {
    "Question": "**Question:** Which loss functions were discussed in Chapters 2 and 4 of the text?\n\n*",
    "Answer": "* Chapter 2 covered squared loss, while Chapter 4 discussed negative log-likelihood (NLL) and negative log-likelihood with a margin (NLLM)."
  },
  "QA_Pair_66": {
    "Question": "**Question:**  Explain the equations provided, focusing on the meaning of each term and how they relate to backpropagation in a neural network.  Specifically, address the significance of the chain rule in these equations and what the superscripts (e.g., 1, L) represent.\n\n\n*",
    "Answer": "*\n\nThe equations depict the application of the chain rule for calculating the gradient of the loss function with respect to the weights ($w$) of a neural network layer. This is a crucial step in backpropagation, where the error is propagated backward through the network to update the weights.\n\nLet's break down the terms:\n\n* **`loss`:** This represents the loss function, a measure of the difference between the network's predictions and the actual target values.  The goal of training is to minimize this loss.\n\n* **`w<sup>l</sup>`:** This represents the weight matrix of the *l*-th layer in the network.  The superscript *l* indexes the layer (e.g., *l*=1 is the first layer, *l*=L is the last layer).\n\n* **`a<sup>l</sup>`:** This represents the activations (outputs) of the *l*-th layer.  These are the results of applying the activation function to the weighted sum of inputs to that layer.\n\n* **`z<sup>l</sup>`:** This represents the weighted sum of inputs to the *l*-th layer before the activation function is applied.  It's often called the pre-activation.\n\n* **`∂loss/∂w<sup>1</sup>`:** This is the partial derivative of the loss function with respect to the weights of the first layer.  This is the quantity we want to calculate to update the weights of the first layer using gradient descent.\n\nThe first equation,  `∂loss/∂w<sup>1</sup> = a<sup>1-1</sup> ⋅ ∂loss/∂z<sup>1</sup>`, shows that the gradient with respect to the weights of the first layer is the product of the activations from the previous layer (a<sup>1-1</sup>) and the gradient of the loss with respect to the pre-activation of the first layer (∂loss/∂z<sup>1</sup>).\n\nThe second equation,  `∂loss/∂z<sup>1</sup> = ...`, demonstrates the chain rule in action. It recursively calculates ∂loss/∂z<sup>1</sup> by successively multiplying the derivatives of each layer's activations with respect to their pre-activations and the weights connecting subsequent layers, all the way to the final layer L.  This shows how the error signal propagates back through the network. The final term,  `∂loss/∂a<sup>L</sup>`, represents the gradient of the loss function with respect to the activations of the output layer (the final layer).\n\nIn essence, these equations provide a formula for computing the gradient of the loss function with respect to the weights of a specific layer using the chain rule, enabling the efficient update of weights during the backpropagation phase of training a neural network. The superscripts are crucial for tracking the flow of information across different layers of the network."
  },
  "QA_Pair_67": {
    "Question": "**Question:** What computational challenge does the text identify with selecting *K* unique data points from a large dataset, and what alternative strategy is suggested to overcome this?\n\n\n*",
    "Answer": "* The text identifies the potential computational difficulty of picking *K* unique data points at random from a large dataset.  The suggested alternative is to use an efficient random shuffling procedure (either of the dataset itself or a list of its indices) within a loop to select the unique data points. This avoids the computational cost associated with directly selecting unique points."
  },
  "QA_Pair_68": {
    "Question": "**Question:**  Using the same reasoning as applied in the preceding example (which is not provided here, but assumed to exist in the context), derive the gradient of the loss function with respect to the weight matrix  $W_{0}^{\\tt l}$.  Show your steps.\n\n\n*",
    "Answer": "*  (The answer will depend entirely on the preceding example and the definition of the loss function and  $W_{0}^{\\tt l}$. A hypothetical answer would look like this):\n\nAssuming the loss function is L and the preceding example demonstrated backpropagation using chain rule, we can express the gradient as:\n\n$\\frac{\\partial L}{\\partial W_{0}^{\\tt l}} = \\frac{\\partial L}{\\partial a^{\\tt l}} \\frac{\\partial a^{\\tt l}}{\\partial z^{\\tt l}} \\frac{\\partial z^{\\tt l}}{\\partial W_{0}^{\\tt l}}$\n\nwhere:\n\n* $L$ is the loss function.\n* $a^{\\tt l}$ is the activation at layer l.\n* $z^{\\tt l}$ is the weighted sum of inputs at layer l (e.g., $z^{\\tt l} = W^{\\tt l}a^{\\tt l-1} + b^{\\tt l}$).\n* $W_{0}^{\\tt l}$ is a specific weight matrix (the subscript 0 indicates a specific element or subset within the matrix).\n\n\nFurther derivation requires knowledge of the activation function (used to calculate $a^{\\tt l}$ from $z^{\\tt l}$) and the specific structure of $z^{\\tt l}$ and the loss function L.  For instance, if the activation function is a sigmoid function, its derivative would be included in the calculation. Assuming $z^{\\tt l} = W_{0}^{\\tt l}x + b^{\\tt l}$, where x is the input and b is the bias,  then $\\frac{\\partial z^{\\tt l}}{\\partial W_{0}^{\\tt l}} = x$. The final gradient would then be a function of the error at layer l (derived from $\\frac{\\partial L}{\\partial a^{\\tt l}}$), the derivative of the activation function, and the input x.  Therefore a complete answer would require a full specification of the surrounding context."
  },
  "QA_Pair_70": {
    "Question": "**Question:**  Explain how a neural network with multiple linear layers can always be represented by a single equivalent linear layer, assuming the activation function is the identity function.\n\n*",
    "Answer": "*  A neural network with multiple linear layers, where each layer performs a linear transformation (matrix multiplication followed by a bias addition), can be reduced to a single linear layer because matrix multiplication is associative.  Let's consider a network with three layers for simplicity:\n\n* Layer 1:  `y1 = W1x + b1`  (x is the input, W1 is the weight matrix, b1 is the bias vector)\n* Layer 2:  `y2 = W2y1 + b2`\n* Layer 3:  `y3 = W3y2 + b3`\n\nSubstituting `y1` into the equation for `y2`, and then `y2` into the equation for `y3`, we get:\n\n`y3 = W3(W2(W1x + b1) + b2) + b3`\n\nExpanding this, we arrive at:\n\n`y3 = (W3W2W1)x + (W3W2b1 + W3b2 + b3)`\n\nThis demonstrates that the output `y3` is a linear function of the input `x`.  The combined weight matrix is `W3W2W1` (a product of the individual layer weight matrices), and the combined bias vector is `W3W2b1 + W3b2 + b3`. This principle extends to any number of linear layers; the multiple layers can always be collapsed into a single layer with an equivalent weight matrix and bias vector.  Therefore, any function representable by any number of linear layers with the identity activation function is inherently representable by a single linear layer.  The multiple layers add no additional expressive power in this scenario."
  },
  "QA_Pair_71": {
    "Question": "**Question:**\n\nWhat does the equation  $$ \\mathrm{J}(W)=\\sum_{\\mathrm{i}=1}^{\\mathrm{n}}\\mathcal{L}(\\mathrm{NN}(x^{(\\mathrm{i})}),{y^{(\\mathrm{i})}};\\mathrm{W})+\\lambda\\|W\\|^{2} $$ represent, and explain the meaning of each component?\n\n\n*",
    "Answer": "*\n\nThis equation represents the cost function (or objective function) for a neural network (NN) with weight matrix  `W`.  Let's break down each component:\n\n\n* **∑ᵢ₌₁ⁿ:** This is a summation over the entire training dataset, where 'n' is the number of training examples.  The cost function is calculated by summing the error over all training examples.\n\n* **ℒ(NN(x⁽ⁱ⁾), y⁽ⁱ⁾; W):** This is the loss function for a single training example.  It measures the difference between the neural network's prediction, NN(x⁽ⁱ⁾), and the actual target value, y⁽ⁱ⁾, for the i-th training example.  The prediction is made using the current weights `W`.  The specific choice of loss function (e.g., mean squared error, cross-entropy) depends on the nature of the problem (regression or classification).\n\n* **λ||W||²:** This is the regularization term (specifically L2 regularization or weight decay).  It adds a penalty to the cost function proportional to the magnitude of the weights `W`.  The parameter λ (lambda) controls the strength of this penalty. Regularization helps prevent overfitting by discouraging the network from learning overly complex models that might perform well on the training data but poorly on unseen data.\n\n* **J(W):** This represents the total cost function, which is the sum of the loss over all training examples plus the regularization term. The goal of training the neural network is to find the weight matrix `W` that minimizes this cost function."
  },
  "QA_Pair_72": {
    "Question": "**Question:** What does the function `MINI-BATCH-SGD(NN, data, K)` likely represent, given the parameters?\n\n*",
    "Answer": "*  `MINI-BATCH-SGD(NN, data, K)` likely represents a mini-batch stochastic gradient descent algorithm for training a neural network.  `NN` represents the neural network model, `data` represents the training dataset, and `K` represents the mini-batch size.  The function iteratively updates the neural network's weights using gradient descent, but instead of using the entire dataset in each iteration (as in batch gradient descent), it uses smaller mini-batches of size `K` to improve efficiency and potentially escape local minima."
  },
  "QA_Pair_73": {
    "Question": "**Question:** What is the update rule used in batch (or vanilla) gradient descent, and what do the symbols represent?\n\n\n*",
    "Answer": "* The update rule for batch gradient descent is:\n\nθ = θ - α∇L(θ)\n\nWhere:\n\n* θ represents the model's parameters (weights and biases).\n* α represents the learning rate (a hyperparameter controlling the step size).\n* ∇L(θ) represents the gradient of the loss function L with respect to the parameters θ.  This gradient is calculated using the *entire* training dataset in each iteration."
  },
  "QA_Pair_74": {
    "Question": "**Question:** What mathematical function is represented by the provided equation, and what is its purpose?  Explain the notation used.\n\n\n*",
    "Answer": "* The equation represents the softmax function.  It takes a vector *z* of arbitrary real numbers as input and transforms it into a probability distribution vector.  Each element of the output vector is a probability, ranging from 0 to 1, and the sum of all elements is equal to 1.\n\nSpecifically:\n\n*  `z` is a vector  `[z₁, z₂, ..., zₙ]` where each `zᵢ` is a real number.\n*  `exp(zᵢ)` represents the exponential function applied to each element `zᵢ` of the vector `z`.\n*  `∑ᵢ exp(zᵢ)` represents the sum of the exponentials of all elements in the vector `z`.\n*  The output is a vector where each element `exp(zᵢ) / ∑ᵢ exp(zᵢ)` represents the probability associated with that element after normalization.\n\nThe softmax function is commonly used in machine learning, particularly in the output layer of multi-class classification models to convert raw model scores into a probability distribution over different classes."
  },
  "QA_Pair_75": {
    "Question": "**Question:** When was this document last updated?\n\n*",
    "Answer": "* April 7th, 2024, at 4:49:48 PM."
  },
  "QA_Pair_77": {
    "Question": "Here's a question and answer pair based on the study question:\n\n\n**Question:**  Describe the full Stochastic Gradient Descent (SGD) algorithm for training a neural network, including the steps involved in a single iteration. Assume a simple neural network with one input layer, one hidden layer, and one output layer.\n\n\n*",
    "Answer": "*\n\nThe Stochastic Gradient Descent (SGD) algorithm for training a neural network iteratively updates the network's weights and biases to minimize a loss function. Here's a step-by-step breakdown for a single iteration, considering a simple network architecture (one input layer, one hidden layer, and one output layer):\n\n\n1. **Forward Pass:**\n    * For a single training example (x, y) from the dataset:\n    * Calculate the weighted sum of inputs for each neuron in the hidden layer:  `z_h = W_h * x + b_h`  where `W_h` is the weight matrix connecting the input and hidden layers, `x` is the input vector, and `b_h` is the bias vector of the hidden layer.\n    * Apply an activation function (e.g., sigmoid, ReLU) to the hidden layer's weighted sum: `a_h = activation(z_h)`\n    * Repeat the above two steps for the output layer: `z_o = W_o * a_h + b_o` and `a_o = activation(z_o)`, where `W_o` and `b_o` are the weight matrix and bias vector connecting the hidden and output layers respectively.  The activation function for the output layer depends on the problem (e.g., sigmoid for binary classification, softmax for multi-class classification).\n\n2. **Loss Calculation:**\n    * Calculate the loss function (e.g., Mean Squared Error (MSE) for regression, cross-entropy for classification) based on the predicted output (`a_o`) and the actual target value (`y`).\n\n3. **Backward Pass (Backpropagation):**\n    * Calculate the gradients of the loss function with respect to the weights and biases of the output layer (`∂L/∂W_o`, `∂L/∂b_o`).  This typically involves using the chain rule of calculus.\n    * Calculate the gradients of the loss function with respect to the weights and biases of the hidden layer (`∂L/∂W_h`, `∂L/∂b_h`).  This also uses the chain rule and involves propagating the error from the output layer back to the hidden layer.\n\n4. **Weight and Bias Update:**\n    * Update the weights and biases of both layers using the calculated gradients and a learning rate (α):\n        * `W_o = W_o - α * ∂L/∂W_o`\n        * `b_o = b_o - α * ∂L/∂b_o`\n        * `W_h = W_h - α * ∂L/∂W_h`\n        * `b_h = b_h - α * ∂L/∂b_h`\n\n\n5. **Repeat:** Repeat steps 1-4 for a specified number of epochs (passes through the entire training dataset) or until a convergence criterion is met.  Note that in true SGD, only *one* training example is used per iteration.  Mini-batch SGD uses a small batch of training examples instead of a single one, offering a compromise between SGD's stochastic nature and the computational cost of using the entire dataset.\n\n\nThis outlines the core steps.  The specific implementation details (activation functions, loss function, etc.) will vary depending on the specific problem and the design choices made for the neural network.  Libraries like TensorFlow and PyTorch greatly simplify implementing this algorithm."
  },
  "QA_Pair_78": {
    "Question": "Here's a question and answer pair about the Rectified Linear Unit (ReLU):\n\n**Question:** What is a Rectified Linear Unit (ReLU) and what is its primary advantage over sigmoid or tanh activation functions in neural networks?\n\n*",
    "Answer": "* A Rectified Linear Unit (ReLU) is an activation function defined as  `f(x) = max(0, x)`.  It outputs the input directly if it's positive, and outputs zero otherwise.  Its primary advantage over sigmoid or tanh functions is that it avoids the vanishing gradient problem.  Sigmoid and tanh functions saturate at their extremes (approaching 0 or 1), leading to very small gradients during backpropagation, which hinders learning, especially in deep networks.  ReLU's linear nature for positive inputs prevents this saturation, allowing for faster and more efficient training.  While ReLU has its own limitations (like the \"dying ReLU\" problem), its simplicity and effectiveness in mitigating the vanishing gradient have made it a popular choice in many neural network architectures."
  },
  "QA_Pair_79": {
    "Question": "**Question:** What is one way to understand or interpret neural networks?\n\n*",
    "Answer": "*  Neural networks can be viewed from several different perspectives."
  },
  "QA_Pair_80": {
    "Question": "**Question:** How does batch normalization affect the input to each layer during mini-batch training, and what is its impact on weight updates?\n\n*",
    "Answer": "*  Batch normalization standardizes the input values for each mini-batch by subtracting the mean and dividing by the standard deviation of each input dimension. This keeps the scale of inputs consistent regardless of weight changes in previous layers.  However, this standardization necessitates modifications to the weight update calculations to account for the transformation.  From a modular perspective, batch normalization acts as a module applied to the intermediate layer's output (z¹), positioned between the weighted input and the activation function."
  },
  "QA_Pair_81": {
    "Question": "**Question:** What is a secondary, unexpected benefit of batch normalization besides addressing covariate shift, and how does it achieve this?\n\n*",
    "Answer": "*  Batch normalization acts as a regularizer.  This happens because each mini-batch is slightly perturbed, preventing the network from overfitting to specific data point values, similar to the effects of noise injection and dropout."
  },
  "QA_Pair_82": {
    "Question": "**Question:** What technique is described in the text for achieving the same average activation levels in a neural network after training, and what parameter is used in this technique?\n\n*",
    "Answer": "* The text describes multiplying all weights by a parameter $\\mathfrak{p}$ after training to maintain consistent average activation levels."
  },
  "QA_Pair_83": {
    "Question": "**Question:** What does \"NN\" represent in the context of the given sentence?\n\n*",
    "Answer": "* NN represents the output of a single-unit neural network for a specific input."
  },
  "QA_Pair_84": {
    "Question": "**Question:**\n\nWhat does the equation  `A = f(Z) = f(WᵀX + W₀)` represent, and what do the variables likely represent in a machine learning context?\n\n\n*",
    "Answer": "*\n\nThe equation `A = f(Z) = f(WᵀX + W₀)` likely represents a simple linear model followed by an activation function in a machine learning context.  Let's break down the variables:\n\n* **X:** This is likely a feature vector (input data).\n* **W:** This is a weight matrix, representing the learned parameters of the model.  `Wᵀ` denotes the transpose of the weight matrix.\n* **W₀:** This is a bias vector, adding a constant offset to the linear transformation.\n* **Z:** This is the result of the linear transformation: `Z = WᵀX + W₀`.  It's the pre-activation value.\n* **f():** This is an activation function (e.g., sigmoid, ReLU, tanh). It introduces non-linearity into the model.\n* **A:** This is the output of the model after applying the activation function to Z.\n\n\nIn short, the equation describes a linear transformation of the input features (`X`) using learned weights (`W` and `W₀`), followed by a non-linear transformation using an activation function (`f()`), resulting in the final output (`A`).  This is a fundamental building block in many neural network architectures."
  },
  "QA_Pair_85": {
    "Question": "**Question:**  Explain the early stopping method for preventing overfitting in machine learning, and describe how it determines when to stop training.\n\n*",
    "Answer": "* Early stopping is a simple technique to avoid overfitting.  It involves monitoring the model's performance on a separate validation dataset during training.  After each epoch (or a more frequent interval), the model's loss (or error) is calculated on the validation set.  Initially, both training and validation losses decrease. However, at some point, the validation loss starts to increase even though the training loss continues to decrease. This indicates that the model is beginning to overfit the training data. Early stopping detects this point and stops the training process, returning the model's weights that achieved the lowest validation loss.  This prevents further training that would lead to increased generalization error."
  },
  "QA_Pair_86": {
    "Question": "**Question:**\n\nExplain the concept of mini-batch gradient descent and how it relates to both batch gradient descent and stochastic gradient descent.  What is the advantage of using mini-batches in gradient descent?\n\n\n*",
    "Answer": "*\n\nMini-batch gradient descent is a compromise between batch gradient descent and stochastic gradient descent.  Batch gradient descent calculates the gradient using the *entire* dataset in each iteration, leading to accurate gradient estimations but slow computation, especially for large datasets. Stochastic gradient descent, on the other hand, uses only *one* data point at a time, resulting in faster updates but noisy and less accurate gradient estimations.\n\nMini-batch gradient descent addresses this trade-off by using a small random subset of the data (a \"mini-batch\") of size K to compute the gradient in each iteration.  This balances the computational cost and gradient accuracy.  By averaging the gradient across K data points, it reduces the noise associated with stochastic gradient descent while being significantly faster than batch gradient descent.  The selection of K is a hyperparameter that needs to be tuned; a larger K gives a more accurate gradient estimate but requires more computation per iteration."
  },
  "QA_Pair_87": {
    "Question": "**Question:**  Why does the provided text focus on calculating the gradient contribution of a single data point ($x^{(\\mathrm{i})}$) in the context of Stochastic Gradient Descent (SGD)?\n\n*",
    "Answer": "* The text focuses on the contribution of a single data point to simplify the notation and explanation.  Calculating the gradient for the entire dataset at once (batch descent) would be significantly more complex notationally.  The gradient for the entire dataset can be obtained by summing the gradients from each individual data point."
  },
  "QA_Pair_88": {
    "Question": "**Question:** What are some common strategies for adjusting step sizes in gradient descent on a per-weight basis, and where can more detailed information on these strategies be found?\n\n*",
    "Answer": "*  Common strategies for adjusting step sizes independently for each weight include momentum (averaging recent gradient updates), Adadelta (taking larger steps in areas where the cost function is relatively flat), and Adam (combining momentum and Adadelta's approaches).  Further details are provided in Appendix B.0.1."
  },
  "QA_Pair_89": {
    "Question": "**Question:**  Who developed the basic idea for training non-linear neural networks with gradient descent, and what is significant about this development?\n\n*",
    "Answer": "* The basic idea for training non-linear neural networks with gradient descent was independently developed by more than one researcher.  This is significant because, like many good ideas in science, its independent discovery highlights the convergence of thought on a critical problem in the field."
  },
  "QA_Pair_90": {
    "Question": "**Question:**  What do the equations $\\mathbf{a}^{\\mathbb{l}}=\\mathbf{f}^{\\mathbb{l}}(z^{\\mathbb{l}})$ and $z^{\\mathbb{l}}=w^{\\mathbb{l}}\\mathbf{a}^{\\mathbb{l}-1}+w_{0}^{\\mathbb{l}}$ represent, and what is the relationship between  $\\mathbf{a}^{\\mathbb{l}}$, $z^{\\mathbb{l}}$, $\\mathbf{a}^{\\mathbb{l}-1}$, $w^{\\mathbb{l}}$, and $w_{0}^{\\mathbb{l}}$?\n\n\n*",
    "Answer": "* The equations describe a recursive or iterative process.  $\\mathbf{a}^{\\mathbb{l}}$ represents a vector at layer $\\mathbb{l}$ (likely in a neural network or similar layered system).  The first equation shows that this vector is a function ($\\mathbf{f}^{\\mathbb{l}}$) of an intermediate variable $z^{\\mathbb{l}}$. The second equation defines this intermediate variable as a weighted linear combination of the previous layer's vector $\\mathbf{a}^{\\mathbb{l}-1}$ (with weights $w^{\\mathbb{l}}$) plus a bias term $w_{0}^{\\mathbb{l}}$.  In essence, the equations describe how the output vector $\\mathbf{a}^{\\mathbb{l}}$ at layer $\\mathbb{l}$ is calculated based on the output vector $\\mathbf{a}^{\\mathbb{l}-1}$ from the previous layer, through a transformation involving weights and a bias. The superscript $\\mathbb{l}$ denotes the layer index."
  },
  "QA_Pair_91": {
    "Question": "Here's a question and answer pair based on the provided study question:\n\n\n**Question:**  If we're using squared loss (mean squared error) as our loss function, and 'a' represents a parameter in our model and 'L' represents the loss, what is the partial derivative of the loss with respect to 'a' (∂L/∂a)?  Assume L is calculated as the average squared difference between predictions and true values.\n\n\n*",
    "Answer": "* The partial derivative ∂L/∂a depends on how 'a' contributes to the predictions.  Let's assume our prediction is denoted by  ŷ = f(a, x), where x represents the input data.  Then, if L is the mean squared error, we have:\n\nL = (1/n) * Σᵢ (ŷᵢ - yᵢ)²  where n is the number of data points, ŷᵢ is the predicted value for the i-th data point, and yᵢ is the true value.\n\nThe partial derivative is then:\n\n∂L/∂a = (2/n) * Σᵢ (ŷᵢ - yᵢ) * (∂ŷᵢ/∂a)\n\nThis shows that the derivative depends on both the difference between the prediction and the true value, and how a change in 'a' affects the prediction (∂ŷᵢ/∂a).  The specific form of ∂ŷᵢ/∂a depends on the functional form of f(a, x).  For instance, if ŷᵢ = a*xᵢ, then ∂ŷᵢ/∂a = xᵢ, simplifying the equation further."
  },
  "QA_Pair_92": {
    "Question": "**Question:** Given the initial weights of a unit (assuming a standard neural network unit with a weighted sum and activation function), and an input vector *x* consisting entirely of 1s, what is the expected pre-activation value *z*?\n\n\n*",
    "Answer": "* The expected pre-activation value *z* would be the sum of the weights.  This is because the pre-activation is calculated as *z = w*x + b, where *w* is the weight vector, *x* is the input vector, and *b* is the bias.  If *x* is a vector of 1s, then the dot product *w*x simply sums the elements of *w*. Therefore, *z* = (sum of weights) + bias.  The specific numerical value depends on the values of the weights and bias."
  },
  "QA_Pair_93": {
    "Question": "**Question:** What is the purpose of matching the entries of the matrices in the equation mentioned?\n\n*",
    "Answer": "* Matching the entries of the matrices recovers Equation 6.4."
  },
  "QA_Pair_94": {
    "Question": "**Question:** What is the definition of the hyperbolic tangent function, tanh(z)?\n\n*",
    "Answer": "* The hyperbolic tangent function, tanh(z), is defined as:\n\ntanh(z) = (e<sup>z</sup> - e<sup>-z</sup>) / (e<sup>z</sup> + e<sup>-z</sup>)"
  },
  "QA_Pair_95": {
    "Question": "**Question:** What is a common method for initializing weights in a neural network, and what parameters define this method?\n\n*",
    "Answer": "* A common method is to randomly select each weight from a Gaussian distribution with a mean of 0 and a standard deviation of 1/√𝑚, where 'm' represents the number of inputs to the unit."
  },
  "QA_Pair_96": {
    "Question": "**Question:** Why hasn't the derivative of the loss function with respect to  a<sup>L</sup> (∂loss/∂a<sup>L</sup>) been solved for in the provided text?\n\n*",
    "Answer": "* Because the calculation of this derivative is dependent on the specific loss function chosen.  The text notes that once a loss function is selected, the derivative can be computed."
  },
  "QA_Pair_97": {
    "Question": "**Question:** Why is it important to keep initial weights small when training neural networks, especially concerning the impact on the gradient?\n\n*",
    "Answer": "*  Keeping initial weights small helps avoid the problem of zero slope during training.  When the pre-activation values ($z$) have large magnitudes, the activation function's gradient can become very close to zero. This \"vanishing gradient\" problem prevents effective gradient descent, as the network receives little to no signal about the direction to adjust weights for improved performance. Small initial weights ensure that $z$ values remain within a range where the gradients are non-zero, providing a useful signal for the gradient descent algorithm."
  },
  "QA_Pair_98": {
    "Question": "**Question:**  Which perspective on neural networks (View 1, 2, or 3) will primarily be the focus of the study, and why is one perspective being de-emphasized?\n\n\n*",
    "Answer": "* The study will primarily focus on View 1, with the goal of developing techniques applicable to View 3. View 2, while historically important in motivating neural network development, is being de-emphasized because the techniques under study don't accurately reflect biological learning processes in the brain."
  },
  "QA_Pair_99": {
    "Question": "**Question:**  Based on the provided text, how is a neural network structured in this context, and what is the proposed approach to defining its functionality?\n\n*",
    "Answer": "* The neural network is structured as a sequential composition of modules. Each module consists of a linear transformation (using a weight matrix) followed by a component-wise non-linear activation function.  The proposed approach defines a simple API for these modules that allows for the computation of both forward and backward passes (likely referring to forward propagation and backpropagation during training)."
  },
  "QA_Pair_100": {
    "Question": "**Question:** Why were step functions abandoned as activation functions in neural networks in favor of sigmoid, ReLU, and tanh functions?\n\n*",
    "Answer": "* Step functions have a derivative of zero almost everywhere, making them unsuitable for gradient descent optimization methods used to train neural networks.  The zero derivative prevents effective weight adjustments during the training process."
  },
  "QA_Pair_101": {
    "Question": "That's an incomplete question.  To provide a meaningful answer, we need context.  `∂Z<sup>l</sup>/∂W<sup>l</sup>` represents the partial derivative of the output of layer *l* (Z<sup>l</sup>) with respect to the weights of layer *l* (W<sup>l</sup>).  This is a crucial calculation in backpropagation for training neural networks.\n\n**Complete Question & Answer Example:**\n\n**Question:** In the context of backpropagation in a neural network, what does the expression ∂Z<sup>l</sup>/∂W<sup>l</sup> represent, and how is it typically calculated?\n\n*",
    "Answer": "*  ∂Z<sup>l</sup>/∂W<sup>l</sup> represents the Jacobian matrix of the l-th layer's output (Z<sup>l</sup>) with respect to its weights (W<sup>l</sup>).  Each element (i, j) of this matrix represents the partial derivative of the i-th element of Z<sup>l</sup> with respect to the j-th element of W<sup>l</sup>.  It's not directly calculated as a single operation, but is usually computed as part of the backpropagation algorithm.  The calculation involves the chain rule and often leverages the activation function's derivative and the output of the previous layer.  Specifically, it involves a product involving the derivative of the activation function applied to the weighted sum of the previous layer's output and the previous layer's output itself.  The exact formula depends on the specifics of the neural network architecture (e.g., fully connected, convolutional)."
  },
  "QA_Pair_102": {
    "Question": "**Question:**  Describe the mathematical operations involved in calculating the pre-activation vector Z and its relationship to the input vector X, weight matrix W, and bias vector W₀.\n\n*",
    "Answer": "* The pre-activation vector Z is calculated by first performing a matrix-vector multiplication of the transpose of the weight matrix W (an n x m matrix) and the input vector X (an m x 1 vector). This results in an n x 1 vector.  Then, the bias vector W₀ (an n x 1 vector) is added element-wise to this resulting vector.  Therefore, Z represents a linear transformation of the input X, incorporating the weights from W and the biases from W₀.  The final result, Z, is an n x 1 column vector representing the pre-activation values before any activation function is applied."
  },
  "QA_Pair_103": {
    "Question": "**Question:** What does the notation  SGD-N EURA $\\mathrm{L-NET}(\\mathcal{D}_{\\mathfrak{n}},\\mathsf{T},\\mathsf{L},(\\mathfrak{m}^{1},\\ldots,\\mathfrak{m}^{\\mathsf{L}}),(\\mathsf{f}^{1},\\ldots,\\mathsf{f}^{\\mathrm{L}}),\\mathrm{Loss})$ represent, and what do the different components likely signify?\n\n\n*",
    "Answer": "* This notation likely describes a specific type of neural network training algorithm. Let's break down the components:\n\n* **SGD-N:** This probably refers to a Stochastic Gradient Descent (SGD) variant, with the \"N\" possibly indicating a specific enhancement or modification of the standard SGD algorithm (e.g.,  Nesterov accelerated gradient, or another novel approach).\n\n* **EURA:** This is likely an acronym for a particular neural network architecture or training technique. Without further context, it's impossible to definitively define its meaning.  It could stand for an encoding method or regularization scheme.\n\n\n* **L-NET:** This suggests that it's a layered neural network, with \"L\" representing the number of layers.\n\n\n* **$(\\mathcal{D}_{\\mathfrak{n}},\\mathsf{T},\\mathsf{L},(\\mathfrak{m}^{1},\\ldots,\\mathfrak{m}^{\\mathsf{L}}),(\\mathsf{f}^{1},\\ldots,\\mathsf{f}^{\\mathrm{L}}),\\mathrm{Loss})$:** These are the parameters defining the network and training process.\n\n    * $\\mathcal{D}_{\\mathfrak{n}}$:  Likely represents the training dataset, with $\\mathfrak{n}$ indicating the size of the dataset.\n    * $\\mathsf{T}$: Possibly represents the training hyperparameters (e.g., learning rate, epochs, batch size).\n    * $\\mathsf{L}$: Already defined as the number of layers in the network.\n    * $(\\mathfrak{m}^{1},\\ldots,\\mathfrak{m}^{\\mathsf{L}})$:  Likely represents the dimensions (number of neurons or units) in each of the L layers.\n    * $(\\mathsf{f}^{1},\\ldots,\\mathsf{f}^{\\mathrm{L}})$:  Probably signifies the activation functions used in each layer.\n    * $\\mathrm{Loss}$: The loss function (e.g., mean squared error, cross-entropy) used to optimize the network's parameters.\n\nIn summary, the notation represents a specific neural network model trained using a variant of SGD,  characterized by its architecture (L layers), dataset size, activation functions, layer dimensions, loss function, and other unspecified hyperparameters encapsulated in `EURA` and $\\mathsf{T}$.  The use of unusual characters suggests this might be from a research paper employing specialized notation."
  },
  "QA_Pair_104": {
    "Question": "**Question:** What is the challenge associated with choosing the value of  η (eta) in the given context, and why is this challenge amplified in stochastic or mini-batch gradient descent?\n\n*",
    "Answer": "* The challenge lies in finding an optimal value for η (the learning rate).  A value that's too small leads to slow convergence, while a value that's too large can cause divergence or slow convergence due to oscillations.  This problem is exacerbated in stochastic or mini-batch gradient descent because the formal convergence guarantees require a decreasing step size (η), making the optimal selection even more crucial and difficult."
  },
  "QA_Pair_105": {
    "Question": "**Question:** What is the dimension of the activation outputs in the provided text?\n\n*",
    "Answer": "* The activation outputs have a dimension of $\\mathfrak{n}^{\\downarrow}\\times1$."
  },
  "QA_Pair_106": {
    "Question": "**Question:** What are some researchers actively trying to discover?\n\n*",
    "Answer": "* Researchers are actively trying to discover brain analogues of certain methods (the specific methods aren't named in the provided text)."
  },
  "QA_Pair_107": {
    "Question": "**Question:** What is the general function of a neural network, in terms of its input and output?\n\n*",
    "Answer": "* A neural network takes an input vector  Δx ∈ ℝ<sup>m</sup>  and produces an output vector a ∈ ℝ<sup>n</sup>."
  },
  "QA_Pair_108": {
    "Question": "**Question:** Why is it crucial to carefully match the loss function with the activation function in the final layer of a neural network?\n\n*",
    "Answer": "*  Because different loss functions assume different input value ranges, and different activation functions produce outputs within different ranges.  A mismatch can lead to poor performance or instability during training.  Matching them ensures the loss function receives inputs within its expected range, facilitating efficient and accurate optimization of the network."
  },
  "QA_Pair_109": {
    "Question": "**Question:** What is a key characteristic of a feed-forward network as described in the text?\n\n*",
    "Answer": "*  A feed-forward network is acyclic; the input to a neuron never depends on that neuron's output. Data flows in one direction, from inputs to outputs, making the network's function a composition of individual neuron functions."
  },
  "QA_Pair_110": {
    "Question": "**Question:**  What is the core computational challenge in performing Stochastic Gradient Descent (SGD) for a neural network, and how is this challenge addressed according to the text?\n\n*",
    "Answer": "* The core challenge is computing the gradient of the loss function ($\\nabla_{W}\\mathcal{L}(\\mathrm{NN}(x;W),y)$) with respect to all the weights (W) in the network.  This appears complex because it involves many layers and weights. However, the text states that this is simplified by using the chain rule."
  },
  "QA_Pair_111": {
    "Question": "**Question:** What are the two special cases of neurons discussed, and what are their respective activation functions and loss functions?\n\n*",
    "Answer": "* The two special cases are linear logistic classifiers (LLCs) and linear regressors.  LLCs use a sigmoid activation function,  $\\sigma(x)$, and a negative log-likelihood (NLL) loss function. Linear regressors use a linear activation function, $f(x) = x$, and a quadratic loss function."
  },
  "QA_Pair_112": {
    "Question": "**Question:** Why might a single neural network require different step sizes for updating weights in different layers during backpropagation?\n\n*",
    "Answer": "*  In deep neural networks, the magnitude of the gradient of the loss function with respect to weights can vary significantly across layers.  The backpropagation process multiplies the output gradient by all weight matrices and activation function derivatives, potentially leading to exploding or vanishing gradients.  This means the gradient at some layers (e.g., the first layer) might be significantly smaller or larger than the gradient at other layers (e.g., the last layer), requiring different step sizes to effectively update the weights in each layer during gradient descent."
  },
  "QA_Pair_113": {
    "Question": "**Question:**  What is the mathematical definition of the Rectified Linear Unit (ReLU) activation function, and how can it be expressed concisely?\n\n*",
    "Answer": "* The ReLU activation function is defined as:\n\nReLU(z) = 0 if z < 0, and ReLU(z) = z otherwise.  More concisely, it can be expressed as ReLU(z) = max(0, z)."
  },
  "QA_Pair_114": {
    "Question": "**Question:** What is another name for the sigmoid function, and what is a key characteristic of its output that makes it sometimes interpretable as a probability?\n\n*",
    "Answer": "* Another name for the sigmoid function is the logistic function.  A key characteristic is that its output is always between 0 and 1 (exclusive),  meaning it lies within the range (0,1), which aligns with the range of probabilities."
  },
  "QA_Pair_115": {
    "Question": "**Question:** Where can one observe the daily increase in the number referred to in the text?\n\n*",
    "Answer": "* On arxiv.org."
  }
}