[
    {
        "layout_dets": [
            {
                "category_id": 1,
                "poly": [
                    190,
                    1216,
                    1267,
                    1216,
                    1267,
                    1418,
                    190,
                    1418
                ],
                "score": 0.976
            },
            {
                "category_id": 1,
                "poly": [
                    190,
                    1747,
                    1268,
                    1747,
                    1268,
                    1949,
                    190,
                    1949
                ],
                "score": 0.973
            },
            {
                "category_id": 1,
                "poly": [
                    190,
                    909,
                    1268,
                    909,
                    1268,
                    1113,
                    190,
                    1113
                ],
                "score": 0.969
            },
            {
                "category_id": 1,
                "poly": [
                    191,
                    1421,
                    1268,
                    1421,
                    1268,
                    1623,
                    191,
                    1623
                ],
                "score": 0.962
            },
            {
                "category_id": 1,
                "poly": [
                    191,
                    1952,
                    1267,
                    1952,
                    1267,
                    2052,
                    191,
                    2052
                ],
                "score": 0.957
            },
            {
                "category_id": 1,
                "poly": [
                    191,
                    1116,
                    1269,
                    1116,
                    1269,
                    1213,
                    191,
                    1213
                ],
                "score": 0.943
            },
            {
                "category_id": 0,
                "poly": [
                    192,
                    1674,
                    908,
                    1674,
                    908,
                    1719,
                    192,
                    1719
                ],
                "score": 0.933
            },
            {
                "category_id": 2,
                "poly": [
                    714,
                    2091,
                    744,
                    2091,
                    744,
                    2115,
                    714,
                    2115
                ],
                "score": 0.868
            },
            {
                "category_id": 1,
                "poly": [
                    976,
                    730,
                    1266,
                    730,
                    1266,
                    771,
                    976,
                    771
                ],
                "score": 0.519
            },
            {
                "category_id": 1,
                "poly": [
                    1040,
                    491,
                    1267,
                    491,
                    1267,
                    548,
                    1040,
                    548
                ],
                "score": 0.345
            },
            {
                "category_id": 1,
                "poly": [
                    1290,
                    1151,
                    1560,
                    1151,
                    1560,
                    1238,
                    1290,
                    1238
                ],
                "score": 0.332
            },
            {
                "category_id": 0,
                "poly": [
                    1040,
                    491,
                    1267,
                    491,
                    1267,
                    548,
                    1040,
                    548
                ],
                "score": 0.254
            },
            {
                "category_id": 13,
                "poly": [
                    1025,
                    1750,
                    1113,
                    1750,
                    1113,
                    1779,
                    1025,
                    1779
                ],
                "score": 0.91,
                "latex": "\\Theta\\in\\mathbb{R},"
            },
            {
                "category_id": 13,
                "poly": [
                    456,
                    1850,
                    488,
                    1850,
                    488,
                    1880,
                    456,
                    1880
                ],
                "score": 0.8,
                "latex": "\\Theta,"
            },
            {
                "category_id": 13,
                "poly": [
                    893,
                    1782,
                    954,
                    1782,
                    954,
                    1815,
                    893,
                    1815
                ],
                "score": 0.74,
                "latex": "\\mathrm{J}^{\\prime}(\\Theta)"
            },
            {
                "category_id": 13,
                "poly": [
                    1111,
                    1884,
                    1142,
                    1884,
                    1142,
                    1914,
                    1111,
                    1914
                ],
                "score": 0.73,
                "latex": "\\Theta,"
            },
            {
                "category_id": 13,
                "poly": [
                    254,
                    1251,
                    283,
                    1251,
                    283,
                    1281,
                    254,
                    1281
                ],
                "score": 0.69,
                "latex": "\\Theta;"
            },
            {
                "category_id": 13,
                "poly": [
                    190,
                    1285,
                    217,
                    1285,
                    217,
                    1313,
                    190,
                    1313
                ],
                "score": 0.66,
                "latex": "\\Theta"
            },
            {
                "category_id": 13,
                "poly": [
                    833,
                    1851,
                    859,
                    1851,
                    859,
                    1878,
                    833,
                    1878
                ],
                "score": 0.66,
                "latex": "\\mathsf{f}^{\\prime}"
            },
            {
                "category_id": 13,
                "poly": [
                    1111,
                    1817,
                    1169,
                    1817,
                    1169,
                    1848,
                    1111,
                    1848
                ],
                "score": 0.66,
                "latex": "\\nabla\\Theta^{\\mathsf{f}}"
            },
            {
                "category_id": 13,
                "poly": [
                    874,
                    946,
                    1060,
                    946,
                    1060,
                    979,
                    874,
                    979
                ],
                "score": 0.58,
                "latex": "\\Theta^{*}=\\mathsf{a r g}\\,\\mathsf{m i n}_{\\Theta}"
            },
            {
                "category_id": 13,
                "poly": [
                    492,
                    1957,
                    512,
                    1957,
                    512,
                    1983,
                    492,
                    1983
                ],
                "score": 0.57,
                "latex": "\\boldsymbol\\upeta"
            },
            {
                "category_id": 13,
                "poly": [
                    191,
                    1351,
                    262,
                    1351,
                    262,
                    1382,
                    191,
                    1382
                ],
                "score": 0.54,
                "latex": "\\prime\\mathrm{hill^{\\prime\\prime}}"
            },
            {
                "category_id": 13,
                "poly": [
                    466,
                    1014,
                    509,
                    1014,
                    509,
                    1045,
                    466,
                    1045
                ],
                "score": 0.54,
                "latex": "\\left(\\Theta\\right)"
            },
            {
                "category_id": 13,
                "poly": [
                    853,
                    1783,
                    881,
                    1783,
                    881,
                    1812,
                    853,
                    1812
                ],
                "score": 0.53,
                "latex": "\\Theta,"
            },
            {
                "category_id": 13,
                "poly": [
                    874,
                    946,
                    943,
                    946,
                    943,
                    975,
                    874,
                    975
                ],
                "score": 0.5,
                "latex": "\\Theta^{*}="
            },
            {
                "category_id": 13,
                "poly": [
                    969,
                    1217,
                    1011,
                    1217,
                    1011,
                    1248,
                    969,
                    1248
                ],
                "score": 0.47,
                "latex": "\\left(\\Theta\\right)"
            },
            {
                "category_id": 13,
                "poly": [
                    1067,
                    946,
                    1110,
                    946,
                    1110,
                    977,
                    1067,
                    977
                ],
                "score": 0.45,
                "latex": "\\left(\\Theta\\right)"
            },
            {
                "category_id": 13,
                "poly": [
                    334,
                    1782,
                    385,
                    1782,
                    385,
                    1815,
                    334,
                    1815
                ],
                "score": 0.34,
                "latex": "\\mathrm{J}(\\Theta)"
            },
            {
                "category_id": 13,
                "poly": [
                    587,
                    1991,
                    606,
                    1991,
                    606,
                    2017,
                    587,
                    2017
                ],
                "score": 0.32,
                "latex": "\\boldsymbol\\upeta"
            }
        ],
        "page_info": {
            "page_no": 0,
            "height": 2339,
            "width": 1654
        }
    },
    {
        "layout_dets": [
            {
                "category_id": 3,
                "poly": [
                    454,
                    1449,
                    1012,
                    1449,
                    1012,
                    1895,
                    454,
                    1895
                ],
                "score": 0.965
            },
            {
                "category_id": 1,
                "poly": [
                    190,
                    294,
                    1269,
                    294,
                    1269,
                    364,
                    190,
                    364
                ],
                "score": 0.944
            },
            {
                "category_id": 1,
                "poly": [
                    191,
                    1294,
                    1267,
                    1294,
                    1267,
                    1361,
                    191,
                    1361
                ],
                "score": 0.937
            },
            {
                "category_id": 1,
                "poly": [
                    191,
                    1986,
                    1267,
                    1986,
                    1267,
                    2055,
                    191,
                    2055
                ],
                "score": 0.928
            },
            {
                "category_id": 2,
                "poly": [
                    191,
                    211,
                    316,
                    211,
                    316,
                    239,
                    191,
                    239
                ],
                "score": 0.923
            },
            {
                "category_id": 1,
                "poly": [
                    190,
                    1364,
                    1267,
                    1364,
                    1267,
                    1431,
                    190,
                    1431
                ],
                "score": 0.914
            },
            {
                "category_id": 2,
                "poly": [
                    658,
                    210,
                    800,
                    210,
                    800,
                    243,
                    658,
                    243
                ],
                "score": 0.908
            },
            {
                "category_id": 1,
                "poly": [
                    200,
                    1034,
                    1233,
                    1034,
                    1233,
                    1137,
                    200,
                    1137
                ],
                "score": 0.892
            },
            {
                "category_id": 1,
                "poly": [
                    190,
                    1172,
                    1267,
                    1172,
                    1267,
                    1276,
                    190,
                    1276
                ],
                "score": 0.871
            },
            {
                "category_id": 1,
                "poly": [
                    1290,
                    1212,
                    1540,
                    1212,
                    1540,
                    1378,
                    1290,
                    1378
                ],
                "score": 0.869
            },
            {
                "category_id": 2,
                "poly": [
                    1236,
                    213,
                    1266,
                    213,
                    1266,
                    238,
                    1236,
                    238
                ],
                "score": 0.859
            },
            {
                "category_id": 1,
                "poly": [
                    229,
                    785,
                    1270,
                    785,
                    1270,
                    1002,
                    229,
                    1002
                ],
                "score": 0.856
            },
            {
                "category_id": 1,
                "poly": [
                    189,
                    701,
                    1266,
                    701,
                    1266,
                    770,
                    189,
                    770
                ],
                "score": 0.852
            },
            {
                "category_id": 1,
                "poly": [
                    197,
                    1932,
                    1253,
                    1932,
                    1253,
                    1969,
                    197,
                    1969
                ],
                "score": 0.788
            },
            {
                "category_id": 2,
                "poly": [
                    902,
                    2088,
                    1266,
                    2088,
                    1266,
                    2120,
                    902,
                    2120
                ],
                "score": 0.693
            },
            {
                "category_id": 1,
                "poly": [
                    188,
                    390,
                    675,
                    390,
                    675,
                    671,
                    188,
                    671
                ],
                "score": 0.582
            },
            {
                "category_id": 1,
                "poly": [
                    192,
                    392,
                    676,
                    392,
                    676,
                    427,
                    192,
                    427
                ],
                "score": 0.499
            },
            {
                "category_id": 1,
                "poly": [
                    187,
                    424,
                    659,
                    424,
                    659,
                    672,
                    187,
                    672
                ],
                "score": 0.344
            },
            {
                "category_id": 1,
                "poly": [
                    902,
                    2088,
                    1266,
                    2088,
                    1266,
                    2120,
                    902,
                    2120
                ],
                "score": 0.254
            },
            {
                "category_id": 13,
                "poly": [
                    796,
                    1362,
                    959,
                    1362,
                    959,
                    1396,
                    796,
                    1396
                ],
                "score": 0.93,
                "latex": "\\mathsf{f}(\\mathsf{x})=(\\mathsf{x}{-}2)^{2}"
            },
            {
                "category_id": 13,
                "poly": [
                    220,
                    1397,
                    338,
                    1397,
                    338,
                    1428,
                    220,
                    1428
                ],
                "score": 0.9,
                "latex": "x_{\\mathrm{init}}=4.0"
            },
            {
                "category_id": 13,
                "poly": [
                    259,
                    873,
                    490,
                    873,
                    490,
                    914,
                    259,
                    914
                ],
                "score": 0.89,
                "latex": "\\left|\\Theta^{(\\mathbf{\\hat{t}})}-\\Theta^{(\\mathbf{t}-1)}\\right|<\\epsilon."
            },
            {
                "category_id": 13,
                "poly": [
                    682,
                    1176,
                    755,
                    1176,
                    755,
                    1204,
                    682,
                    1204
                ],
                "score": 0.88,
                "latex": "\\tilde{\\epsilon}\\,>\\,0"
            },
            {
                "category_id": 13,
                "poly": [
                    260,
                    962,
                    422,
                    962,
                    422,
                    1002,
                    260,
                    1002
                ],
                "score": 0.87,
                "latex": "\\left|\\mathsf{f}^{\\prime}\\big(\\Theta^{(\\mathrm{t})}\\big)\\right|<\\epsilon"
            },
            {
                "category_id": 13,
                "poly": [
                    868,
                    789,
                    934,
                    789,
                    934,
                    817,
                    868,
                    817
                ],
                "score": 0.87,
                "latex": "\\mathrm{t}=\\mathsf{T}"
            },
            {
                "category_id": 13,
                "poly": [
                    1074,
                    1992,
                    1121,
                    1992,
                    1121,
                    2018,
                    1074,
                    2018
                ],
                "score": 0.84,
                "latex": "x_{i n i t}"
            },
            {
                "category_id": 13,
                "poly": [
                    299,
                    604,
                    587,
                    604,
                    587,
                    637,
                    299,
                    637
                ],
                "score": 0.82,
                "latex": "|\\mathsf{f}(\\Theta^{(\\mathrm{t})})-\\mathsf{f}(\\Theta^{(\\mathrm{t}-1)})|<\\epsilon"
            },
            {
                "category_id": 13,
                "poly": [
                    864,
                    933,
                    889,
                    933,
                    889,
                    959,
                    864,
                    959
                ],
                "score": 0.77,
                "latex": "\\Theta"
            },
            {
                "category_id": 13,
                "poly": [
                    574,
                    931,
                    600,
                    931,
                    600,
                    960,
                    574,
                    960
                ],
                "score": 0.69,
                "latex": "\\mathsf{f}^{\\prime}"
            },
            {
                "category_id": 13,
                "poly": [
                    1241,
                    296,
                    1268,
                    296,
                    1268,
                    324,
                    1241,
                    324
                ],
                "score": 0.66,
                "latex": "\\Theta"
            },
            {
                "category_id": 13,
                "poly": [
                    599,
                    301,
                    620,
                    301,
                    620,
                    327,
                    599,
                    327
                ],
                "score": 0.64,
                "latex": "\\boldsymbol\\upeta"
            },
            {
                "category_id": 13,
                "poly": [
                    877,
                    844,
                    903,
                    844,
                    903,
                    870,
                    877,
                    870
                ],
                "score": 0.64,
                "latex": "\\Theta"
            },
            {
                "category_id": 13,
                "poly": [
                    314,
                    638,
                    367,
                    638,
                    367,
                    668,
                    314,
                    668
                ],
                "score": 0.58,
                "latex": "\\Theta^{(\\mathbf{t})}"
            },
            {
                "category_id": 13,
                "poly": [
                    495,
                    392,
                    672,
                    392,
                    672,
                    427,
                    495,
                    427
                ],
                "score": 0.56,
                "latex": "\\left(\\Theta_{i n i t},\\eta,\\mathsf{f},\\mathsf{f}^{\\prime},\\epsilon\\right)"
            },
            {
                "category_id": 13,
                "poly": [
                    659,
                    1244,
                    683,
                    1244,
                    683,
                    1270,
                    659,
                    1270
                ],
                "score": 0.52,
                "latex": "\\Theta"
            },
            {
                "category_id": 13,
                "poly": [
                    281,
                    556,
                    622,
                    556,
                    622,
                    603,
                    281,
                    603
                ],
                "score": 0.51,
                "latex": "\\begin{array}{r l}&{\\overleftarrow{\\Theta^{(\\mathrm{t})}}=\\Theta^{(\\mathrm{t}-1)}-\\eta\\,\\mathsf{f}^{\\prime}\\big(\\Theta^{(\\mathrm{t}-1)}\\big)}\\end{array}"
            },
            {
                "category_id": 14,
                "poly": [
                    281,
                    546,
                    622,
                    546,
                    622,
                    602,
                    281,
                    602
                ],
                "score": 0.49,
                "latex": "\\begin{array}{l}{\\mathrm{t}=\\mathrm{t}+\\mathrm{1}}\\\\ {\\Theta^{(\\mathrm{t})}=\\Theta^{(\\mathrm{t}-1)}-\\eta\\,\\mathrm{f}^{\\prime}\\big(\\Theta^{(\\mathrm{t}-1)}\\big)}\\end{array}"
            },
            {
                "category_id": 13,
                "poly": [
                    562,
                    1397,
                    606,
                    1397,
                    606,
                    1429,
                    562,
                    1429
                ],
                "score": 0.46,
                "latex": "1/2"
            },
            {
                "category_id": 13,
                "poly": [
                    718,
                    789,
                    737,
                    789,
                    737,
                    819,
                    718,
                    819
                ],
                "score": 0.39,
                "latex": "\\mathsf{T}"
            },
            {
                "category_id": 14,
                "poly": [
                    229,
                    431,
                    376,
                    431,
                    376,
                    468,
                    229,
                    468
                ],
                "score": 0.33,
                "latex": "\\Theta^{(0)}=\\Theta_{i n i t}"
            }
        ],
        "page_info": {
            "page_no": 1,
            "height": 2339,
            "width": 1654
        }
    },
    {
        "layout_dets": [
            {
                "category_id": 1,
                "poly": [
                    189,
                    292,
                    1268,
                    292,
                    1268,
                    531,
                    189,
                    531
                ],
                "score": 0.976
            },
            {
                "category_id": 1,
                "poly": [
                    190,
                    1855,
                    1269,
                    1855,
                    1269,
                    1958,
                    190,
                    1958
                ],
                "score": 0.971
            },
            {
                "category_id": 1,
                "poly": [
                    190,
                    533,
                    1267,
                    533,
                    1267,
                    634,
                    190,
                    634
                ],
                "score": 0.971
            },
            {
                "category_id": 3,
                "poly": [
                    453,
                    921,
                    1010,
                    921,
                    1010,
                    1418,
                    453,
                    1418
                ],
                "score": 0.969
            },
            {
                "category_id": 1,
                "poly": [
                    190,
                    637,
                    1268,
                    637,
                    1268,
                    837,
                    190,
                    837
                ],
                "score": 0.969
            },
            {
                "category_id": 1,
                "poly": [
                    189,
                    1547,
                    1268,
                    1547,
                    1268,
                    1616,
                    189,
                    1616
                ],
                "score": 0.968
            },
            {
                "category_id": 8,
                "poly": [
                    615,
                    1628,
                    839,
                    1628,
                    839,
                    1753,
                    615,
                    1753
                ],
                "score": 0.951
            },
            {
                "category_id": 1,
                "poly": [
                    191,
                    1761,
                    1125,
                    1761,
                    1125,
                    1796,
                    191,
                    1796
                ],
                "score": 0.944
            },
            {
                "category_id": 0,
                "poly": [
                    191,
                    1475,
                    658,
                    1475,
                    658,
                    1521,
                    191,
                    1521
                ],
                "score": 0.942
            },
            {
                "category_id": 8,
                "poly": [
                    544,
                    1802,
                    909,
                    1802,
                    909,
                    1843,
                    544,
                    1843
                ],
                "score": 0.937
            },
            {
                "category_id": 1,
                "poly": [
                    190,
                    838,
                    1267,
                    838,
                    1267,
                    906,
                    190,
                    906
                ],
                "score": 0.929
            },
            {
                "category_id": 2,
                "poly": [
                    192,
                    211,
                    316,
                    211,
                    316,
                    238,
                    192,
                    238
                ],
                "score": 0.927
            },
            {
                "category_id": 1,
                "poly": [
                    200,
                    1973,
                    1245,
                    1973,
                    1245,
                    2041,
                    200,
                    2041
                ],
                "score": 0.92
            },
            {
                "category_id": 2,
                "poly": [
                    659,
                    211,
                    800,
                    211,
                    800,
                    243,
                    659,
                    243
                ],
                "score": 0.916
            },
            {
                "category_id": 2,
                "poly": [
                    1236,
                    213,
                    1266,
                    213,
                    1266,
                    237,
                    1236,
                    237
                ],
                "score": 0.87
            },
            {
                "category_id": 2,
                "poly": [
                    902,
                    2088,
                    1266,
                    2088,
                    1266,
                    2120,
                    902,
                    2120
                ],
                "score": 0.853
            },
            {
                "category_id": 14,
                "poly": [
                    613,
                    1627,
                    844,
                    1627,
                    844,
                    1753,
                    613,
                    1753
                ],
                "score": 0.93,
                "latex": "\\nabla_{\\Theta}{\\mathsf{f}}={\\left[\\begin{array}{l}{\\mathsf{a f}/\\partial\\Theta_{1}}\\\\ {\\qquad\\vdots}\\\\ {\\partial{\\mathsf{f}}/\\partial\\Theta_{\\mathrm{m}}}\\end{array}\\right]}"
            },
            {
                "category_id": 13,
                "poly": [
                    981,
                    296,
                    1090,
                    296,
                    1090,
                    327,
                    981,
                    327
                ],
                "score": 0.93,
                "latex": "\\mathsf{f}^{\\prime}(\\mathsf{x})=0"
            },
            {
                "category_id": 13,
                "poly": [
                    483,
                    703,
                    600,
                    703,
                    600,
                    736,
                    483,
                    736
                ],
                "score": 0.92,
                "latex": "\\mathsf{f}^{\\prime}(\\mathsf{x})\\,=\\,0"
            },
            {
                "category_id": 13,
                "poly": [
                    244,
                    804,
                    428,
                    804,
                    428,
                    838,
                    244,
                    838
                ],
                "score": 0.91,
                "latex": "\\mathsf{f}(\\mathsf{x})=\\exp(-\\mathsf{x}),"
            },
            {
                "category_id": 13,
                "poly": [
                    830,
                    702,
                    949,
                    702,
                    949,
                    735,
                    830,
                    735
                ],
                "score": 0.91,
                "latex": "\\mathsf{f}(\\mathsf{x})\\,=\\,\\mathsf{x}^{3}."
            },
            {
                "category_id": 13,
                "poly": [
                    875,
                    1888,
                    1181,
                    1888,
                    1181,
                    1928,
                    875,
                    1928
                ],
                "score": 0.91,
                "latex": "\\left|\\mathsf{f}(\\Theta^{(\\mathrm{t})})-\\mathsf{\\bar{f}}(\\Theta^{(\\mathrm{t}-1)})\\right|\\,<\\,\\epsilon,"
            },
            {
                "category_id": 13,
                "poly": [
                    448,
                    739,
                    544,
                    739,
                    544,
                    769,
                    448,
                    769
                ],
                "score": 0.91,
                "latex": "x_{i n i t}=1_{.}"
            },
            {
                "category_id": 13,
                "poly": [
                    1145,
                    295,
                    1262,
                    295,
                    1262,
                    328,
                    1145,
                    328
                ],
                "score": 0.91,
                "latex": "\\mathsf{f}^{\\prime\\prime}(\\mathsf{x})>0,"
            },
            {
                "category_id": 13,
                "poly": [
                    807,
                    738,
                    902,
                    738,
                    902,
                    769,
                    807,
                    769
                ],
                "score": 0.9,
                "latex": "\\eta<1/3"
            },
            {
                "category_id": 14,
                "poly": [
                    545,
                    1802,
                    912,
                    1802,
                    912,
                    1843,
                    545,
                    1843
                ],
                "score": 0.9,
                "latex": "\\Theta^{(\\mathrm{t})}=\\Theta^{(\\mathrm{t}-1)}-\\eta\\nabla_{\\Theta}\\mathsf{f}(\\Theta^{(\\mathrm{t}-1)})"
            },
            {
                "category_id": 13,
                "poly": [
                    1016,
                    397,
                    1075,
                    397,
                    1075,
                    430,
                    1016,
                    430
                ],
                "score": 0.9,
                "latex": "\\mathsf{f}(\\ensuremath{\\boldsymbol{{x}}}^{\\prime})"
            },
            {
                "category_id": 13,
                "poly": [
                    719,
                    398,
                    769,
                    398,
                    769,
                    429,
                    719,
                    429
                ],
                "score": 0.89,
                "latex": "\\mathsf{f}(\\mathsf{x})"
            },
            {
                "category_id": 13,
                "poly": [
                    282,
                    771,
                    373,
                    771,
                    373,
                    799,
                    282,
                    799
                ],
                "score": 0.88,
                "latex": "\\mathtt{k}\\to\\infty"
            },
            {
                "category_id": 13,
                "poly": [
                    620,
                    363,
                    679,
                    363,
                    679,
                    395,
                    620,
                    395
                ],
                "score": 0.88,
                "latex": "\\mathsf{f}(\\ensuremath{\\boldsymbol{{x}}}^{\\prime})"
            },
            {
                "category_id": 13,
                "poly": [
                    1207,
                    808,
                    1259,
                    808,
                    1259,
                    834,
                    1207,
                    834
                ],
                "score": 0.87,
                "latex": "+\\infty"
            },
            {
                "category_id": 13,
                "poly": [
                    1044,
                    735,
                    1093,
                    735,
                    1093,
                    766,
                    1044,
                    766
                ],
                "score": 0.87,
                "latex": "\\bar{\\mathbf{x}^{(\\bar{\\mathbf{k}})}}"
            },
            {
                "category_id": 13,
                "poly": [
                    670,
                    842,
                    725,
                    842,
                    725,
                    870,
                    670,
                    870
                ],
                "score": 0.86,
                "latex": "x_{i n i t},"
            },
            {
                "category_id": 13,
                "poly": [
                    841,
                    363,
                    869,
                    363,
                    869,
                    392,
                    841,
                    392
                ],
                "score": 0.86,
                "latex": "x^{\\prime}"
            },
            {
                "category_id": 13,
                "poly": [
                    1162,
                    1549,
                    1257,
                    1549,
                    1257,
                    1579,
                    1162,
                    1579
                ],
                "score": 0.86,
                "latex": "\\Theta\\in\\mathbb{R}^{\\mathrm{m}}"
            },
            {
                "category_id": 13,
                "poly": [
                    263,
                    431,
                    291,
                    431,
                    291,
                    460,
                    263,
                    460
                ],
                "score": 0.85,
                "latex": "x^{\\prime}"
            },
            {
                "category_id": 13,
                "poly": [
                    335,
                    364,
                    383,
                    364,
                    383,
                    395,
                    335,
                    395
                ],
                "score": 0.83,
                "latex": "\\mathsf{f}(\\mathsf{x})"
            },
            {
                "category_id": 13,
                "poly": [
                    395,
                    329,
                    443,
                    329,
                    443,
                    361,
                    395,
                    361
                ],
                "score": 0.82,
                "latex": "\\mathsf{f}(\\mathsf{x})"
            },
            {
                "category_id": 13,
                "poly": [
                    233,
                    1583,
                    360,
                    1583,
                    360,
                    1612,
                    233,
                    1612
                ],
                "score": 0.82,
                "latex": "{\\boldsymbol{\\mathsf{f}}}:{\\mathbb{R}}^{m}\\rightarrow{\\mathbb{R}}."
            },
            {
                "category_id": 13,
                "poly": [
                    1050,
                    1859,
                    1076,
                    1859,
                    1076,
                    1885,
                    1050,
                    1885
                ],
                "score": 0.81,
                "latex": "\\Theta"
            },
            {
                "category_id": 13,
                "poly": [
                    519,
                    432,
                    569,
                    432,
                    569,
                    463,
                    519,
                    463
                ],
                "score": 0.77,
                "latex": "\\mathsf{f}(\\mathsf{x})"
            },
            {
                "category_id": 13,
                "poly": [
                    1004,
                    335,
                    1024,
                    335,
                    1024,
                    358,
                    1004,
                    358
                ],
                "score": 0.75,
                "latex": "x"
            },
            {
                "category_id": 13,
                "poly": [
                    701,
                    1926,
                    726,
                    1926,
                    726,
                    1953,
                    701,
                    1953
                ],
                "score": 0.75,
                "latex": "\\Theta"
            },
            {
                "category_id": 13,
                "poly": [
                    760,
                    1585,
                    785,
                    1585,
                    785,
                    1611,
                    760,
                    1611
                ],
                "score": 0.75,
                "latex": "\\Theta"
            },
            {
                "category_id": 13,
                "poly": [
                    936,
                    299,
                    956,
                    299,
                    956,
                    324,
                    936,
                    324
                ],
                "score": 0.72,
                "latex": "x"
            },
            {
                "category_id": 13,
                "poly": [
                    671,
                    402,
                    691,
                    402,
                    691,
                    426,
                    671,
                    426
                ],
                "score": 0.7,
                "latex": "x"
            },
            {
                "category_id": 13,
                "poly": [
                    749,
                    1551,
                    774,
                    1551,
                    774,
                    1578,
                    749,
                    1578
                ],
                "score": 0.7,
                "latex": "\\Theta"
            },
            {
                "category_id": 13,
                "poly": [
                    292,
                    365,
                    309,
                    365,
                    309,
                    391,
                    292,
                    391
                ],
                "score": 0.51,
                "latex": "\\mathsf{f}"
            },
            {
                "category_id": 13,
                "poly": [
                    1194,
                    368,
                    1213,
                    368,
                    1213,
                    391,
                    1194,
                    391
                ],
                "score": 0.49,
                "latex": "x"
            },
            {
                "category_id": 13,
                "poly": [
                    839,
                    675,
                    858,
                    675,
                    858,
                    697,
                    839,
                    697
                ],
                "score": 0.42,
                "latex": "x"
            },
            {
                "category_id": 13,
                "poly": [
                    366,
                    2010,
                    393,
                    2010,
                    393,
                    2038,
                    366,
                    2038
                ],
                "score": 0.41,
                "latex": "\\Theta"
            }
        ],
        "page_info": {
            "page_no": 2,
            "height": 2339,
            "width": 1654
        }
    },
    {
        "layout_dets": [
            {
                "category_id": 1,
                "poly": [
                    189,
                    1243,
                    1269,
                    1243,
                    1269,
                    1416,
                    189,
                    1416
                ],
                "score": 0.982
            },
            {
                "category_id": 1,
                "poly": [
                    189,
                    357,
                    1268,
                    357,
                    1268,
                    492,
                    189,
                    492
                ],
                "score": 0.979
            },
            {
                "category_id": 1,
                "poly": [
                    190,
                    1636,
                    1265,
                    1636,
                    1265,
                    1705,
                    190,
                    1705
                ],
                "score": 0.958
            },
            {
                "category_id": 8,
                "poly": [
                    422,
                    847,
                    1033,
                    847,
                    1033,
                    933,
                    422,
                    933
                ],
                "score": 0.958
            },
            {
                "category_id": 8,
                "poly": [
                    409,
                    1439,
                    1053,
                    1439,
                    1053,
                    1614,
                    409,
                    1614
                ],
                "score": 0.953
            },
            {
                "category_id": 8,
                "poly": [
                    422,
                    1137,
                    1034,
                    1137,
                    1034,
                    1223,
                    422,
                    1223
                ],
                "score": 0.953
            },
            {
                "category_id": 8,
                "poly": [
                    581,
                    645,
                    877,
                    645,
                    877,
                    734,
                    581,
                    734
                ],
                "score": 0.951
            },
            {
                "category_id": 0,
                "poly": [
                    191,
                    286,
                    733,
                    286,
                    733,
                    333,
                    191,
                    333
                ],
                "score": 0.948
            },
            {
                "category_id": 1,
                "poly": [
                    190,
                    755,
                    1268,
                    755,
                    1268,
                    826,
                    190,
                    826
                ],
                "score": 0.948
            },
            {
                "category_id": 1,
                "poly": [
                    192,
                    589,
                    994,
                    589,
                    994,
                    624,
                    192,
                    624
                ],
                "score": 0.946
            },
            {
                "category_id": 1,
                "poly": [
                    198,
                    1719,
                    1227,
                    1719,
                    1227,
                    1824,
                    198,
                    1824
                ],
                "score": 0.942
            },
            {
                "category_id": 0,
                "poly": [
                    190,
                    1022,
                    542,
                    1022,
                    542,
                    1062,
                    190,
                    1062
                ],
                "score": 0.939
            },
            {
                "category_id": 8,
                "poly": [
                    538,
                    495,
                    907,
                    495,
                    907,
                    577,
                    538,
                    577
                ],
                "score": 0.938
            },
            {
                "category_id": 2,
                "poly": [
                    191,
                    210,
                    316,
                    210,
                    316,
                    239,
                    191,
                    239
                ],
                "score": 0.936
            },
            {
                "category_id": 2,
                "poly": [
                    657,
                    209,
                    800,
                    209,
                    800,
                    244,
                    657,
                    244
                ],
                "score": 0.92
            },
            {
                "category_id": 1,
                "poly": [
                    201,
                    1953,
                    1255,
                    1953,
                    1255,
                    2027,
                    201,
                    2027
                ],
                "score": 0.892
            },
            {
                "category_id": 9,
                "poly": [
                    1210,
                    662,
                    1266,
                    662,
                    1266,
                    696,
                    1210,
                    696
                ],
                "score": 0.892
            },
            {
                "category_id": 9,
                "poly": [
                    1210,
                    516,
                    1265,
                    516,
                    1265,
                    550,
                    1210,
                    550
                ],
                "score": 0.891
            },
            {
                "category_id": 9,
                "poly": [
                    1210,
                    872,
                    1266,
                    872,
                    1266,
                    906,
                    1210,
                    906
                ],
                "score": 0.888
            },
            {
                "category_id": 2,
                "poly": [
                    901,
                    2088,
                    1266,
                    2088,
                    1266,
                    2120,
                    901,
                    2120
                ],
                "score": 0.884
            },
            {
                "category_id": 2,
                "poly": [
                    1235,
                    211,
                    1267,
                    211,
                    1267,
                    238,
                    1235,
                    238
                ],
                "score": 0.878
            },
            {
                "category_id": 1,
                "poly": [
                    200,
                    1853,
                    1167,
                    1853,
                    1167,
                    1928,
                    200,
                    1928
                ],
                "score": 0.87
            },
            {
                "category_id": 1,
                "poly": [
                    1288,
                    1384,
                    1563,
                    1384,
                    1563,
                    1653,
                    1288,
                    1653
                ],
                "score": 0.857
            },
            {
                "category_id": 1,
                "poly": [
                    188,
                    1078,
                    1127,
                    1078,
                    1127,
                    1116,
                    188,
                    1116
                ],
                "score": 0.782
            },
            {
                "category_id": 1,
                "poly": [
                    1260,
                    946,
                    1570,
                    946,
                    1570,
                    1046,
                    1260,
                    1046
                ],
                "score": 0.705
            },
            {
                "category_id": 14,
                "poly": [
                    537,
                    490,
                    921,
                    490,
                    921,
                    581,
                    537,
                    581
                ],
                "score": 0.95,
                "latex": "\\mathrm{J}(\\theta)=\\frac{1}{\\mathrm{n}}\\sum_{\\mathrm{i=1}}^{\\mathrm{n}}\\left(\\Theta^{\\mathsf{T}}x^{(\\mathrm{i})}-\\mathsf{y}^{(\\mathrm{i})}\\right)^{2}\\ \\,"
            },
            {
                "category_id": 14,
                "poly": [
                    580,
                    643,
                    877,
                    643,
                    877,
                    736,
                    580,
                    736
                ],
                "score": 0.94,
                "latex": "\\nabla_{\\theta}\\mathsf{J}=\\frac{2}{\\mathsf{n}}\\underbrace{\\tilde{\\mathsf{X}}^{\\mathsf{T}}}_{\\mathsf{d}\\times\\mathsf{n}}\\underbrace{(\\tilde{\\mathsf{X}}\\theta-\\tilde{\\mathsf{Y}})}_{\\mathsf{n}\\times1}\\ ,"
            },
            {
                "category_id": 14,
                "poly": [
                    405,
                    1436,
                    1054,
                    1436,
                    1054,
                    1620,
                    405,
                    1620
                ],
                "score": 0.93,
                "latex": "\\begin{array}{l}{{\\displaystyle\\nabla_{\\Theta}\\!\\int_{\\mathrm{ridge}}(\\Theta,\\Theta_{0})=\\frac{2}{\\mathsf{n}}\\sum_{\\mathrm{i}=1}^{\\mathsf{n}}\\left(\\Theta^{\\mathsf{T}}x^{(\\mathrm{i})}+\\Theta_{0}-\\mathbb{y}^{(\\mathrm{i})}\\right)x^{(\\mathrm{i})}+2\\lambda\\theta}}\\\\ {{\\displaystyle\\frac{\\partial\\mathrm{J_{ridge}}(\\Theta,\\Theta_{0})}{\\partial\\theta_{0}}=\\frac{2}{\\mathsf{n}}\\sum_{\\mathrm{i}=1}^{\\mathsf{n}}\\left(\\Theta^{\\mathsf{T}}x^{(\\mathrm{i})}+\\Theta_{0}-\\mathbb{y}^{(\\mathrm{i})}\\right)\\ \\,}}\\end{array}"
            },
            {
                "category_id": 14,
                "poly": [
                    424,
                    845,
                    1035,
                    845,
                    1035,
                    937,
                    424,
                    937
                ],
                "score": 0.93,
                "latex": "\\boldsymbol{\\theta}^{(\\mathrm{t})}=\\boldsymbol{\\theta}^{(\\mathrm{t-1})}-\\boldsymbol{\\eta}\\frac{2}{\\ n}\\sum_{\\mathrm{i}=1}^{\\ n}\\left(\\left[\\boldsymbol{\\theta}^{(\\mathrm{t}-1)}\\right]^{\\mathsf{T}}\\boldsymbol{x}^{(\\mathrm{i})}-\\boldsymbol{\\mathrm{y}}^{(\\mathrm{i})}\\right)\\boldsymbol{x}^{(\\mathrm{i})}\\,."
            },
            {
                "category_id": 14,
                "poly": [
                    421,
                    1134,
                    1037,
                    1134,
                    1037,
                    1225,
                    421,
                    1225
                ],
                "score": 0.93,
                "latex": "\\mathrm{J_{ridge}}(\\theta,\\theta_{0})=\\frac{1}{\\mathfrak{n}}\\sum_{\\mathrm{i}=1}^{\\mathfrak{n}}\\left(\\Theta^{\\mathsf{T}}x^{(\\mathrm{i})}+\\Theta_{0}-\\mathfrak{y}^{(\\mathrm{i})}\\right)^{2}+\\lambda\\|\\theta\\|^{2}\\;\\;."
            },
            {
                "category_id": 13,
                "poly": [
                    807,
                    1347,
                    938,
                    1347,
                    938,
                    1379,
                    807,
                    1379
                ],
                "score": 0.92,
                "latex": "\\Theta=\\left(\\theta,\\theta_{0}\\right)"
            },
            {
                "category_id": 13,
                "poly": [
                    538,
                    1854,
                    637,
                    1854,
                    637,
                    1891,
                    538,
                    1891
                ],
                "score": 0.9,
                "latex": "\\nabla_{\\boldsymbol{\\theta}}\\left\\|\\boldsymbol{\\theta}\\right\\|^{2}"
            },
            {
                "category_id": 13,
                "poly": [
                    627,
                    1639,
                    697,
                    1639,
                    697,
                    1668,
                    627,
                    1668
                ],
                "score": 0.89,
                "latex": "\\mathrm{~d~}\\times\\mathrm{~1~}"
            },
            {
                "category_id": 13,
                "poly": [
                    540,
                    1954,
                    773,
                    1954,
                    773,
                    1989,
                    540,
                    1989
                ],
                "score": 0.89,
                "latex": "\\nabla_{\\boldsymbol{\\theta}}\\mathsf{J}_{\\mathrm{ridge}}(\\boldsymbol{\\theta}^{\\mathsf{T}}\\boldsymbol{x}\\!+\\!\\theta_{0},\\boldsymbol{\\ y})"
            },
            {
                "category_id": 13,
                "poly": [
                    825,
                    1887,
                    936,
                    1887,
                    936,
                    1926,
                    825,
                    1926
                ],
                "score": 0.88,
                "latex": "\\nabla_{\\theta}\\parallel\\Theta\\|^{2}?"
            },
            {
                "category_id": 13,
                "poly": [
                    684,
                    1757,
                    752,
                    1757,
                    752,
                    1786,
                    684,
                    1786
                ],
                "score": 0.88,
                "latex": "\\mathrm{~d~}\\times\\mathrm{~1~}"
            },
            {
                "category_id": 13,
                "poly": [
                    317,
                    1639,
                    414,
                    1639,
                    414,
                    1672,
                    317,
                    1672
                ],
                "score": 0.87,
                "latex": "\\nabla_{\\boldsymbol{\\theta}}\\,{\\mathrm{J}}_{\\mathrm{ridge}}"
            },
            {
                "category_id": 13,
                "poly": [
                    1421,
                    1574,
                    1447,
                    1574,
                    1447,
                    1600,
                    1421,
                    1600
                ],
                "score": 0.86,
                "latex": "\\bar{\\theta}_{\\mathrm{i}}"
            },
            {
                "category_id": 13,
                "poly": [
                    953,
                    1247,
                    983,
                    1247,
                    983,
                    1277,
                    953,
                    1277
                ],
                "score": 0.86,
                "latex": "\\uptheta_{0}"
            },
            {
                "category_id": 13,
                "poly": [
                    314,
                    1674,
                    343,
                    1674,
                    343,
                    1703,
                    314,
                    1703
                ],
                "score": 0.85,
                "latex": "\\uptheta_{0}"
            },
            {
                "category_id": 13,
                "poly": [
                    395,
                    1314,
                    428,
                    1314,
                    428,
                    1344,
                    395,
                    1344
                ],
                "score": 0.85,
                "latex": "\\theta_{0},"
            },
            {
                "category_id": 13,
                "poly": [
                    203,
                    1888,
                    547,
                    1888,
                    547,
                    1926,
                    203,
                    1926
                ],
                "score": 0.82,
                "latex": "(\\partial\\left\\|\\dot{\\boldsymbol{\\theta}}\\right\\|^{2}/\\partial\\theta_{1},\\ldots,\\partial\\left\\|\\boldsymbol{\\theta}\\right\\|^{2}/\\partial\\theta_{\\mathrm{d}})"
            },
            {
                "category_id": 13,
                "poly": [
                    593,
                    1349,
                    618,
                    1349,
                    618,
                    1375,
                    593,
                    1375
                ],
                "score": 0.79,
                "latex": "\\Theta"
            },
            {
                "category_id": 13,
                "poly": [
                    269,
                    1990,
                    905,
                    1990,
                    905,
                    2026,
                    269,
                    2026
                ],
                "score": 0.76,
                "latex": "(\\partial)_{\\mathrm{ridge}}(\\theta^{\\mathsf{T}}x+\\theta_{0},\\mathfrak{y})/\\partial\\theta_{1},\\ldots,\\partial\\jmath_{\\mathrm{ridge}}(\\theta^{\\mathsf{T}}x+\\theta_{0},\\mathfrak{y})/\\partial\\theta_{\\mathrm{d}})"
            },
            {
                "category_id": 13,
                "poly": [
                    759,
                    1638,
                    888,
                    1638,
                    888,
                    1674,
                    759,
                    1674
                ],
                "score": 0.74,
                "latex": "\\partial]_{\\mathrm{ridge}}/\\partial\\theta_{0}"
            },
            {
                "category_id": 13,
                "poly": [
                    244,
                    1791,
                    271,
                    1791,
                    271,
                    1818,
                    244,
                    1818
                ],
                "score": 0.72,
                "latex": "\\Theta"
            },
            {
                "category_id": 13,
                "poly": [
                    368,
                    1280,
                    404,
                    1280,
                    404,
                    1308,
                    368,
                    1308
                ],
                "score": 0.4,
                "latex": "1^{\\prime}\\mathrm{s}"
            }
        ],
        "page_info": {
            "page_no": 3,
            "height": 2339,
            "width": 1654
        }
    },
    {
        "layout_dets": [
            {
                "category_id": 1,
                "poly": [
                    190,
                    1369,
                    1268,
                    1369,
                    1268,
                    1505,
                    190,
                    1505
                ],
                "score": 0.973
            },
            {
                "category_id": 1,
                "poly": [
                    190,
                    1669,
                    1269,
                    1669,
                    1269,
                    1773,
                    190,
                    1773
                ],
                "score": 0.973
            },
            {
                "category_id": 1,
                "poly": [
                    189,
                    1163,
                    1269,
                    1163,
                    1269,
                    1367,
                    189,
                    1367
                ],
                "score": 0.968
            },
            {
                "category_id": 0,
                "poly": [
                    191,
                    1091,
                    767,
                    1091,
                    767,
                    1137,
                    191,
                    1137
                ],
                "score": 0.945
            },
            {
                "category_id": 8,
                "poly": [
                    617,
                    1563,
                    841,
                    1563,
                    841,
                    1650,
                    617,
                    1650
                ],
                "score": 0.939
            },
            {
                "category_id": 1,
                "poly": [
                    188,
                    1842,
                    696,
                    1842,
                    696,
                    2012,
                    188,
                    2012
                ],
                "score": 0.936
            },
            {
                "category_id": 1,
                "poly": [
                    192,
                    350,
                    1267,
                    350,
                    1267,
                    418,
                    192,
                    418
                ],
                "score": 0.933
            },
            {
                "category_id": 2,
                "poly": [
                    191,
                    210,
                    316,
                    210,
                    316,
                    239,
                    191,
                    239
                ],
                "score": 0.922
            },
            {
                "category_id": 2,
                "poly": [
                    658,
                    210,
                    800,
                    210,
                    800,
                    243,
                    658,
                    243
                ],
                "score": 0.914
            },
            {
                "category_id": 1,
                "poly": [
                    199,
                    953,
                    1240,
                    953,
                    1240,
                    1024,
                    199,
                    1024
                ],
                "score": 0.899
            },
            {
                "category_id": 1,
                "poly": [
                    231,
                    1505,
                    708,
                    1505,
                    708,
                    1538,
                    231,
                    1538
                ],
                "score": 0.896
            },
            {
                "category_id": 2,
                "poly": [
                    902,
                    2088,
                    1267,
                    2088,
                    1267,
                    2120,
                    902,
                    2120
                ],
                "score": 0.892
            },
            {
                "category_id": 1,
                "poly": [
                    1290,
                    1201,
                    1541,
                    1201,
                    1541,
                    1392,
                    1290,
                    1392
                ],
                "score": 0.889
            },
            {
                "category_id": 1,
                "poly": [
                    190,
                    446,
                    681,
                    446,
                    681,
                    480,
                    190,
                    480
                ],
                "score": 0.878
            },
            {
                "category_id": 1,
                "poly": [
                    191,
                    1799,
                    962,
                    1799,
                    962,
                    1835,
                    191,
                    1835
                ],
                "score": 0.875
            },
            {
                "category_id": 2,
                "poly": [
                    1236,
                    212,
                    1266,
                    212,
                    1266,
                    237,
                    1236,
                    237
                ],
                "score": 0.863
            },
            {
                "category_id": 1,
                "poly": [
                    197,
                    892,
                    924,
                    892,
                    924,
                    929,
                    197,
                    929
                ],
                "score": 0.844
            },
            {
                "category_id": 1,
                "poly": [
                    198,
                    296,
                    1114,
                    296,
                    1114,
                    334,
                    198,
                    334
                ],
                "score": 0.747
            },
            {
                "category_id": 8,
                "poly": [
                    187,
                    484,
                    1126,
                    484,
                    1126,
                    849,
                    187,
                    849
                ],
                "score": 0.485
            },
            {
                "category_id": 1,
                "poly": [
                    187,
                    484,
                    1126,
                    484,
                    1126,
                    849,
                    187,
                    849
                ],
                "score": 0.262
            },
            {
                "category_id": 14,
                "poly": [
                    616,
                    1559,
                    839,
                    1559,
                    839,
                    1651,
                    616,
                    1651
                ],
                "score": 0.94,
                "latex": "\\mathsf{f}(\\Theta)=\\sum_{\\mathrm{i}=1}^{\\mathrm{n}}\\mathsf{f}_{\\mathrm{i}}(\\Theta)\\,\\mathrm{~,~}"
            },
            {
                "category_id": 13,
                "poly": [
                    899,
                    1740,
                    965,
                    1740,
                    965,
                    1770,
                    899,
                    1770
                ],
                "score": 0.88,
                "latex": "\\nabla\\Theta^{\\boldsymbol{\\mathsf{f}}_{\\mathrm{i}}}"
            },
            {
                "category_id": 13,
                "poly": [
                    483,
                    1911,
                    661,
                    1911,
                    661,
                    1943,
                    483,
                    1943
                ],
                "score": 0.88,
                "latex": "\\mathfrak{i}\\in\\{1,2,\\dots,\\mathfrak{n}\\}"
            },
            {
                "category_id": 13,
                "poly": [
                    275,
                    1878,
                    344,
                    1878,
                    344,
                    1907,
                    275,
                    1907
                ],
                "score": 0.82,
                "latex": "\\mathrm{~t~}=1"
            },
            {
                "category_id": 13,
                "poly": [
                    230,
                    1838,
                    375,
                    1838,
                    375,
                    1875,
                    230,
                    1875
                ],
                "score": 0.76,
                "latex": "\\Theta^{(0)}=\\Theta_{i n i t}"
            },
            {
                "category_id": 14,
                "poly": [
                    239,
                    623,
                    1127,
                    623,
                    1127,
                    854,
                    239,
                    854
                ],
                "score": 0.72,
                "latex": "\\begin{array}{r l}&{\\quad\\mathbf{\\eta}^{\\star}\\;\\mathbf{\\dot{\\omega}}+\\mathbf{t}+\\mathbf{1}}\\\\ &{\\quad\\mathbf{\\Theta}\\mathbf{\\Theta}^{(\\mathbf{t})}=\\mathbf{\\Theta}^{(\\mathbf{t}-1)}-\\eta\\left(\\frac{1}{n}\\sum_{\\mathbf{i}=1}^{\\mathbf{n}}\\left(\\mathbf{\\Theta}^{(\\mathbf{t}-1)}\\mathbf{\\bar{x}}^{(\\mathbf{i})}+\\mathbf{\\Theta}_{0}^{(\\mathbf{t}-1)}-\\mathbf{y}^{(\\mathbf{i})}\\right)\\mathbf{x}^{(\\mathbf{i})}+\\lambda\\mathbf{\\Theta}^{(\\mathbf{t}-1)}\\right)}\\\\ &{\\quad\\mathbf{\\Theta}_{0}^{(\\mathbf{t})}=\\mathbf{\\Theta}_{0}^{(\\mathbf{t}-1)}-\\eta\\left(\\frac{1}{n}\\sum_{\\mathbf{i}=1}^{\\mathbf{n}}\\left(\\mathbf{\\Theta}^{(\\mathbf{t}-1)}\\mathbf{\\bar{Y}}_{\\mathbf{x}}^{(\\mathbf{i})}+\\mathbf{\\Theta}_{0}^{(\\mathbf{t}-1)}-\\mathbf{y}^{(\\mathbf{i})}\\right)\\right)}\\\\ &{\\quad\\mathbf{until}\\;\\left|\\int_{\\mathrm{ridge}}(\\mathbf{\\Theta}^{(\\mathbf{t})},\\mathbf{\\Theta}_{0}^{(\\mathbf{t})})-\\int_{\\mathrm{ridge}}(\\mathbf{\\Theta}^{(\\mathbf{t}-1)},\\mathbf{\\Theta}_{0}^{(\\mathbf{t}-1)})\\right|<\\epsilon}\\\\ &{\\quad\\mathbf{\\mathrm{return}}\\;\\mathbf{\\Theta}^{(\\mathbf{t})},\\mathbf{\\Theta}_{0}^{(\\mathbf{t})}}\\end{array}"
            },
            {
                "category_id": 13,
                "poly": [
                    284,
                    1942,
                    696,
                    1942,
                    696,
                    1978,
                    284,
                    1978
                ],
                "score": 0.58,
                "latex": "\\Theta^{(\\mathrm{t})}=\\bar{\\Theta^{(\\mathrm{t}-1)}}-\\boldsymbol{\\upeta}(\\mathrm{t})\\,\\nabla_{\\Theta}\\mathsf{f}_{\\mathrm{i}}\\big(\\Theta^{(\\mathrm{t}-1)}\\big)"
            },
            {
                "category_id": 14,
                "poly": [
                    225,
                    482,
                    376,
                    482,
                    376,
                    594,
                    225,
                    594
                ],
                "score": 0.47,
                "latex": "\\begin{array}{l}{\\theta^{(0)}=\\theta_{i n i t}}\\\\ {\\theta_{0}^{(0)}=\\theta_{0i n i t}}\\\\ {\\mathrm{~t=0~}}\\end{array}"
            },
            {
                "category_id": 14,
                "poly": [
                    283,
                    1942,
                    695,
                    1942,
                    695,
                    1985,
                    283,
                    1985
                ],
                "score": 0.4,
                "latex": "\\Theta^{(\\mathrm{t})}=\\bar{\\Theta^{(\\mathrm{t}-1)}}-\\boldsymbol{\\upeta}(\\mathrm{t})\\,\\nabla_{\\Theta}\\mathrm{f}_{\\mathrm{i}}\\big(\\Theta^{(\\mathrm{t}-1)}\\big)"
            },
            {
                "category_id": 13,
                "poly": [
                    498,
                    448,
                    675,
                    448,
                    675,
                    481,
                    498,
                    481
                ],
                "score": 0.36,
                "latex": "\\left(\\theta_{i n i t},\\theta_{0i n i t},\\upeta,\\upepsilon\\right)"
            },
            {
                "category_id": 13,
                "poly": [
                    314,
                    1977,
                    367,
                    1977,
                    367,
                    2007,
                    314,
                    2007
                ],
                "score": 0.29,
                "latex": "\\Theta^{(\\mathbf{t})}"
            }
        ],
        "page_info": {
            "page_no": 4,
            "height": 2339,
            "width": 1654
        }
    },
    {
        "layout_dets": [
            {
                "category_id": 1,
                "poly": [
                    191,
                    706,
                    1267,
                    706,
                    1267,
                    809,
                    191,
                    809
                ],
                "score": 0.97
            },
            {
                "category_id": 1,
                "poly": [
                    190,
                    293,
                    1269,
                    293,
                    1269,
                    395,
                    190,
                    395
                ],
                "score": 0.963
            },
            {
                "category_id": 1,
                "poly": [
                    190,
                    1006,
                    1268,
                    1006,
                    1268,
                    1074,
                    190,
                    1074
                ],
                "score": 0.959
            },
            {
                "category_id": 8,
                "poly": [
                    517,
                    543,
                    941,
                    543,
                    941,
                    632,
                    517,
                    632
                ],
                "score": 0.956
            },
            {
                "category_id": 1,
                "poly": [
                    198,
                    893,
                    1248,
                    893,
                    1248,
                    995,
                    198,
                    995
                ],
                "score": 0.955
            },
            {
                "category_id": 1,
                "poly": [
                    192,
                    398,
                    1267,
                    398,
                    1267,
                    465,
                    192,
                    465
                ],
                "score": 0.951
            },
            {
                "category_id": 1,
                "poly": [
                    192,
                    810,
                    1268,
                    810,
                    1268,
                    878,
                    192,
                    878
                ],
                "score": 0.943
            },
            {
                "category_id": 1,
                "poly": [
                    191,
                    651,
                    857,
                    651,
                    857,
                    687,
                    191,
                    687
                ],
                "score": 0.941
            },
            {
                "category_id": 2,
                "poly": [
                    191,
                    210,
                    316,
                    210,
                    316,
                    239,
                    191,
                    239
                ],
                "score": 0.937
            },
            {
                "category_id": 1,
                "poly": [
                    1289,
                    655,
                    1564,
                    655,
                    1564,
                    901,
                    1289,
                    901
                ],
                "score": 0.931
            },
            {
                "category_id": 1,
                "poly": [
                    191,
                    485,
                    896,
                    485,
                    896,
                    521,
                    191,
                    521
                ],
                "score": 0.925
            },
            {
                "category_id": 2,
                "poly": [
                    658,
                    210,
                    800,
                    210,
                    800,
                    243,
                    658,
                    243
                ],
                "score": 0.922
            },
            {
                "category_id": 2,
                "poly": [
                    1236,
                    212,
                    1266,
                    212,
                    1266,
                    237,
                    1236,
                    237
                ],
                "score": 0.876
            },
            {
                "category_id": 2,
                "poly": [
                    902,
                    2089,
                    1266,
                    2089,
                    1266,
                    2120,
                    902,
                    2120
                ],
                "score": 0.852
            },
            {
                "category_id": 1,
                "poly": [
                    232,
                    1096,
                    1269,
                    1096,
                    1269,
                    1200,
                    232,
                    1200
                ],
                "score": 0.516
            },
            {
                "category_id": 1,
                "poly": [
                    230,
                    1218,
                    1273,
                    1218,
                    1273,
                    1323,
                    230,
                    1323
                ],
                "score": 0.51
            },
            {
                "category_id": 1,
                "poly": [
                    227,
                    1095,
                    1274,
                    1095,
                    1274,
                    1447,
                    227,
                    1447
                ],
                "score": 0.5
            },
            {
                "category_id": 1,
                "poly": [
                    231,
                    1341,
                    1269,
                    1341,
                    1269,
                    1446,
                    231,
                    1446
                ],
                "score": 0.468
            },
            {
                "category_id": 14,
                "poly": [
                    515,
                    540,
                    936,
                    540,
                    936,
                    633,
                    515,
                    633
                ],
                "score": 0.93,
                "latex": "\\sum_{\\mathrm{t=1}}^{\\infty}\\boldsymbol{\\upeta}(\\mathrm{t})=\\infty\\;\\,a n d\\ \\sum_{\\mathrm{t=1}}^{\\infty}\\boldsymbol{\\upeta}(\\mathrm{t})^{2}<\\infty\\ \\,"
            },
            {
                "category_id": 13,
                "poly": [
                    828,
                    810,
                    955,
                    810,
                    955,
                    843,
                    828,
                    843
                ],
                "score": 0.9,
                "latex": "\\upeta(\\mathrm{t})=1/\\mathrm{t}"
            },
            {
                "category_id": 13,
                "poly": [
                    407,
                    774,
                    500,
                    774,
                    500,
                    810,
                    407,
                    810
                ],
                "score": 0.89,
                "latex": "\\sum\\mathsf{\\boldsymbol{\\upeta}}(\\mathsf{t})^{2}"
            },
            {
                "category_id": 13,
                "poly": [
                    1057,
                    708,
                    1141,
                    708,
                    1141,
                    743,
                    1057,
                    743
                ],
                "score": 0.79,
                "latex": "\\sum\\mathsf{\\boldsymbol{\\mathsf{n}}(t)}."
            },
            {
                "category_id": 13,
                "poly": [
                    584,
                    487,
                    635,
                    487,
                    635,
                    520,
                    584,
                    520
                ],
                "score": 0.49,
                "latex": "\\upeta(\\up t)"
            },
            {
                "category_id": 13,
                "poly": [
                    740,
                    299,
                    792,
                    299,
                    792,
                    328,
                    740,
                    328
                ],
                "score": 0.49,
                "latex": "\\boldsymbol{\\mathsf{n}},\\boldsymbol{\\mathsf{n}}"
            },
            {
                "category_id": 13,
                "poly": [
                    1055,
                    1256,
                    1081,
                    1256,
                    1081,
                    1282,
                    1055,
                    1282
                ],
                "score": 0.34,
                "latex": "\\Theta"
            }
        ],
        "page_info": {
            "page_no": 5,
            "height": 2339,
            "width": 1654
        }
    }
]