[
    {
        "type": "text",
        "text": "CHAPTER 7 ",
        "page_idx": 0
    },
    {
        "type": "text",
        "text": "Convolutional Neural Networks ",
        "page_idx": 0
    },
    {
        "type": "text",
        "text": "So far, we have studied what are called fully connected neural networks, in which all of the units at one layer are connected to all of the units in the next layer. This is a good arrangement when we don’t know anything about what kind of mapping from inputs to outputs we will be asking the network to learn to approximate. But if we do know something about our problem, it is better to build it into the structure of our neural network. Doing so can save computation time and significantly diminish the amount of training data required to arrive at a solution that generalizes robustly. ",
        "page_idx": 0
    },
    {
        "type": "text",
        "text": "One very important application domain of neural networks, where the methods have achieved an enormous amount of success in recent years, is signal processing. Signals might be spatial (in two-dimensional camera images or three-dimensional depth or CAT scans) or temporal (speech or music). If we know that we are addressing a signal-processing problem, we can take advantage of invariant properties of that problem. In this chapter, we will focus on two-dimensional spatial problems (images) but use one-dimensional ones as a simple example. In a later chapter, we will address temporal problems. ",
        "page_idx": 0
    },
    {
        "type": "text",
        "text": "Imagine that you are given the problem of designing and training a neural network that takes an image as input, and outputs a classification, which is positive if the image contains a cat and negative if it does not. An image is described as a two-dimensional array of pixels ,each of which may be represented by three integer values, encoding intensity levels in red, green, and blue color channels. ",
        "page_idx": 0
    },
    {
        "type": "text",
        "text": "There are two important pieces of prior structural knowledge we can bring to bear on this problem: ",
        "page_idx": 0
    },
    {
        "type": "text",
        "text": "•Spatial locality: The set of pixels we will have to take into consideration to find a cat will be near one another in the image.   \n•Translation invariance: The pattern of pixels that characterizes a cat is the same no matter where in the image the cat occurs. ",
        "page_idx": 0
    },
    {
        "type": "text",
        "text": "We will design neural network structures that take advantage of these properties. ",
        "page_idx": 0
    },
    {
        "type": "text",
        "text": "So, for example, we won’t have to consider some combination of pixels in the four corners of the image, in order to see if they encode cat-ness. ",
        "page_idx": 0
    },
    {
        "type": "text",
        "text": "Cats don’t look different if they’re on the left or the right side of the image. ",
        "page_idx": 0
    },
    {
        "type": "text",
        "text": "7.1 Filters ",
        "text_level": 1,
        "page_idx": 1
    },
    {
        "type": "text",
        "text": "We begin by discussing image filters . An image filter is a function that takes in a local spatial neighborhood of pixel values and detects the presence of some pattern in that data. ",
        "page_idx": 1
    },
    {
        "type": "text",
        "text": "Let’s consider a very simple case to start, in which we have a 1-dimensional binary “image” and a filter Fof size two. The filter is a vector of two numbers, which we will move along the image, taking the dot product between the filter values and the image values at each step, and aggregating the outputs to produce a new image. ",
        "page_idx": 1
    },
    {
        "type": "text",
        "text": "Let Xbe the original image, of size ${\\dot{\\mathrm{d}}}_{,}$ ; then pixel i of the the output image is specified by ",
        "page_idx": 1
    },
    {
        "type": "equation",
        "text": "$$\n\\Upsilon_{\\mathrm{i}}=\\mathsf{F}\\cdot(X_{\\mathrm{i-1}},X_{\\mathrm{i}})\\;\\;.\n$$",
        "text_format": "latex",
        "page_idx": 1
    },
    {
        "type": "text",
        "text": "To ensure that the output image is also of dimension ${\\tt d}_{.}$ , we will generally “pad” the input image with 0 values if we need to access pixels that are beyond the bounds of the input image. This process of applying the filter to the image to create a new image is called “convolution.” ",
        "page_idx": 1
    },
    {
        "type": "text",
        "text": "If you are already familiar with what a convolution is, you might notice that this definition corresponds to what is often called a correlation and not to a convolution. Indeed, correlation and convolution refer to different operations in signal processing. However, in the neural networks literature, most libraries implement the correlation (as described in this chapter) but call it convolution. The distinction is not significant; in principle, if convolution is required to solve the problem, the network could learn the necessary weights. For a discussion of the difference between convolution and correlation and the conventions used in the literature you can read Section 9.1 in this excellent book: https://www.deeplearningbook.org .",
        "page_idx": 1
    },
    {
        "type": "text",
        "text": "Here is a concrete example. Let the filter $\\mathsf{F}_{1}=\\left(-1,+1\\right)$ . Then given the image in the first line below, we can convolve it with filter $\\mathsf{F}_{1}$ to obtain the second image. You can think of this filter as a detector for “left edges” in the original image—to see this, look at the places where there is a 1 in the output image, and see what pattern exists at that position in the input image. Another interesting filter is $\\mathsf{F}_{2}=(-1,+1,-1)$ . The third image (the last line below) shows the result of convolving the first image with $\\mathsf{F}_{2,$ , where we see that the output pixel i corresponds to when the center of $\\mathsf{F}_{2}$ is aligned at input pixel i .",
        "page_idx": 1
    },
    {
        "type": "text",
        "text": "Study Question: Convince yourself that filter $\\mathsf{F}_{2}$ can be understood as a detector for isolated positive pixels in the binary image. ",
        "page_idx": 1
    },
    {
        "type": "text",
        "text": "Unfortunately in AI/ML/CS/Math, the word “filter” gets used in many ways: in addition to the one we describe here, it can describe a temporal process (in fact, our moving averages are a kind of filter) and even a somewhat esoteric algebraic structure. ",
        "page_idx": 1
    },
    {
        "type": "text",
        "text": "And filters are also sometimes called convolutional kernels .",
        "page_idx": 1
    },
    {
        "type": "image",
        "img_path": "images/252c56271aa48c9d5192d69d04650663e876a6f482640cf4a0d450901318d20a.jpg",
        "img_caption": [],
        "img_footnote": [],
        "page_idx": 1
    },
    {
        "type": "text",
        "text": "Two-dimensional versions of filters like these are thought to be found in the visual cortex of all mammalian brains. Similar patterns arise from statistical analysis of natural images. Computer vision people used to spend a lot of time hand-designing filter banks . A filter bank is a set of sets of filters, arranged as shown in the diagram below. ",
        "page_idx": 2
    },
    {
        "type": "image",
        "img_path": "images/375ba58a877e4438b7d27259c75f7ef557fa18fa49b673c2f9bd496ec370e198.jpg",
        "img_caption": [],
        "img_footnote": [],
        "page_idx": 2
    },
    {
        "type": "text",
        "text": "All of the filters in the first group are applied to the original image; if there are ksuch filters, then the result is $\\mathtt{k}$ new images, which are called channels . Now imagine stacking all these new images up so that we have a cube of data, indexed by the original row and column indices of the image, as well as by the channel. The next set of filters in the filter bank will generally be three-dimensional : each one will be applied to a sub-range of the row and column indices of the image and to all of the channels. ",
        "page_idx": 2
    },
    {
        "type": "text",
        "text": "These 3D chunks of data are called tensors . The algebra of tensors is fun, and a lot like matrix algebra, but we won’t go into it in any detail. ",
        "page_idx": 2
    },
    {
        "type": "text",
        "text": "Here is a more complex example of two-dimensional filtering. We have two $3\\times3$ filters in the first layer, ${\\boldsymbol{\\mathrm{f}}}_{1}$ and $\\boldsymbol{\\mathsf{f}}_{2}$ . You can think of each one as “looking” for three pixels in a row, ${\\boldsymbol{\\mathrm{f}}}_{1}$ vertically and $\\boldsymbol{\\mathrm{f}}_{2}$ horizontally. Assuming our input image is $\\mathfrak{n}\\times\\mathfrak{n},$ then the result of filtering with these two filters is an $\\mathrm{~n~}\\times\\mathrm{~n~}\\times\\mathrm{~2~}$ tensor. Now we apply a tensor filter (hard to draw!) that “looks for” a combination of two horizontal and two vertical bars (now represented by individual pixels in the two channels), resulting in a single final $n\\times n$ image. ",
        "page_idx": 2
    },
    {
        "type": "text",
        "text": "There are now many useful neural-network software packages, such as TensorFlow and $P y-$ Torch that make operations on tensors easy. ",
        "page_idx": 2
    },
    {
        "type": "text",
        "text": "When we have a color image as input, we treat it as having three channels, and hence as an ${\\mathfrak{n}}\\times{\\mathfrak{n}}\\times3$ tensor. ",
        "page_idx": 2
    },
    {
        "type": "image",
        "img_path": "images/768ff2d391c5e75a9bf3531112f9d352debce7174798d5733d0e9514bd43cc46.jpg",
        "img_caption": [],
        "img_footnote": [],
        "page_idx": 2
    },
    {
        "type": "text",
        "text": "We are going to design neural networks that have this structure. Each “bank” of the filter bank will correspond to a neural-network layer. The numbers in the individual filters will be the “weights” (plus a single additive bias or offset value for each filter) of the network, that we will train using gradient descent. What makes this interesting and powerful (and somewhat confusing at first) is that the same weights are used many many times in the computation of each layer. This weight sharing means that we can express a transformation on a large image with relatively few parameters; it also means we’ll have to take care in figuring out exactly how to train it! ",
        "page_idx": 2
    },
    {
        "type": "text",
        "text": "",
        "page_idx": 3
    },
    {
        "type": "text",
        "text": "We will define a filter layer lformally with: ",
        "page_idx": 3
    },
    {
        "type": "text",
        "text": "•number of filters ${\\mathfrak{m}}^{\\mathfrak{l}}$ ;  \n•size of one filter is $\\mathsf{k}^{\\mathsf{l}}\\times\\mathsf{k}^{\\mathsf{l}}\\times\\mathsf{m}^{\\mathsf{l}-1}$ plus 1 bias value (for this one filter);   \n•stride $s^{\\mathrm{l}}$ is the spacing at which we apply the filter to the image; in all of our examples so far, we have used a stride of 1, but if we were to $^{\\prime}\\mathrm{skip}^{\\prime\\prime}$ and apply the filter only at odd-numbered indices of the image, then it would have a stride of two (and produce a resulting image of half the size);   \n•input tensor size $\\mathsf{n}^{\\mathrm{1-1}}\\times\\mathsf{n}^{\\mathrm{1-1}}\\times\\mathsf{m}^{\\mathrm{1-1}}$   \n•padding :${\\mathfrak{p}}^{\\mathfrak{l}}$ is how many extra pixels – typically with value 0 – we add around the edges of the input. For an i $\\dot{\\mathfrak{n}^{\\downarrow-1}}\\times\\dot{\\mathfrak{n}}^{\\downarrow-1}\\times\\mathfrak{m}^{\\downarrow-1},$ ew effective input size with padding becomes $(\\bar{\\mathfrak{n}}^{1-1}+2\\cdot\\mathfrak{p}^{1})\\times(\\mathfrak{n}^{1-1}+2\\cdot\\mathfrak{p}^{1})\\times\\mathfrak{m}^{1-1}.$ ·×·×.",
        "page_idx": 3
    },
    {
        "type": "text",
        "text": "This layer will produce an output tensor of size $\\mathsf{n}^{\\mathsf{l}}\\times\\mathsf{n}^{\\mathsf{l}}\\times\\mathsf{m}^{\\mathsf{l}}.$ , where $\\mathsf{n}^{\\mathsf{l}}=\\lceil(\\mathsf{n}^{\\mathsf{l}-1}+2\\cdot\\mathsf{p}^{\\mathsf{l}}-$ $\\mathsf{k}^{\\mathsf{l}}\\!\\times\\!\\mathsf{m}^{\\mathsf{l}-1}$ $(\\upkappa^{1}-1))/s^{1}]$ is one more weight value per filter. A filter with a bias operates just like the filter examples ×tensors of weight values; plus each filter may have a bias term, which means there .1 The weights are the values defining the filter: there will be ${\\mathfrak{m}}^{\\lfloor}$ different $k^{\\mathrm{{l}}}\\times$ ×above, except we add the bias to the output. For instance, if we incorporated a bias term of 0.5 into the filter $\\mathsf{F}_{2}$ above, the output would be $(-0.5,0.5,-0.5,0.5,-1.5,1.5,-0.5,0.5)$ instead of $\\left(-1,0,-1,0,-2,1,-1,0\\right)$ .",
        "page_idx": 3
    },
    {
        "type": "text",
        "text": "This may seem complicated, but we get a rich class of mappings that exploit image structure and have many fewer weights than a fully connected layer would. ",
        "page_idx": 3
    },
    {
        "type": "text",
        "text": "Study Question: How many weights are in a convolutional layer specified as above? ",
        "page_idx": 3
    },
    {
        "type": "text",
        "text": "Study Question: If we used a fully-connected layer with the same size inputs and outputs, how many weights would it have? ",
        "page_idx": 3
    },
    {
        "type": "text",
        "text": "7.2 Max pooling ",
        "text_level": 1,
        "page_idx": 3
    },
    {
        "type": "text",
        "text": "It is typical to structure filter banks into a pyramid , in which the image sizes get smaller in successive layers of processing. The idea is that we find local patterns, like bits of edges in the early layers, and then look for patterns in those patterns, etc. This means that, effectively, we are looking for patterns in larger pieces of the image as we apply successive filters. Having a stride greater than one makes the images smaller, but does not necessarily aggregate information over that spatial range. ",
        "page_idx": 3
    },
    {
        "type": "text",
        "text": "Another common layer type, which accomplishes this aggregation, is max pooling . A max pooling layer operates like a filter, but has no weights. You can think of it as purely functional, like a ReLU in a fully connected network. It has a filter size, as in a filter layer, but simply returns the maximum value in its field. Usually, we apply max pooling with the following traits: ",
        "page_idx": 3
    },
    {
        "type": "text",
        "text": "• stride $>1$ , so that the resulting image is smaller than the input image; and •$\\mathtt{k}\\geqslant$ stride, so that the whole image is covered. ",
        "page_idx": 3
    },
    {
        "type": "text",
        "text": "",
        "page_idx": 3
    },
    {
        "type": "text",
        "text": "We sometimes use the term receptive field or just field to mean the area of an input image that a filter is being applied to. ",
        "page_idx": 3
    },
    {
        "type": "text",
        "text": "As a result of applying a max pooling layer, we don’t keep track of the precise location of a pattern. This helps our filters to learn to recognize patterns independent of their location. ",
        "page_idx": 4
    },
    {
        "type": "text",
        "text": "Consider a max pooling layer where both the strides and $\\mathtt{k}$ are set to be 2. This would map a $64\\times64\\times3$ image to a $32\\times32\\times3$ image. Note that max pooling layers do not have additional bias or offset values. ",
        "page_idx": 4
    },
    {
        "type": "text",
        "text": "Study Question: Maximilian Poole thinks it would be a good idea to add two max pooling layers of size $k,$ one right after the other, to their network. What single layer would be equivalent? ",
        "page_idx": 4
    },
    {
        "type": "text",
        "text": "One potential concern about max-pooling layers is that they actually don’t completely preserve translation invariance. If you do max-pooling with a stride other than 1 (or just pool over the whole image size), then shifting the pattern you are hoping to detect within the image by a small amount can change the output of the max-pooling layer substantially, just because there are discontinuities induced by the way the max-pooling window matches up with its input image. Here is an interesting paper that illustrates this phenomenon clearly and suggests that one should first do max-pooling with a stride of 1, then do “downsampling” by averaging over a window of outputs. ",
        "page_idx": 4
    },
    {
        "type": "text",
        "text": "7.3 Typical architecture ",
        "text_level": 1,
        "page_idx": 4
    },
    {
        "type": "text",
        "text": "Here is the form of a typical convolutional network: ",
        "page_idx": 4
    },
    {
        "type": "image",
        "img_path": "images/fd8a86a3bbdd17eb863db2965e7508c8d2e13050c78426e5d9191117be01ddec.jpg",
        "img_caption": [],
        "img_footnote": [],
        "page_idx": 4
    },
    {
        "type": "text",
        "text": "The “depth” dimension in the layers shown as cuboids corresponds to the number of channels in the output tensor. (Figure source: https://www.mathworks.com/solutions/deeplearning/convolutional-neural-network.html)",
        "page_idx": 4
    },
    {
        "type": "text",
        "text": "At the end of each filter layer, we typically apply a ReLU activation function. There may be multiple filter plus ReLU layers. Then we have a max pooling layer. Then we have some more filter $^+$ ReLU layers. Then we have max pooling again. Once the output is down to a relatively small size, there is typically a last fully-connected layer, leading into an activation function such as softmax that produces the final output. The exact design of these structures is an art—there is not currently any clear theoretical (or even systematic empirical) understanding of how these various design choices affect overall performance of the network. ",
        "page_idx": 4
    },
    {
        "type": "text",
        "text": "The critical point for us is that this is all just a big neural network, which takes an input and computes an output. The mapping is a differentiable function of the weights, which means we can adjust the weights to decrease the loss by performing gradient descent, and we can compute the relevant gradients using back-propagation! ",
        "page_idx": 4
    },
    {
        "type": "text",
        "text": "Well, techinically the derivative does not exist at every point, both because of the ReLU and the max pooling operations, but we ignore that fact. ",
        "page_idx": 4
    },
    {
        "type": "text",
        "text": "7.4 Backpropagation in a simple CNN ",
        "text_level": 1,
        "page_idx": 5
    },
    {
        "type": "text",
        "text": "Let’s work through a very simple example of how back-propagation can work on a convolutional network. The architecture is shown below. Assume we have a one-dimensional single-channel image Xof size $\\mathfrak{n}\\times1\\times1,$ , and a single filter $\\boldsymbol{\\mathsf{W}}^{1}$ of $\\upkappa\\times1\\times1$ (where we omit the filter bias) for the first convolutional operation denoted “conv” in the figure below. Then we pass the intermediate result $Z^{1}$ through a ReLU layer to obtain the activation $A^{1}$ , and finally through a fully-connected layer with weights $W^{\\bar{2}}$ , denoted ${^{\\prime\\prime}}\\mathrm{fc}^{\\prime\\prime}$ below, with no additional activation function, resulting in the output $\\mathsf{A}^{2}$ .",
        "page_idx": 5
    },
    {
        "type": "image",
        "img_path": "images/c18d8bf51f71ea66c3aa86a072ca54f46218b1e4da3f0174104390af4c347243.jpg",
        "img_caption": [],
        "img_footnote": [],
        "page_idx": 5
    },
    {
        "type": "text",
        "text": "For simplicity assume $\\mathtt{k}$ is odd, let the input image $X=A^{0}$ , and assume we are using squared loss. Then we can describe the forward pass as follows: ",
        "page_idx": 5
    },
    {
        "type": "equation",
        "text": "$$\n\\begin{array}{c}{\\boldsymbol{Z}_{\\mathrm{i}}^{\\mathrm{1}}=\\boldsymbol{W}^{\\mathrm{1}^{\\mathrm{T}}}\\boldsymbol{A}_{\\mathrm{[i-\\lfloork/2\\rfloor:i+\\lfloork/2\\rfloor]}}^{\\mathrm{0}}}\\\\ {\\boldsymbol{\\ A}^{\\mathrm{1}}=\\boldsymbol{\\mathrm{ReLU}}(\\boldsymbol{Z}^{\\mathrm{1}})}\\\\ {\\boldsymbol{A}^{\\mathrm{2}}=\\boldsymbol{Z}^{\\mathrm{2}}=\\boldsymbol{W}^{\\mathrm{2}^{\\mathrm{T}}}\\boldsymbol{A}^{\\mathrm{1}}}\\\\ {\\boldsymbol{\\mathcal{L}}_{s\\,\\mathrm{quare}}(\\boldsymbol{\\ A}^{\\mathrm{2}},\\boldsymbol{\\mathfrak{y}})=(\\boldsymbol{A}^{\\mathrm{2}}-\\boldsymbol{\\mathfrak{y}})^{\\mathrm{2}}}\\end{array}\n$$",
        "text_format": "latex",
        "page_idx": 5
    },
    {
        "type": "text",
        "text": "Study Question: Assuming a stride of 1, for a filter of size $k,$ how much padding do we need to add to the top and bottom of the image? We see one zero at the top and bottom in the figure just above; what filter size is implicitly being shown in the figure? (Recall the padding is for the sake of getting an output the same size as the input.) ",
        "page_idx": 5
    },
    {
        "type": "text",
        "text": "7.4.1 Weight update ",
        "text_level": 1,
        "page_idx": 5
    },
    {
        "type": "text",
        "text": "How do we update the weights in filter $W^{1}?$ ?",
        "page_idx": 5
    },
    {
        "type": "equation",
        "text": "$$\n\\frac{\\partial{\\mathrm{loss}}}{\\partial W^{1}}=\\frac{\\partial Z^{1}}{\\partial W^{1}}\\frac{\\partial{\\mathsf{A}}^{1}}{\\partial Z^{1}}\\frac{\\partial{\\mathrm{loss}}}{\\partial{\\mathsf{A}}^{1}}\n$$",
        "text_format": "latex",
        "page_idx": 5
    },
    {
        "type": "text",
        "text": "•$\\partial Z^{1}/\\partial W^{1}$ is the $k{\\times}{\\mathrm{n}}$ matrix such that $\\partial Z_{\\mathrm{i}}^{1}/\\partial W_{\\mathrm{j}}^{1}=X_{\\mathrm{i-\\lfloork/2\\rfloor+j-1}}$ ⌊⌋. So, for example, if $\\mathfrak{i}=$ 10, which corresponds to column 10 in this matrix, which illustrates the dependence of pixel 10 of the output image on the weights, and if $\\upkappa=5.$ , then the elements in column 10 will be $\\mathrm{X_{8}},\\mathrm{X_{9}},\\mathrm{X_{10}},\\mathrm{X_{11}},\\mathrm{X_{12}}$ .",
        "page_idx": 5
    },
    {
        "type": "text",
        "text": "•$\\partial\\mathsf{A}^{1}/\\partial Z^{1}$ is the $n\\times n$ diagonal matrix such that ",
        "page_idx": 6
    },
    {
        "type": "equation",
        "text": "$$\n\\partial\\mathrm{A}_{\\mathrm{i}}^{1}/\\partial Z_{\\mathrm{i}}^{1}=\\left\\{{1\\atop0}\\begin{array}{l l}{{\\mathrm{if}\\ Z_{\\mathrm{i}}^{1}>0}}\\\\ {{\\mathrm{otherwise}}}\\end{array}}\\right.\n$$",
        "text_format": "latex",
        "page_idx": 6
    },
    {
        "type": "text",
        "text": "•$\\partial\\mathrm{loss}/\\partial A^{1}=(\\partial\\mathrm{loss}/\\partial A^{2})(\\partial A^{2}/\\partial A^{1})=2(A^{2}-\\ y)W^{2},$ , an $n\\times1$ vector ",
        "page_idx": 6
    },
    {
        "type": "text",
        "text": "Multiplying these components yields the desired gradient, of shape $k\\times1$ .",
        "page_idx": 6
    },
    {
        "type": "text",
        "text": "7.4.2 Max pooling ",
        "text_level": 1,
        "page_idx": 6
    },
    {
        "type": "text",
        "text": "One last point is how to handle back-propagation through a max-pooling operation. Let’s study this via a simple example. Imagine ",
        "page_idx": 6
    },
    {
        "type": "equation",
        "text": "$$\n\\mathbf{y}=\\mathbf{max}(\\mathbf{a}_{1},\\mathbf{a}_{2})\\ \\mathrm{~,~}\n$$",
        "text_format": "latex",
        "page_idx": 6
    },
    {
        "type": "text",
        "text": "where $\\mathbf{q}_{1}$ and $\\mathbf{\\mathrm{a}}_{2}$ are each computed by some network. Consider doing back-propagation through the maximum. First consider the case where ${\\bf q}_{1}\\,>\\,{\\bf q}_{2}$ . Then the error value at $\\boldsymbol{\\mathfrak{y}}$ is propagated back entirely to the network computing the value $\\mathbf{a}_{1}$ . The weights in the network computing $\\mathbf{a}_{1}$ will ultimately be adjusted, and the network computing $\\mathbf{\\mathrm{a}}_{2}$ will be untouched. ",
        "page_idx": 6
    },
    {
        "type": "text",
        "text": "Study Question: What is $\\nabla_{(\\mathbf{x},\\mathbf{y})}\\operatorname*{max}(\\mathbf{x},\\mathbf{y})$ ?",
        "page_idx": 6
    }
]