[
    {
        "layout_dets": [
            {
                "category_id": 1,
                "poly": [
                    190,
                    1406,
                    1269,
                    1406,
                    1269,
                    1573,
                    190,
                    1573
                ],
                "score": 0.973
            },
            {
                "category_id": 1,
                "poly": [
                    190,
                    928,
                    1268,
                    928,
                    1268,
                    1167,
                    190,
                    1167
                ],
                "score": 0.973
            },
            {
                "category_id": 1,
                "poly": [
                    190,
                    1169,
                    1269,
                    1169,
                    1269,
                    1405,
                    190,
                    1405
                ],
                "score": 0.973
            },
            {
                "category_id": 1,
                "poly": [
                    190,
                    1575,
                    1268,
                    1575,
                    1268,
                    1643,
                    190,
                    1643
                ],
                "score": 0.889
            },
            {
                "category_id": 2,
                "poly": [
                    714,
                    2091,
                    745,
                    2091,
                    745,
                    2116,
                    714,
                    2116
                ],
                "score": 0.859
            },
            {
                "category_id": 1,
                "poly": [
                    229,
                    1841,
                    1207,
                    1841,
                    1207,
                    1877,
                    229,
                    1877
                ],
                "score": 0.735
            },
            {
                "category_id": 1,
                "poly": [
                    231,
                    1662,
                    1271,
                    1662,
                    1271,
                    1823,
                    231,
                    1823
                ],
                "score": 0.578
            },
            {
                "category_id": 1,
                "poly": [
                    1290,
                    1703,
                    1550,
                    1703,
                    1550,
                    1891,
                    1290,
                    1891
                ],
                "score": 0.515
            },
            {
                "category_id": 1,
                "poly": [
                    758,
                    729,
                    1266,
                    729,
                    1266,
                    771,
                    758,
                    771
                ],
                "score": 0.503
            },
            {
                "category_id": 1,
                "poly": [
                    1288,
                    1915,
                    1565,
                    1915,
                    1565,
                    2029,
                    1288,
                    2029
                ],
                "score": 0.474
            },
            {
                "category_id": 1,
                "poly": [
                    1040,
                    491,
                    1266,
                    491,
                    1266,
                    548,
                    1040,
                    548
                ],
                "score": 0.429
            },
            {
                "category_id": 2,
                "poly": [
                    1040,
                    491,
                    1266,
                    491,
                    1266,
                    548,
                    1040,
                    548
                ],
                "score": 0.398
            },
            {
                "category_id": 1,
                "poly": [
                    231,
                    1752,
                    1268,
                    1752,
                    1268,
                    1822,
                    231,
                    1822
                ],
                "score": 0.374
            },
            {
                "category_id": 1,
                "poly": [
                    231,
                    1663,
                    1268,
                    1663,
                    1268,
                    1734,
                    231,
                    1734
                ],
                "score": 0.288
            }
        ],
        "page_info": {
            "page_no": 0,
            "height": 2339,
            "width": 1654
        }
    },
    {
        "layout_dets": [
            {
                "category_id": 1,
                "poly": [
                    190,
                    428,
                    1269,
                    428,
                    1269,
                    562,
                    190,
                    562
                ],
                "score": 0.973
            },
            {
                "category_id": 1,
                "poly": [
                    190,
                    679,
                    1268,
                    679,
                    1268,
                    814,
                    190,
                    814
                ],
                "score": 0.964
            },
            {
                "category_id": 1,
                "poly": [
                    190,
                    1122,
                    1268,
                    1122,
                    1268,
                    1360,
                    190,
                    1360
                ],
                "score": 0.963
            },
            {
                "category_id": 1,
                "poly": [
                    189,
                    563,
                    1266,
                    563,
                    1266,
                    628,
                    189,
                    628
                ],
                "score": 0.936
            },
            {
                "category_id": 1,
                "poly": [
                    190,
                    358,
                    1267,
                    358,
                    1267,
                    426,
                    190,
                    426
                ],
                "score": 0.932
            },
            {
                "category_id": 8,
                "poly": [
                    610,
                    629,
                    844,
                    629,
                    844,
                    666,
                    610,
                    666
                ],
                "score": 0.926
            },
            {
                "category_id": 1,
                "poly": [
                    189,
                    817,
                    1268,
                    817,
                    1268,
                    1121,
                    189,
                    1121
                ],
                "score": 0.925
            },
            {
                "category_id": 2,
                "poly": [
                    191,
                    211,
                    316,
                    211,
                    316,
                    239,
                    191,
                    239
                ],
                "score": 0.921
            },
            {
                "category_id": 0,
                "poly": [
                    192,
                    286,
                    397,
                    286,
                    397,
                    329,
                    192,
                    329
                ],
                "score": 0.92
            },
            {
                "category_id": 2,
                "poly": [
                    658,
                    211,
                    800,
                    211,
                    800,
                    243,
                    658,
                    243
                ],
                "score": 0.893
            },
            {
                "category_id": 2,
                "poly": [
                    902,
                    2088,
                    1266,
                    2088,
                    1266,
                    2120,
                    902,
                    2120
                ],
                "score": 0.879
            },
            {
                "category_id": 2,
                "poly": [
                    1235,
                    213,
                    1266,
                    213,
                    1266,
                    237,
                    1235,
                    237
                ],
                "score": 0.84
            },
            {
                "category_id": 1,
                "poly": [
                    198,
                    1373,
                    1242,
                    1373,
                    1242,
                    1445,
                    198,
                    1445
                ],
                "score": 0.81
            },
            {
                "category_id": 1,
                "poly": [
                    1290,
                    787,
                    1532,
                    787,
                    1532,
                    870,
                    1290,
                    870
                ],
                "score": 0.723
            },
            {
                "category_id": 1,
                "poly": [
                    199,
                    1373,
                    1244,
                    1373,
                    1244,
                    1445,
                    199,
                    1445
                ],
                "score": 0.642
            },
            {
                "category_id": 1,
                "poly": [
                    1290,
                    360,
                    1563,
                    360,
                    1563,
                    686,
                    1290,
                    686
                ],
                "score": 0.61
            },
            {
                "category_id": 3,
                "poly": [
                    231,
                    1463,
                    1127,
                    1463,
                    1127,
                    2030,
                    231,
                    2030
                ],
                "score": 0.487
            },
            {
                "category_id": 3,
                "poly": [
                    236,
                    1467,
                    1125,
                    1467,
                    1125,
                    1748,
                    236,
                    1748
                ],
                "score": 0.427
            },
            {
                "category_id": 13,
                "poly": [
                    689,
                    1258,
                    898,
                    1258,
                    898,
                    1291,
                    689,
                    1291
                ],
                "score": 0.93,
                "latex": "\\mathsf{F}_{2}=(-1,+1,-1)"
            },
            {
                "category_id": 13,
                "poly": [
                    710,
                    1123,
                    870,
                    1123,
                    870,
                    1155,
                    710,
                    1155
                ],
                "score": 0.92,
                "latex": "\\mathsf{F}_{1}=\\left(-1,+1\\right)"
            },
            {
                "category_id": 14,
                "poly": [
                    609,
                    629,
                    847,
                    629,
                    847,
                    665,
                    609,
                    665
                ],
                "score": 0.9,
                "latex": "\\Upsilon_{\\mathrm{i}}=\\mathsf{F}\\cdot(X_{\\mathrm{i-1}},X_{\\mathrm{i}})\\;\\;."
            },
            {
                "category_id": 13,
                "poly": [
                    684,
                    1327,
                    712,
                    1327,
                    712,
                    1358,
                    684,
                    1358
                ],
                "score": 0.86,
                "latex": "\\mathsf{F}_{2}"
            },
            {
                "category_id": 13,
                "poly": [
                    689,
                    1157,
                    717,
                    1157,
                    717,
                    1188,
                    689,
                    1188
                ],
                "score": 0.86,
                "latex": "\\mathsf{F}_{1}"
            },
            {
                "category_id": 13,
                "poly": [
                    883,
                    1293,
                    913,
                    1293,
                    913,
                    1323,
                    883,
                    1323
                ],
                "score": 0.84,
                "latex": "\\mathsf{F}_{2,"
            },
            {
                "category_id": 13,
                "poly": [
                    768,
                    1378,
                    797,
                    1378,
                    797,
                    1407,
                    768,
                    1407
                ],
                "score": 0.81,
                "latex": "\\mathsf{F}_{2}"
            },
            {
                "category_id": 13,
                "poly": [
                    660,
                    565,
                    681,
                    565,
                    681,
                    594,
                    660,
                    594
                ],
                "score": 0.63,
                "latex": "{\\dot{\\mathrm{d}}}_{,}"
            },
            {
                "category_id": 13,
                "poly": [
                    828,
                    683,
                    848,
                    683,
                    848,
                    711,
                    828,
                    711
                ],
                "score": 0.57,
                "latex": "{\\tt d}_{.}"
            },
            {
                "category_id": 13,
                "poly": [
                    530,
                    1982,
                    558,
                    1982,
                    558,
                    2012,
                    530,
                    2012
                ],
                "score": 0.49,
                "latex": "\\mathsf{F}_{2}"
            },
            {
                "category_id": 13,
                "poly": [
                    529,
                    1698,
                    558,
                    1698,
                    558,
                    1728,
                    529,
                    1728
                ],
                "score": 0.46,
                "latex": "\\mathsf{F}_{1}"
            }
        ],
        "page_info": {
            "page_no": 1,
            "height": 2339,
            "width": 1654
        }
    },
    {
        "layout_dets": [
            {
                "category_id": 1,
                "poly": [
                    189,
                    294,
                    1269,
                    294,
                    1269,
                    430,
                    189,
                    430
                ],
                "score": 0.979
            },
            {
                "category_id": 1,
                "poly": [
                    190,
                    742,
                    1268,
                    742,
                    1268,
                    945,
                    190,
                    945
                ],
                "score": 0.974
            },
            {
                "category_id": 1,
                "poly": [
                    190,
                    1817,
                    1269,
                    1817,
                    1269,
                    2021,
                    190,
                    2021
                ],
                "score": 0.972
            },
            {
                "category_id": 3,
                "poly": [
                    226,
                    1248,
                    1285,
                    1248,
                    1285,
                    1809,
                    226,
                    1809
                ],
                "score": 0.953
            },
            {
                "category_id": 1,
                "poly": [
                    190,
                    1016,
                    1270,
                    1016,
                    1270,
                    1250,
                    190,
                    1250
                ],
                "score": 0.953
            },
            {
                "category_id": 3,
                "poly": [
                    230,
                    433,
                    1209,
                    433,
                    1209,
                    731,
                    230,
                    731
                ],
                "score": 0.949
            },
            {
                "category_id": 1,
                "poly": [
                    191,
                    947,
                    1269,
                    947,
                    1269,
                    1014,
                    191,
                    1014
                ],
                "score": 0.948
            },
            {
                "category_id": 2,
                "poly": [
                    192,
                    212,
                    315,
                    212,
                    315,
                    238,
                    192,
                    238
                ],
                "score": 0.916
            },
            {
                "category_id": 2,
                "poly": [
                    659,
                    212,
                    799,
                    212,
                    799,
                    242,
                    659,
                    242
                ],
                "score": 0.895
            },
            {
                "category_id": 2,
                "poly": [
                    1236,
                    213,
                    1265,
                    213,
                    1265,
                    237,
                    1236,
                    237
                ],
                "score": 0.864
            },
            {
                "category_id": 2,
                "poly": [
                    903,
                    2089,
                    1266,
                    2089,
                    1266,
                    2119,
                    903,
                    2119
                ],
                "score": 0.837
            },
            {
                "category_id": 1,
                "poly": [
                    1290,
                    951,
                    1561,
                    951,
                    1561,
                    1117,
                    1290,
                    1117
                ],
                "score": 0.344
            },
            {
                "category_id": 1,
                "poly": [
                    1287,
                    1222,
                    1563,
                    1222,
                    1563,
                    1360,
                    1287,
                    1360
                ],
                "score": 0.271
            },
            {
                "category_id": 13,
                "poly": [
                    669,
                    1118,
                    801,
                    1118,
                    801,
                    1148,
                    669,
                    1148
                ],
                "score": 0.93,
                "latex": "\\mathrm{~n~}\\times\\mathrm{~n~}\\times\\mathrm{~2~}"
            },
            {
                "category_id": 13,
                "poly": [
                    1003,
                    1086,
                    1084,
                    1086,
                    1084,
                    1114,
                    1003,
                    1114
                ],
                "score": 0.89,
                "latex": "\\mathfrak{n}\\times\\mathfrak{n},"
            },
            {
                "category_id": 13,
                "poly": [
                    1131,
                    1016,
                    1192,
                    1016,
                    1192,
                    1045,
                    1131,
                    1045
                ],
                "score": 0.87,
                "latex": "3\\times3"
            },
            {
                "category_id": 13,
                "poly": [
                    1198,
                    1188,
                    1266,
                    1188,
                    1266,
                    1215,
                    1198,
                    1215
                ],
                "score": 0.85,
                "latex": "n\\times n"
            },
            {
                "category_id": 13,
                "poly": [
                    453,
                    1085,
                    479,
                    1085,
                    479,
                    1115,
                    453,
                    1115
                ],
                "score": 0.84,
                "latex": "\\boldsymbol{\\mathrm{f}}_{2}"
            },
            {
                "category_id": 13,
                "poly": [
                    1292,
                    1331,
                    1400,
                    1331,
                    1400,
                    1357,
                    1292,
                    1357
                ],
                "score": 0.83,
                "latex": "{\\mathfrak{n}}\\times{\\mathfrak{n}}\\times3"
            },
            {
                "category_id": 13,
                "poly": [
                    488,
                    1050,
                    513,
                    1050,
                    513,
                    1081,
                    488,
                    1081
                ],
                "score": 0.8,
                "latex": "\\boldsymbol{\\mathsf{f}}_{2}"
            },
            {
                "category_id": 13,
                "poly": [
                    401,
                    1051,
                    429,
                    1051,
                    429,
                    1081,
                    401,
                    1081
                ],
                "score": 0.69,
                "latex": "{\\boldsymbol{\\mathrm{f}}}_{1}"
            },
            {
                "category_id": 13,
                "poly": [
                    251,
                    1085,
                    277,
                    1085,
                    277,
                    1115,
                    251,
                    1115
                ],
                "score": 0.68,
                "latex": "{\\boldsymbol{\\mathrm{f}}}_{1}"
            },
            {
                "category_id": 13,
                "poly": [
                    1492,
                    1033,
                    1527,
                    1033,
                    1527,
                    1062,
                    1492,
                    1062
                ],
                "score": 0.59,
                "latex": "P y-"
            },
            {
                "category_id": 13,
                "poly": [
                    485,
                    780,
                    506,
                    780,
                    506,
                    806,
                    485,
                    806
                ],
                "score": 0.39,
                "latex": "\\mathtt{k}"
            }
        ],
        "page_info": {
            "page_no": 2,
            "height": 2339,
            "width": 1654
        }
    },
    {
        "layout_dets": [
            {
                "category_id": 1,
                "poly": [
                    190,
                    1484,
                    1268,
                    1484,
                    1268,
                    1688,
                    190,
                    1688
                ],
                "score": 0.972
            },
            {
                "category_id": 1,
                "poly": [
                    190,
                    863,
                    1268,
                    863,
                    1268,
                    1101,
                    190,
                    1101
                ],
                "score": 0.962
            },
            {
                "category_id": 1,
                "poly": [
                    192,
                    1103,
                    1265,
                    1103,
                    1265,
                    1170,
                    192,
                    1170
                ],
                "score": 0.934
            },
            {
                "category_id": 0,
                "poly": [
                    192,
                    1413,
                    511,
                    1413,
                    511,
                    1459,
                    192,
                    1459
                ],
                "score": 0.929
            },
            {
                "category_id": 1,
                "poly": [
                    192,
                    294,
                    1267,
                    294,
                    1267,
                    361,
                    192,
                    361
                ],
                "score": 0.927
            },
            {
                "category_id": 2,
                "poly": [
                    192,
                    212,
                    316,
                    212,
                    316,
                    238,
                    192,
                    238
                ],
                "score": 0.915
            },
            {
                "category_id": 1,
                "poly": [
                    190,
                    1691,
                    1267,
                    1691,
                    1267,
                    1859,
                    190,
                    1859
                ],
                "score": 0.906
            },
            {
                "category_id": 2,
                "poly": [
                    194,
                    1990,
                    1268,
                    1990,
                    1268,
                    2047,
                    194,
                    2047
                ],
                "score": 0.905
            },
            {
                "category_id": 2,
                "poly": [
                    659,
                    212,
                    799,
                    212,
                    799,
                    242,
                    659,
                    242
                ],
                "score": 0.897
            },
            {
                "category_id": 2,
                "poly": [
                    1236,
                    213,
                    1266,
                    213,
                    1266,
                    237,
                    1236,
                    237
                ],
                "score": 0.855
            },
            {
                "category_id": 2,
                "poly": [
                    902,
                    2089,
                    1266,
                    2089,
                    1266,
                    2120,
                    902,
                    2120
                ],
                "score": 0.807
            },
            {
                "category_id": 1,
                "poly": [
                    199,
                    1274,
                    1230,
                    1274,
                    1230,
                    1344,
                    199,
                    1344
                ],
                "score": 0.765
            },
            {
                "category_id": 1,
                "poly": [
                    230,
                    363,
                    1265,
                    363,
                    1265,
                    397,
                    230,
                    397
                ],
                "score": 0.747
            },
            {
                "category_id": 1,
                "poly": [
                    232,
                    682,
                    687,
                    682,
                    687,
                    720,
                    232,
                    720
                ],
                "score": 0.729
            },
            {
                "category_id": 1,
                "poly": [
                    230,
                    1879,
                    1147,
                    1879,
                    1147,
                    1916,
                    230,
                    1916
                ],
                "score": 0.724
            },
            {
                "category_id": 1,
                "poly": [
                    199,
                    1186,
                    1172,
                    1186,
                    1172,
                    1254,
                    199,
                    1254
                ],
                "score": 0.693
            },
            {
                "category_id": 1,
                "poly": [
                    232,
                    1935,
                    812,
                    1935,
                    812,
                    1970,
                    232,
                    1970
                ],
                "score": 0.657
            },
            {
                "category_id": 1,
                "poly": [
                    227,
                    415,
                    1273,
                    415,
                    1273,
                    845,
                    227,
                    845
                ],
                "score": 0.539
            },
            {
                "category_id": 1,
                "poly": [
                    189,
                    1690,
                    1267,
                    1690,
                    1267,
                    1859,
                    189,
                    1859
                ],
                "score": 0.475
            },
            {
                "category_id": 1,
                "poly": [
                    232,
                    740,
                    1267,
                    740,
                    1267,
                    845,
                    232,
                    845
                ],
                "score": 0.453
            },
            {
                "category_id": 1,
                "poly": [
                    1289,
                    1795,
                    1553,
                    1795,
                    1553,
                    1959,
                    1289,
                    1959
                ],
                "score": 0.453
            },
            {
                "category_id": 1,
                "poly": [
                    231,
                    528,
                    1268,
                    528,
                    1268,
                    665,
                    231,
                    665
                ],
                "score": 0.395
            },
            {
                "category_id": 1,
                "poly": [
                    232,
                    417,
                    504,
                    417,
                    504,
                    451,
                    232,
                    451
                ],
                "score": 0.324
            },
            {
                "category_id": 1,
                "poly": [
                    231,
                    470,
                    1096,
                    470,
                    1096,
                    508,
                    231,
                    508
                ],
                "score": 0.309
            },
            {
                "category_id": 13,
                "poly": [
                    759,
                    863,
                    918,
                    863,
                    918,
                    897,
                    759,
                    897
                ],
                "score": 0.92,
                "latex": "\\mathsf{n}^{\\mathsf{l}}\\times\\mathsf{n}^{\\mathsf{l}}\\times\\mathsf{m}^{\\mathsf{l}}."
            },
            {
                "category_id": 13,
                "poly": [
                    733,
                    774,
                    974,
                    774,
                    974,
                    806,
                    733,
                    806
                ],
                "score": 0.91,
                "latex": "\\dot{\\mathfrak{n}^{\\downarrow-1}}\\times\\dot{\\mathfrak{n}}^{\\downarrow-1}\\times\\mathfrak{m}^{\\downarrow-1},"
            },
            {
                "category_id": 13,
                "poly": [
                    193,
                    898,
                    341,
                    898,
                    341,
                    933,
                    193,
                    933
                ],
                "score": 0.91,
                "latex": "(\\upkappa^{1}-1))/s^{1}]"
            },
            {
                "category_id": 13,
                "poly": [
                    1008,
                    863,
                    1272,
                    863,
                    1272,
                    899,
                    1008,
                    899
                ],
                "score": 0.9,
                "latex": "\\mathsf{n}^{\\mathsf{l}}=\\lceil(\\mathsf{n}^{\\mathsf{l}-1}+2\\cdot\\mathsf{p}^{\\mathsf{l}}-"
            },
            {
                "category_id": 13,
                "poly": [
                    476,
                    471,
                    656,
                    471,
                    656,
                    505,
                    476,
                    505
                ],
                "score": 0.9,
                "latex": "\\mathsf{k}^{\\mathsf{l}}\\times\\mathsf{k}^{\\mathsf{l}}\\times\\mathsf{m}^{\\mathsf{l}-1}"
            },
            {
                "category_id": 13,
                "poly": [
                    191,
                    933,
                    302,
                    933,
                    302,
                    963,
                    191,
                    963
                ],
                "score": 0.89,
                "latex": "\\mathsf{k}^{\\mathsf{l}}\\!\\times\\!\\mathsf{m}^{\\mathsf{l}-1}"
            },
            {
                "category_id": 13,
                "poly": [
                    316,
                    1070,
                    604,
                    1070,
                    604,
                    1101,
                    316,
                    1101
                ],
                "score": 0.88,
                "latex": "\\left(-1,0,-1,0,-2,1,-1,0\\right)"
            },
            {
                "category_id": 13,
                "poly": [
                    591,
                    808,
                    1055,
                    808,
                    1055,
                    843,
                    591,
                    843
                ],
                "score": 0.88,
                "latex": "(\\bar{\\mathfrak{n}}^{1-1}+2\\cdot\\mathfrak{p}^{1})\\times(\\mathfrak{n}^{1-1}+2\\cdot\\mathfrak{p}^{1})\\times\\mathfrak{m}^{1-1}."
            },
            {
                "category_id": 13,
                "poly": [
                    332,
                    2019,
                    408,
                    2019,
                    408,
                    2046,
                    332,
                    2046
                ],
                "score": 0.88,
                "latex": "\\lceil3\\rceil=3"
            },
            {
                "category_id": 13,
                "poly": [
                    364,
                    741,
                    396,
                    741,
                    396,
                    775,
                    364,
                    775
                ],
                "score": 0.87,
                "latex": "{\\mathfrak{p}}^{\\mathfrak{l}}"
            },
            {
                "category_id": 13,
                "poly": [
                    1211,
                    899,
                    1270,
                    899,
                    1270,
                    930,
                    1211,
                    930
                ],
                "score": 0.86,
                "latex": "k^{\\mathrm{{l}}}\\times"
            },
            {
                "category_id": 13,
                "poly": [
                    327,
                    528,
                    352,
                    528,
                    352,
                    559,
                    327,
                    559
                ],
                "score": 0.86,
                "latex": "s^{\\mathrm{l}}"
            },
            {
                "category_id": 13,
                "poly": [
                    333,
                    1883,
                    379,
                    1883,
                    379,
                    1911,
                    333,
                    1911
                ],
                "score": 0.85,
                "latex": ">1"
            },
            {
                "category_id": 13,
                "poly": [
                    455,
                    417,
                    493,
                    417,
                    493,
                    448,
                    455,
                    448
                ],
                "score": 0.83,
                "latex": "{\\mathfrak{m}}^{\\mathfrak{l}}"
            },
            {
                "category_id": 13,
                "poly": [
                    433,
                    1036,
                    461,
                    1036,
                    461,
                    1067,
                    433,
                    1067
                ],
                "score": 0.83,
                "latex": "\\mathsf{F}_{2}"
            },
            {
                "category_id": 13,
                "poly": [
                    1062,
                    899,
                    1100,
                    899,
                    1100,
                    930,
                    1062,
                    930
                ],
                "score": 0.83,
                "latex": "{\\mathfrak{m}}^{\\lfloor}"
            },
            {
                "category_id": 13,
                "poly": [
                    257,
                    1937,
                    307,
                    1937,
                    307,
                    1967,
                    257,
                    1967
                ],
                "score": 0.82,
                "latex": "\\mathtt{k}\\geqslant"
            },
            {
                "category_id": 13,
                "poly": [
                    447,
                    683,
                    685,
                    683,
                    685,
                    717,
                    447,
                    717
                ],
                "score": 0.81,
                "latex": "\\mathsf{n}^{\\mathrm{1-1}}\\times\\mathsf{n}^{\\mathrm{1-1}}\\times\\mathsf{m}^{\\mathrm{1-1}}"
            },
            {
                "category_id": 13,
                "poly": [
                    195,
                    2018,
                    287,
                    2018,
                    287,
                    2047,
                    195,
                    2047
                ],
                "score": 0.64,
                "latex": "\\lceil2.5\\rceil=3"
            },
            {
                "category_id": 13,
                "poly": [
                    813,
                    1035,
                    1263,
                    1035,
                    1263,
                    1067,
                    813,
                    1067
                ],
                "score": 0.62,
                "latex": "(-0.5,0.5,-0.5,0.5,-1.5,1.5,-0.5,0.5)"
            },
            {
                "category_id": 13,
                "poly": [
                    863,
                    564,
                    944,
                    564,
                    944,
                    598,
                    863,
                    598
                ],
                "score": 0.58,
                "latex": "^{\\prime}\\mathrm{skip}^{\\prime\\prime}"
            },
            {
                "category_id": 13,
                "poly": [
                    243,
                    2019,
                    287,
                    2019,
                    287,
                    2045,
                    243,
                    2045
                ],
                "score": 0.35,
                "latex": "=3"
            },
            {
                "category_id": 13,
                "poly": [
                    341,
                    1991,
                    371,
                    1991,
                    371,
                    2018,
                    341,
                    2018
                ],
                "score": 0.29,
                "latex": "\\lceil\\cdot\\rceil"
            }
        ],
        "page_info": {
            "page_no": 3,
            "height": 2339,
            "width": 1654
        }
    },
    {
        "layout_dets": [
            {
                "category_id": 1,
                "poly": [
                    190,
                    1861,
                    1267,
                    1861,
                    1267,
                    1998,
                    190,
                    1998
                ],
                "score": 0.975
            },
            {
                "category_id": 3,
                "poly": [
                    192,
                    1051,
                    1269,
                    1051,
                    1269,
                    1425,
                    192,
                    1425
                ],
                "score": 0.972
            },
            {
                "category_id": 1,
                "poly": [
                    190,
                    1588,
                    1269,
                    1588,
                    1269,
                    1858,
                    190,
                    1858
                ],
                "score": 0.971
            },
            {
                "category_id": 1,
                "poly": [
                    192,
                    364,
                    1266,
                    364,
                    1266,
                    463,
                    192,
                    463
                ],
                "score": 0.947
            },
            {
                "category_id": 1,
                "poly": [
                    191,
                    294,
                    1266,
                    294,
                    1266,
                    362,
                    191,
                    362
                ],
                "score": 0.946
            },
            {
                "category_id": 1,
                "poly": [
                    190,
                    594,
                    1268,
                    594,
                    1268,
                    867,
                    190,
                    867
                ],
                "score": 0.935
            },
            {
                "category_id": 0,
                "poly": [
                    191,
                    917,
                    633,
                    917,
                    633,
                    962,
                    191,
                    962
                ],
                "score": 0.927
            },
            {
                "category_id": 1,
                "poly": [
                    191,
                    989,
                    812,
                    989,
                    812,
                    1023,
                    191,
                    1023
                ],
                "score": 0.922
            },
            {
                "category_id": 2,
                "poly": [
                    192,
                    212,
                    315,
                    212,
                    315,
                    238,
                    192,
                    238
                ],
                "score": 0.914
            },
            {
                "category_id": 1,
                "poly": [
                    189,
                    1444,
                    1266,
                    1444,
                    1266,
                    1545,
                    189,
                    1545
                ],
                "score": 0.912
            },
            {
                "category_id": 2,
                "poly": [
                    659,
                    212,
                    799,
                    212,
                    799,
                    242,
                    659,
                    242
                ],
                "score": 0.898
            },
            {
                "category_id": 1,
                "poly": [
                    199,
                    472,
                    1248,
                    472,
                    1248,
                    575,
                    199,
                    575
                ],
                "score": 0.897
            },
            {
                "category_id": 2,
                "poly": [
                    1236,
                    213,
                    1265,
                    213,
                    1265,
                    237,
                    1236,
                    237
                ],
                "score": 0.857
            },
            {
                "category_id": 2,
                "poly": [
                    903,
                    2089,
                    1266,
                    2089,
                    1266,
                    2120,
                    903,
                    2120
                ],
                "score": 0.648
            },
            {
                "category_id": 1,
                "poly": [
                    1288,
                    1898,
                    1567,
                    1898,
                    1567,
                    2088,
                    1288,
                    2088
                ],
                "score": 0.474
            },
            {
                "category_id": 2,
                "poly": [
                    1288,
                    767,
                    1510,
                    767,
                    1510,
                    829,
                    1288,
                    829
                ],
                "score": 0.373
            },
            {
                "category_id": 13,
                "poly": [
                    540,
                    397,
                    677,
                    397,
                    677,
                    427,
                    540,
                    427
                ],
                "score": 0.91,
                "latex": "32\\times32\\times3"
            },
            {
                "category_id": 13,
                "poly": [
                    271,
                    398,
                    408,
                    398,
                    408,
                    428,
                    271,
                    428
                ],
                "score": 0.91,
                "latex": "64\\times64\\times3"
            },
            {
                "category_id": 13,
                "poly": [
                    400,
                    1661,
                    424,
                    1661,
                    424,
                    1686,
                    400,
                    1686
                ],
                "score": 0.69,
                "latex": "^+"
            },
            {
                "category_id": 13,
                "poly": [
                    469,
                    510,
                    496,
                    510,
                    496,
                    539,
                    469,
                    539
                ],
                "score": 0.51,
                "latex": "k,"
            },
            {
                "category_id": 13,
                "poly": [
                    920,
                    365,
                    942,
                    365,
                    942,
                    391,
                    920,
                    391
                ],
                "score": 0.34,
                "latex": "\\mathtt{k}"
            }
        ],
        "page_info": {
            "page_no": 4,
            "height": 2339,
            "width": 1654
        }
    },
    {
        "layout_dets": [
            {
                "category_id": 1,
                "poly": [
                    201,
                    1463,
                    1231,
                    1463,
                    1231,
                    1636,
                    201,
                    1636
                ],
                "score": 0.975
            },
            {
                "category_id": 1,
                "poly": [
                    235,
                    1900,
                    1268,
                    1900,
                    1268,
                    2040,
                    235,
                    2040
                ],
                "score": 0.975
            },
            {
                "category_id": 1,
                "poly": [
                    189,
                    356,
                    1269,
                    356,
                    1269,
                    597,
                    189,
                    597
                ],
                "score": 0.973
            },
            {
                "category_id": 1,
                "poly": [
                    190,
                    1140,
                    1269,
                    1140,
                    1269,
                    1209,
                    190,
                    1209
                ],
                "score": 0.956
            },
            {
                "category_id": 8,
                "poly": [
                    494,
                    1232,
                    965,
                    1232,
                    965,
                    1425,
                    494,
                    1425
                ],
                "score": 0.95
            },
            {
                "category_id": 8,
                "poly": [
                    586,
                    1810,
                    873,
                    1810,
                    873,
                    1883,
                    586,
                    1883
                ],
                "score": 0.947
            },
            {
                "category_id": 0,
                "poly": [
                    191,
                    285,
                    894,
                    285,
                    894,
                    333,
                    191,
                    333
                ],
                "score": 0.941
            },
            {
                "category_id": 3,
                "poly": [
                    285,
                    619,
                    1185,
                    619,
                    1185,
                    1104,
                    285,
                    1104
                ],
                "score": 0.936
            },
            {
                "category_id": 0,
                "poly": [
                    191,
                    1696,
                    509,
                    1696,
                    509,
                    1736,
                    191,
                    1736
                ],
                "score": 0.932
            },
            {
                "category_id": 2,
                "poly": [
                    191,
                    211,
                    316,
                    211,
                    316,
                    238,
                    191,
                    238
                ],
                "score": 0.927
            },
            {
                "category_id": 2,
                "poly": [
                    658,
                    210,
                    800,
                    210,
                    800,
                    243,
                    658,
                    243
                ],
                "score": 0.914
            },
            {
                "category_id": 2,
                "poly": [
                    902,
                    2088,
                    1266,
                    2088,
                    1266,
                    2120,
                    902,
                    2120
                ],
                "score": 0.874
            },
            {
                "category_id": 2,
                "poly": [
                    1235,
                    213,
                    1266,
                    213,
                    1266,
                    237,
                    1235,
                    237
                ],
                "score": 0.874
            },
            {
                "category_id": 1,
                "poly": [
                    191,
                    1752,
                    722,
                    1752,
                    722,
                    1786,
                    191,
                    1786
                ],
                "score": 0.579
            },
            {
                "category_id": 13,
                "poly": [
                    1022,
                    428,
                    1134,
                    428,
                    1134,
                    457,
                    1022,
                    457
                ],
                "score": 0.92,
                "latex": "\\upkappa\\times1\\times1"
            },
            {
                "category_id": 13,
                "poly": [
                    699,
                    1901,
                    996,
                    1901,
                    996,
                    1941,
                    699,
                    1941
                ],
                "score": 0.92,
                "latex": "\\partial Z_{\\mathrm{i}}^{1}/\\partial W_{\\mathrm{j}}^{1}=X_{\\mathrm{i-\\lfloork/2\\rfloor+j-1}}"
            },
            {
                "category_id": 13,
                "poly": [
                    852,
                    1140,
                    945,
                    1140,
                    945,
                    1172,
                    852,
                    1172
                ],
                "score": 0.92,
                "latex": "X=A^{0}"
            },
            {
                "category_id": 13,
                "poly": [
                    258,
                    1901,
                    372,
                    1901,
                    372,
                    1935,
                    258,
                    1935
                ],
                "score": 0.92,
                "latex": "\\partial Z^{1}/\\partial W^{1}"
            },
            {
                "category_id": 14,
                "poly": [
                    583,
                    1809,
                    876,
                    1809,
                    876,
                    1881,
                    583,
                    1881
                ],
                "score": 0.91,
                "latex": "\\frac{\\partial{\\mathrm{loss}}}{\\partial W^{1}}=\\frac{\\partial Z^{1}}{\\partial W^{1}}\\frac{\\partial{\\mathsf{A}}^{1}}{\\partial Z^{1}}\\frac{\\partial{\\mathrm{loss}}}{\\partial{\\mathsf{A}}^{1}}"
            },
            {
                "category_id": 13,
                "poly": [
                    557,
                    428,
                    674,
                    428,
                    674,
                    458,
                    557,
                    458
                ],
                "score": 0.9,
                "latex": "\\mathfrak{n}\\times1\\times1,"
            },
            {
                "category_id": 13,
                "poly": [
                    477,
                    2005,
                    697,
                    2005,
                    697,
                    2038,
                    477,
                    2038
                ],
                "score": 0.9,
                "latex": "\\mathrm{X_{8}},\\mathrm{X_{9}},\\mathrm{X_{10}},\\mathrm{X_{11}},\\mathrm{X_{12}}"
            },
            {
                "category_id": 13,
                "poly": [
                    924,
                    1972,
                    1002,
                    1972,
                    1002,
                    2001,
                    924,
                    2001
                ],
                "score": 0.89,
                "latex": "\\upkappa=5."
            },
            {
                "category_id": 14,
                "poly": [
                    491,
                    1227,
                    968,
                    1227,
                    968,
                    1425,
                    491,
                    1425
                ],
                "score": 0.89,
                "latex": "\\begin{array}{c}{\\boldsymbol{Z}_{\\mathrm{i}}^{\\mathrm{1}}=\\boldsymbol{W}^{\\mathrm{1}^{\\mathrm{T}}}\\boldsymbol{A}_{\\mathrm{[i-\\lfloork/2\\rfloor:i+\\lfloork/2\\rfloor]}}^{\\mathrm{0}}}\\\\ {\\boldsymbol{\\ A}^{\\mathrm{1}}=\\boldsymbol{\\mathrm{ReLU}}(\\boldsymbol{Z}^{\\mathrm{1}})}\\\\ {\\boldsymbol{A}^{\\mathrm{2}}=\\boldsymbol{Z}^{\\mathrm{2}}=\\boldsymbol{W}^{\\mathrm{2}^{\\mathrm{T}}}\\boldsymbol{A}^{\\mathrm{1}}}\\\\ {\\boldsymbol{\\mathcal{L}}_{s\\,\\mathrm{quare}}(\\boldsymbol{\\ A}^{\\mathrm{2}},\\boldsymbol{\\mathfrak{y}})=(\\boldsymbol{A}^{\\mathrm{2}}-\\boldsymbol{\\mathfrak{y}})^{\\mathrm{2}}}\\end{array}"
            },
            {
                "category_id": 13,
                "poly": [
                    442,
                    1905,
                    501,
                    1905,
                    501,
                    1933,
                    442,
                    1933
                ],
                "score": 0.87,
                "latex": "k{\\times}{\\mathrm{n}}"
            },
            {
                "category_id": 13,
                "poly": [
                    913,
                    527,
                    955,
                    527,
                    955,
                    559,
                    913,
                    559
                ],
                "score": 0.87,
                "latex": "W^{\\bar{2}}"
            },
            {
                "category_id": 13,
                "poly": [
                    870,
                    562,
                    905,
                    562,
                    905,
                    591,
                    870,
                    591
                ],
                "score": 0.85,
                "latex": "\\mathsf{A}^{2}"
            },
            {
                "category_id": 13,
                "poly": [
                    692,
                    493,
                    724,
                    493,
                    724,
                    524,
                    692,
                    524
                ],
                "score": 0.83,
                "latex": "Z^{1}"
            },
            {
                "category_id": 13,
                "poly": [
                    1224,
                    1905,
                    1271,
                    1905,
                    1271,
                    1933,
                    1224,
                    1933
                ],
                "score": 0.83,
                "latex": "\\mathfrak{i}="
            },
            {
                "category_id": 13,
                "poly": [
                    894,
                    426,
                    936,
                    426,
                    936,
                    456,
                    894,
                    456
                ],
                "score": 0.81,
                "latex": "\\boldsymbol{\\mathsf{W}}^{1}"
            },
            {
                "category_id": 13,
                "poly": [
                    190,
                    527,
                    226,
                    527,
                    226,
                    559,
                    190,
                    559
                ],
                "score": 0.76,
                "latex": "A^{1}"
            },
            {
                "category_id": 13,
                "poly": [
                    976,
                    461,
                    1065,
                    461,
                    1065,
                    491,
                    976,
                    491
                ],
                "score": 0.7,
                "latex": "^{\\prime}\\mathrm{conv^{\\prime\\prime}}"
            },
            {
                "category_id": 13,
                "poly": [
                    503,
                    1144,
                    524,
                    1144,
                    524,
                    1170,
                    503,
                    1170
                ],
                "score": 0.64,
                "latex": "\\mathtt{k}"
            },
            {
                "category_id": 13,
                "poly": [
                    667,
                    1752,
                    714,
                    1752,
                    714,
                    1781,
                    667,
                    1781
                ],
                "score": 0.63,
                "latex": "W^{1}?"
            },
            {
                "category_id": 14,
                "poly": [
                    471,
                    1069,
                    562,
                    1069,
                    562,
                    1102,
                    471,
                    1102
                ],
                "score": 0.61,
                "latex": "\\boldsymbol{X}=\\boldsymbol{A}^{0}"
            },
            {
                "category_id": 13,
                "poly": [
                    1070,
                    529,
                    1121,
                    529,
                    1121,
                    559,
                    1070,
                    559
                ],
                "score": 0.54,
                "latex": "{^{\\prime\\prime}}\\mathrm{fc}^{\\prime\\prime}"
            },
            {
                "category_id": 13,
                "poly": [
                    928,
                    1469,
                    955,
                    1469,
                    955,
                    1497,
                    928,
                    1497
                ],
                "score": 0.52,
                "latex": "k,"
            },
            {
                "category_id": 14,
                "poly": [
                    1081,
                    844,
                    1178,
                    844,
                    1178,
                    869,
                    1081,
                    869
                ],
                "score": 0.29,
                "latex": "Z^{2}=\\lambda^{2}"
            },
            {
                "category_id": 13,
                "poly": [
                    1013,
                    743,
                    1098,
                    743,
                    1098,
                    822,
                    1013,
                    822
                ],
                "score": 0.26,
                "latex": "\\xrightarrow[{W^{2}}]{\\mathrm{fc}}"
            }
        ],
        "page_info": {
            "page_no": 5,
            "height": 2339,
            "width": 1654
        }
    },
    {
        "layout_dets": [
            {
                "category_id": 1,
                "poly": [
                    190,
                    820,
                    1269,
                    820,
                    1269,
                    989,
                    190,
                    989
                ],
                "score": 0.982
            },
            {
                "category_id": 1,
                "poly": [
                    189,
                    664,
                    1268,
                    664,
                    1268,
                    734,
                    189,
                    734
                ],
                "score": 0.965
            },
            {
                "category_id": 8,
                "poly": [
                    570,
                    352,
                    899,
                    352,
                    899,
                    440,
                    570,
                    440
                ],
                "score": 0.943
            },
            {
                "category_id": 0,
                "poly": [
                    191,
                    608,
                    482,
                    608,
                    482,
                    648,
                    191,
                    648
                ],
                "score": 0.936
            },
            {
                "category_id": 8,
                "poly": [
                    619,
                    759,
                    837,
                    759,
                    837,
                    797,
                    619,
                    797
                ],
                "score": 0.931
            },
            {
                "category_id": 2,
                "poly": [
                    191,
                    210,
                    316,
                    210,
                    316,
                    239,
                    191,
                    239
                ],
                "score": 0.931
            },
            {
                "category_id": 1,
                "poly": [
                    231,
                    293,
                    827,
                    293,
                    827,
                    329,
                    231,
                    329
                ],
                "score": 0.924
            },
            {
                "category_id": 2,
                "poly": [
                    657,
                    209,
                    801,
                    209,
                    801,
                    244,
                    657,
                    244
                ],
                "score": 0.92
            },
            {
                "category_id": 2,
                "poly": [
                    1235,
                    212,
                    1266,
                    212,
                    1266,
                    237,
                    1235,
                    237
                ],
                "score": 0.879
            },
            {
                "category_id": 1,
                "poly": [
                    189,
                    531,
                    1073,
                    531,
                    1073,
                    568,
                    189,
                    568
                ],
                "score": 0.864
            },
            {
                "category_id": 2,
                "poly": [
                    901,
                    2089,
                    1266,
                    2089,
                    1266,
                    2120,
                    901,
                    2120
                ],
                "score": 0.823
            },
            {
                "category_id": 1,
                "poly": [
                    232,
                    473,
                    1075,
                    473,
                    1075,
                    512,
                    232,
                    512
                ],
                "score": 0.811
            },
            {
                "category_id": 1,
                "poly": [
                    198,
                    1000,
                    737,
                    1000,
                    737,
                    1037,
                    198,
                    1037
                ],
                "score": 0.716
            },
            {
                "category_id": 14,
                "poly": [
                    569,
                    350,
                    892,
                    350,
                    892,
                    442,
                    569,
                    442
                ],
                "score": 0.93,
                "latex": "\\partial\\mathrm{A}_{\\mathrm{i}}^{1}/\\partial Z_{\\mathrm{i}}^{1}=\\left\\{{1\\atop0}\\begin{array}{l l}{{\\mathrm{if}\\ Z_{\\mathrm{i}}^{1}>0}}\\\\ {{\\mathrm{otherwise}}}\\end{array}}\\right."
            },
            {
                "category_id": 13,
                "poly": [
                    257,
                    293,
                    366,
                    293,
                    366,
                    327,
                    257,
                    327
                ],
                "score": 0.9,
                "latex": "\\partial\\mathsf{A}^{1}/\\partial Z^{1}"
            },
            {
                "category_id": 13,
                "poly": [
                    844,
                    859,
                    942,
                    859,
                    942,
                    888,
                    844,
                    888
                ],
                "score": 0.9,
                "latex": "{\\bf q}_{1}\\,>\\,{\\bf q}_{2}"
            },
            {
                "category_id": 13,
                "poly": [
                    1000,
                    535,
                    1065,
                    535,
                    1065,
                    563,
                    1000,
                    563
                ],
                "score": 0.89,
                "latex": "k\\times1"
            },
            {
                "category_id": 13,
                "poly": [
                    439,
                    298,
                    512,
                    298,
                    512,
                    325,
                    439,
                    325
                ],
                "score": 0.89,
                "latex": "n\\times n"
            },
            {
                "category_id": 14,
                "poly": [
                    617,
                    759,
                    835,
                    759,
                    835,
                    796,
                    617,
                    796
                ],
                "score": 0.88,
                "latex": "\\mathbf{y}=\\mathbf{max}(\\mathbf{a}_{1},\\mathbf{a}_{2})\\ \\mathrm{~,~}"
            },
            {
                "category_id": 13,
                "poly": [
                    922,
                    479,
                    990,
                    479,
                    990,
                    506,
                    922,
                    506
                ],
                "score": 0.86,
                "latex": "n\\times1"
            },
            {
                "category_id": 13,
                "poly": [
                    274,
                    827,
                    304,
                    827,
                    304,
                    853,
                    274,
                    853
                ],
                "score": 0.85,
                "latex": "\\mathbf{q}_{1}"
            },
            {
                "category_id": 13,
                "poly": [
                    363,
                    828,
                    392,
                    828,
                    392,
                    854,
                    363,
                    854
                ],
                "score": 0.85,
                "latex": "\\mathbf{\\mathrm{a}}_{2}"
            },
            {
                "category_id": 13,
                "poly": [
                    1148,
                    929,
                    1177,
                    929,
                    1177,
                    955,
                    1148,
                    955
                ],
                "score": 0.84,
                "latex": "\\mathbf{\\mathrm{a}}_{2}"
            },
            {
                "category_id": 13,
                "poly": [
                    437,
                    929,
                    466,
                    929,
                    466,
                    955,
                    437,
                    955
                ],
                "score": 0.83,
                "latex": "\\mathbf{a}_{1}"
            },
            {
                "category_id": 13,
                "poly": [
                    983,
                    895,
                    1013,
                    895,
                    1013,
                    922,
                    983,
                    922
                ],
                "score": 0.79,
                "latex": "\\mathbf{a}_{1}"
            },
            {
                "category_id": 13,
                "poly": [
                    246,
                    475,
                    878,
                    475,
                    878,
                    510,
                    246,
                    510
                ],
                "score": 0.75,
                "latex": "\\partial\\mathrm{loss}/\\partial A^{1}=(\\partial\\mathrm{loss}/\\partial A^{2})(\\partial A^{2}/\\partial A^{1})=2(A^{2}-\\ y)W^{2},"
            },
            {
                "category_id": 13,
                "poly": [
                    520,
                    1002,
                    717,
                    1002,
                    717,
                    1040,
                    520,
                    1040
                ],
                "score": 0.63,
                "latex": "\\nabla_{(\\mathbf{x},\\mathbf{y})}\\operatorname*{max}(\\mathbf{x},\\mathbf{y})"
            },
            {
                "category_id": 13,
                "poly": [
                    1244,
                    861,
                    1266,
                    861,
                    1266,
                    889,
                    1244,
                    889
                ],
                "score": 0.63,
                "latex": "\\boldsymbol{\\mathfrak{y}}"
            }
        ],
        "page_info": {
            "page_no": 6,
            "height": 2339,
            "width": 1654
        }
    }
]