{
  "QA_Pair_1": {
    "Question": "**Question:** What does the equation  $\\mathcal{L}_{\\mathrm{nllm}}(\\mathbf{g},\\mathbf{y})=-\\sum_{\\mathbf{k}=1}^{\\mathbf{K}}\\mathbf{y}_{\\mathbf{k}}\\cdot\\log(\\mathbf{g}_{\\mathbf{k}})$ represent, and what do the variables represent?\n\n\n*",
    "Answer": "* This equation represents the negative log-likelihood loss function ($\\mathcal{L}_{\\mathrm{nllm}}$) often used in training neural language models (specifically, those predicting a probability distribution over a vocabulary).\n\n* $\\mathbf{g}$ is a vector representing the predicted probability distribution over a vocabulary of size K.  Each element $\\mathbf{g}_{\\mathbf{k}}$ represents the model's predicted probability of the k-th word in the vocabulary.\n\n* $\\mathbf{y}$ is a one-hot encoded vector representing the true/target word.  $\\mathbf{y}_{\\mathbf{k}} = 1$ if the k-th word is the correct word, and 0 otherwise.\n\n* The summation iterates over the entire vocabulary (K words).\n\n* The loss function calculates the negative log-likelihood of the true word given the predicted probability distribution.  Minimizing this loss function during training aims to make the model assign higher probabilities to the correct words.  The negative sign ensures that minimizing the loss is equivalent to maximizing the likelihood."
  },
  "QA_Pair_2": {
    "Question": "**Question:**\n\nHow is the vector θ related to the separator defined by θᵀx + θ₀ = 0, and what is the dimensionality of this separator in relation to the original hyperplane defined by θ and θ₀?\n\n\n*",
    "Answer": "*\n\nThe vector θ is perpendicular (normal) to the separator defined by θᵀx + θ₀ = 0.  The separator is a hyperplane in d-1 dimensions, whereas the original hyperplane defined by θ and θ₀ is in d dimensions."
  },
  "QA_Pair_3": {
    "Question": "**Question:** What does the expression  $$ \\sum_{\\mathrm{i}=1}^{\\mathrm{n}}\\left(\\mathfrak{y}^{(\\mathrm{i})}\\log\\mathfrak{g}^{(\\mathrm{i})}+(1-\\mathfrak{y}^{(\\mathrm{i})})\\log(1-\\mathfrak{g}^{(\\mathrm{i})})\\right) $$ represent, and what is the significance of each component?\n\n\n*",
    "Answer": "* This expression represents the **negative log-likelihood function** for a binary classification problem using logistic regression.  Let's break down the components:\n\n* **n:** Represents the number of data points in the dataset.\n* **i:** Is the index iterating through each data point (from 1 to n).\n* **y<sup>(i)</sup>:** Represents the true binary label (0 or 1) for the i-th data point.\n* **g<sup>(i)</sup>:** Represents the predicted probability that the i-th data point belongs to class 1, given by the logistic regression model.  It's a value between 0 and 1.\n\nThe expression inside the summation calculates the log-likelihood contribution of a single data point.  It uses the binary cross-entropy loss function:\n\n* **y<sup>(i)</sup>log(g<sup>(i)</sup>):** This term contributes only if y<sup>(i)</sup> = 1 (positive class). It measures the error in predicting a positive label.  If g<sup>(i)</sup> is close to 1 (correct prediction), the term is close to 0; if g<sup>(i)</sup> is close to 0 (incorrect prediction), the term approaches negative infinity.\n\n* **(1 - y<sup>(i)</sup>)log(1 - g<sup>(i)</sup>):** This term contributes only if y<sup>(i)</sup> = 0 (negative class). It measures the error in predicting a negative label.  If g<sup>(i)</sup> is close to 0 (correct prediction), the term is close to 0; if g<sup>(i)</sup> is close to 1 (incorrect prediction), the term approaches negative infinity.\n\nThe summation adds up these contributions from all data points to get the total negative log-likelihood.  Minimizing this function during model training is equivalent to maximizing the likelihood of observing the given data, thus finding the optimal parameters for the logistic regression model.  The negative sign is often included for convenience, as minimization is generally easier to work with than maximization."
  },
  "QA_Pair_4": {
    "Question": "**Question:**  What is the 0-1 loss function used for in classification, and how is the training error defined in relation to this loss function and a given training dataset?\n\n*",
    "Answer": "* The 0-1 loss function is used for evaluating the performance of a classifier in classification tasks.  The training error of a classifier 'h' is defined as the fraction of training examples in dataset  $\\mathbb{D}_{\\mathfrak{n}}$ that are misclassified by 'h' using the 0-1 loss function.  In other words, it counts the number of incorrect classifications and divides by the total number of training examples."
  },
  "QA_Pair_6": {
    "Question": "Here's a question and answer pair based on the provided study question.  Since the figure is missing, I'll create a hypothetical answer based on a possible scenario.\n\n\n**Question:**\n\nA figure shows three linear learning classifiers (LLCs)  – LLC1, LLC2, and LLC3 –  with prediction boundaries plotted in a 2D feature space (x-axis represents the feature x).  Using a prediction threshold of 0.5, for which values of  'x' does each LLC predict a class label of +1?  Assume the LLCs output a continuous probability score between 0 and 1, where a score ≥ 0.5 indicates a prediction of +1.\n\n\n*",
    "Answer": "*\n\nThe answer will depend on the specific location of the prediction boundaries for each LLC in the hypothetical figure. Let's assume the following (replace these with actual values based on your figure):\n\n\n* **LLC1:** Predicts +1 for x > 2.5  (The boundary is at x = 2.5)\n* **LLC2:** Predicts +1 for x > 1.0 and x < 4.0  (The boundary is at x = 1.0 and x = 4.0, indicating a range)\n* **LLC3:** Predicts +1 for x < 3.0 (The boundary is at x = 3.0)\n\n\nTherefore:\n\n* **LLC1:**  Predicts +1 when x ∈ (2.5, ∞)\n* **LLC2:** Predicts +1 when x ∈ (1.0, 4.0)\n* **LLC3:** Predicts +1 when x ∈ (-∞, 3.0)\n\n\n**Note:**  The intervals use open or closed intervals depending on how you interpret the 0.5 threshold (inclusive or exclusive).  This answer provides a template. You need to replace the example values with the actual values from your figure.  Also, note the use of infinity symbols which are appropriate if there are no other bounds on the x-axis."
  },
  "QA_Pair_7": {
    "Question": "**Question:**  Why do the authors shift their focus from the hypothesis θ₀, which makes five incorrect predictions, to investigating linear logistic classifiers?\n\n*",
    "Answer": "*  Because significantly improving the performance of θ₀, given its five incorrect predictions, appears difficult and there's no clear way to systematically search for a better hypothesis within the same hypothesis class.  The authors believe that linear logistic classifiers offer a more promising and tractable approach to finding a good hypothesis."
  },
  "QA_Pair_8": {
    "Question": "**Question:** What type of machine learning problem is classification, and what kind of data is used to train a classification model?\n\n*",
    "Answer": "* Classification is a supervised learning problem.  It is trained using a dataset consisting of labeled examples, where each example is associated with a known class or category."
  },
  "QA_Pair_9": {
    "Question": "**Question:** How does the separator in the given example classify points in the space $\\mathbb{R}^d$?\n\n*",
    "Answer": "* The separator divides $\\mathbb{R}^d$ into two half-spaces. Points in the half-space on the same side as the normal vector are classified as positive, while points in the other half-space are classified as negative."
  },
  "QA_Pair_10": {
    "Question": "**Question:** What is the purpose of the statement \"Putting these steps together, our hypotheses will be...\"?\n\n*",
    "Answer": "* The statement indicates that the author is about to present the hypotheses formulated after combining or considering previously described steps or information.  It acts as a transition, signaling the upcoming presentation of the research hypotheses."
  },
  "QA_Pair_11": {
    "Question": "**Question:**  What does the equation  $$\n\\mathrm{J_{\\mathrm{{r}}}(\\theta,\\theta_{0};\\mathcal{D})=\\left(\\frac{1}{n}\\sum_{i=1}^{n}\\mathcal{L}_{\\mathrm{{nll}}}(\\sigma(\\theta^{\\mathrm{{T}}}x^{(\\mathrm{{i}})}+\\theta_{0}),y^{(\\mathrm{{i}})})\\right)+\\lambda\\left\\|\\theta\\right\\|^{2}\\;\\;.}\n$$ represent, and what are the meanings of its components?\n\n\n*",
    "Answer": "* The equation represents a regularized cost function (often used in machine learning, specifically in logistic regression or similar models). Let's break down the components:\n\n* **J<sub>r</sub>(θ, θ<sub>0</sub>; D):** This represents the total regularized cost.  It's a function of the model parameters (θ and θ<sub>0</sub>) and the dataset (D).\n\n* **(1/n) Σ<sup>n</sup><sub>i=1</sub> L<sub>nll</sub>(σ(θ<sup>T</sup>x<sup>(i)</sup> + θ<sub>0</sub>), y<sup>(i)</sup>):** This is the average negative log-likelihood (NLL) loss across the dataset.  Let's further dissect this:\n    * **n:** The number of data points in the dataset.\n    * **x<sup>(i)</sup>:** The i-th input feature vector.\n    * **y<sup>(i)</sup>:** The i-th true output label (often 0 or 1 in binary classification).\n    * **θ<sup>T</sup>x<sup>(i)</sup> + θ<sub>0</sub>:** The linear combination of input features and weights (θ is the weight vector, θ<sub>0</sub> is the bias).\n    * **σ(·):** The sigmoid function (σ(z) = 1 / (1 + exp(-z))), which squashes the linear combination to a probability between 0 and 1.  This is crucial for binary classification.\n    * **L<sub>nll</sub>(·, ·):** The negative log-likelihood loss function which measures the discrepancy between the predicted probability (σ(θ<sup>T</sup>x<sup>(i)</sup> + θ<sub>0</sub>)) and the true label (y<sup>(i)</sup>).\n\n* **λ||θ||²:** This is the L2 regularization term (also known as weight decay).\n    * **λ:** The regularization strength (a hyperparameter).  A larger λ penalizes larger weights more heavily, helping prevent overfitting.\n    * **||θ||²:** The L2 norm (Euclidean norm) of the weight vector θ, representing the magnitude of the weights.\n\nIn summary, the equation defines a cost function that aims to minimize the prediction error (measured by NLL) while simultaneously preventing overfitting by penalizing large weights.  The model parameters (θ and θ<sub>0</sub>) are learned by minimizing this cost function using an optimization algorithm (e.g., gradient descent)."
  },
  "QA_Pair_12": {
    "Question": "**Question:**\n\nWhat important property of the negative log-likelihood (NLL) loss function in linear logistic regression ensures that gradient descent will effectively find a minimum?\n\n\n*",
    "Answer": "*\n\nThe NLL loss function for linear logistic regression is a convex function.  This convexity guarantees that gradient descent, with appropriate hyperparameters, will converge to a global minimum (or arbitrarily close to it)."
  },
  "QA_Pair_13": {
    "Question": "**Question:**\n\nGiven two hypotheses, $(\\theta, \\theta_0)$ and $(\\theta', \\theta_0')$, that result in the same number of misclassifications (same J-value), and considering that the classifier produces only categorical predictions without expressing certainty, is it possible for one hypothesis to be closer to the optimal parameter values $(\\theta^*, \\theta_0^*)$ in parameter space than the other, and if so, what does this imply about the performance metric J-value?\n\n\n*",
    "Answer": "*\n\nYes, it is possible.  Even though both hypotheses have the same J-value (number of misclassifications), one could be a \"better\" hypothesis in terms of parameter space proximity to the optimal parameters $(\\theta^*, \\theta_0^*)$. This implies that the J-value, while a useful metric, is not a complete measure of hypothesis quality.  It doesn't capture the potential for improved generalization or robustness that a hypothesis closer to the optimal parameters might possess.  A more nuanced evaluation metric might be necessary to distinguish between such hypotheses."
  },
  "QA_Pair_14": {
    "Question": "**Question:**  Why is a probabilistic output (e.g., probabilities of buying or not buying stock) used during training of a classification model, while a hard decision (buy or don't buy) is made during prediction, despite the reward being independent of confidence?\n\n\n*",
    "Answer": "*  During training, a probabilistic output and a smooth loss function like negative log-likelihood (NLL) are used to enable efficient optimization via gradient descent.  This is because the 0-1 loss used for hard classifications is non-differentiable and unsuitable for gradient-based methods.  At prediction time, a hard decision is necessary because actions (like buying stock) require a definitive choice, even though the reward doesn't depend on the certainty of the prediction."
  },
  "QA_Pair_15": {
    "Question": "**Question:** What does the function  $\\mathcal{L}_{01}(\\mathbf{g},\\mathbf{a})$ represent, and what are its possible output values?\n\n\n*",
    "Answer": "* The function $\\mathcal{L}_{01}(\\mathbf{g},\\mathbf{a})$ represents the 0-1 loss function.  It outputs 0 if the predicted value $\\mathbf{g}$ is equal to the actual value $\\mathbf{a}$, and 1 otherwise.  In simpler terms, it indicates whether a prediction is correct (0) or incorrect (1)."
  },
  "QA_Pair_16": {
    "Question": "**Question:**  What is binary classification, and how are the output classes typically represented in this type of machine learning problem?\n\n*",
    "Answer": "* Binary classification is a type of machine learning problem where the goal is to map inputs (from a d-dimensional real space,  $\\mathbb{R}^{\\mathrm{d}}$) to one of two possible outputs.  Although the outputs are unordered, they are often conveniently represented as {-1, +1} for mathematical simplicity.  Examples include classifying something as either \"heart attack\" or \"no heart attack\"."
  },
  "QA_Pair_17": {
    "Question": "**Question:** What does the notation $\\mathcal{D}_{\\mathfrak{n}}=\\left\\{\\left(x^{(1)},\\mathfrak{y}^{(1)}\\right),\\ldots,\\left(x^{(\\mathfrak{n})},\\mathfrak{y}^{(\\mathfrak{n})}\\right)\\right\\}$ represent?\n\n\n*",
    "Answer": "*  This notation represents a dataset $\\mathcal{D}_{\\mathfrak{n}}$ containing $\\mathfrak{n}$ data points. Each data point is a pair $(x^{(i)}, \\mathfrak{y}^{(i)})$, where $x^{(i)}$ is the input and $\\mathfrak{y}^{(i)}$ is the corresponding output or label.  The superscript $(i)$ indexes the individual data points from 1 to $\\mathfrak{n}$.  The use of Fraktur font ($\\mathfrak{n}$, $\\mathfrak{y}$) suggests that these variables might represent more complex or abstract entities than simple numbers."
  },
  "QA_Pair_18": {
    "Question": "**Question:** What characteristic of the optimization problem makes it difficult to solve, according to the text?\n\n*",
    "Answer": "*  The lack of smoothness."
  },
  "QA_Pair_19": {
    "Question": "**Question:** Explain why the expressions  `(x + y)²` and `x² + 2xy + y²` are equivalent.\n\n\n*",
    "Answer": "* The expressions are equivalent due to the distributive property of multiplication over addition.  Expanding (x + y)² means multiplying (x + y) by itself: (x + y)(x + y). Using the distributive property (often referred to as FOIL), we get:\n\nx(x + y) + y(x + y) = x² + xy + yx + y² = x² + 2xy + y²\n\nTherefore, (x + y)² simplifies to x² + 2xy + y²."
  },
  "QA_Pair_20": {
    "Question": "**Question:** What transformation is being described in the sentence, \"Finally, we can turn the maximization problem above into a minimization problem by tak...\"?\n\n*",
    "Answer": "* The sentence describes transforming a maximization problem into a minimization problem.  The exact method of transformation is incomplete, as the sentence is cut off."
  },
  "QA_Pair_21": {
    "Question": "Here's a possible question and answer pair based on the provided study question:\n\n\n**Question:**  A linear separator is defined, and a green vector is visually identified as being normal (perpendicular) to the separator.  Represent this green vector as a column vector.  Assume the vector's components can be estimated from the visual representation. (Note:  To provide a numerical answer, a visual representation of the separator and green vector would need to be included.)\n\n\n*",
    "Answer": "*  Because a visual representation of the separator and the green vector is missing, a numerical column vector cannot be provided.  The answer would be of the form:\n\n```\n[ a ]\n[ b ]\n```\n\nwhere 'a' and 'b' would be the x and y components (or equivalent components in higher dimensions) of the green normal vector, determined by measuring its length and orientation on the given visual.  If the vector is in 3D space, a third component 'c' would be added."
  },
  "QA_Pair_22": {
    "Question": "**Question:** What is NLLM, and what is a noteworthy characteristic of its loss function?\n\n*",
    "Answer": "* NLLM stands for negative log likelihood multiclass.  A noteworthy characteristic of its loss function is that it is convex, although the proof is omitted."
  },
  "QA_Pair_24": {
    "Question": "**Question:** What does the statement \"This problem is NP-hard\" imply about the computational time required to solve the most difficult instances of the problem, and how is this related to the number of training examples (n)?\n\n*",
    "Answer": "*  The statement implies that solving the most difficult instances of this problem likely requires a computation time that grows exponentially with the number of training examples (n).  In other words, the time needed increases drastically as the number of training examples increases."
  },
  "QA_Pair_25": {
    "Question": "**Question:** What are the shapes of the gradient of the L2 norm of  σ<sub>lr</sub> with respect to θ (∇<sub>θ</sub>‖σ<sub>lr</sub>‖) and the partial derivative of the loss function J<sub>lr</sub> with respect to θ<sub>0</sub> (∂J<sub>lr</sub>/∂θ<sub>0</sub>), and why are they of these shapes?\n\n\n*",
    "Answer": "*  ∇<sub>θ</sub>‖σ<sub>lr</sub>‖ is a d x 1 vector (a column vector with 'd' elements), while ∂J<sub>lr</sub>/∂θ<sub>0</sub> is a scalar.  This is because θ is a vector of dimension 'd', resulting in a vector-valued gradient for the norm.  In contrast, θ<sub>0</sub> is a scalar parameter; therefore, its partial derivative with respect to the loss function is a single value (a scalar)."
  },
  "QA_Pair_26": {
    "Question": "**Question:**  What does the equation  $$\n\\boldsymbol{\\mathrm{J}}(\\boldsymbol{\\theta},\\boldsymbol{\\theta}_{0})=\\frac{1}{\\mathfrak{n}}\\sum_{\\mathrm{i}=1}^{\\mathfrak{n}}\\mathcal{L}_{01}(\\mathrm{sign}(\\boldsymbol{\\theta}^{\\mathsf{T}}\\boldsymbol{x}^{(\\mathrm{i})}+\\boldsymbol{\\theta}_{0}),\\boldsymbol{\\mathfrak{y}}^{(\\mathrm{i})})\\ \\mathrm{.}\n$$ represent, and what do the individual components represent?\n\n\n*",
    "Answer": "* The equation represents the average 0-1 loss function ($\\mathcal{L}_{01}$) for a linear classifier.  Let's break down the components:\n\n* **J(θ, θ₀):** This represents the overall cost function or loss function, which we aim to minimize.  It's a measure of how well the classifier performs.\n\n* **n:** This is the total number of data points in the training set.\n\n* **∑ᵢ₌₁ⁿ:** This is a summation over all the data points (i = 1 to n).\n\n* **x⁽ⁱ⁾:** This represents the i-th input feature vector.\n\n* **y⁽ⁱ⁾:** This represents the true label (e.g., 0 or 1) for the i-th data point.\n\n* **θ:** This is the vector of weights associated with the input features.\n\n* **θ₀:** This is the bias term (also called the intercept).\n\n* **θᵀx⁽ⁱ⁾ + θ₀:** This is the linear combination of the input features and weights, plus the bias.  It represents the classifier's raw prediction score.\n\n* **sign(θᵀx⁽ⁱ⁾ + θ₀):** This applies a sign function to the prediction score, resulting in a binary prediction (+1 or -1).  This is the classifier's predicted label.\n\n* **ℒ₀₁(., .):**  This is the 0-1 loss function. It outputs 0 if the predicted label matches the true label (sign(θᵀx⁽ⁱ⁾ + θ₀) = y⁽ⁱ⁾) and 1 otherwise (sign(θᵀx⁽ⁱ⁾ + θ₀) ≠ y⁽ⁱ⁾).\n\nIn summary, the equation calculates the average number of misclassifications made by the linear classifier over the entire dataset.  Minimizing J(θ, θ₀) means finding the optimal weights (θ) and bias (θ₀) that minimize the number of misclassifications."
  },
  "QA_Pair_27": {
    "Question": "**Question:**  What is the dimensionality of the result of the matrix multiplication  $\\uptheta^{\\top}x$, given that $\\uptheta^{\\top}$ is a $\\mathsf{K} \\times \\mathsf{d}$ matrix and $x$ is a $\\mathsf{d} \\times 1$ vector?\n\n\n*",
    "Answer": "* The result of the matrix multiplication $\\uptheta^{\\top}x$ is a $\\mathsf{K} \\times 1$ vector."
  },
  "QA_Pair_28": {
    "Question": "**Question:**\n\nHow does regularization, specifically using a non-zero lambda (λ) value like λ=0.2, help improve the performance of a linear logistic classifier, especially concerning prediction confidence?\n\n\n*",
    "Answer": "*\n\nRegularization with a non-zero λ penalizes large values of θ (the model's parameters).  By discouraging overly large θ values, it prevents the model from becoming overconfident in its predictions.  This, in turn, can lead to better generalization and performance on unseen data drawn from the same distribution, as a less overconfident model is less likely to overfit the training data."
  },
  "QA_Pair_29": {
    "Question": "**Question:**  What is a reliable method for calculating matrix derivatives, as described in the text?\n\n*",
    "Answer": "*  A foolproof method is to calculate the partial derivative of the Jacobian (J) with respect to each component (θᵢ) of the vector θ."
  },
  "QA_Pair_31": {
    "Question": "**Question:**  The text describes a logistic regression model where the objective function approaches zero for large values of θ when there is no regularization.  Why is a very large value of θ not necessarily the best choice for the hypothesis, even though it minimizes the objective function?\n\n*",
    "Answer": "* A very large value of θ implies a sharp transition between y=0 and y=1 at x=0. This contradicts the data which shows a wide gap around x=0, indicating less certainty about the transition point.  Therefore, while minimizing the unregularized objective function might lead to a very large θ, it doesn't represent the best hypothesis because it doesn't accurately reflect the uncertainty present in the data."
  },
  "QA_Pair_32": {
    "Question": "**Question:**  What transformation is applied to the input  `x^(i)` in the given text, and what parameters define this transformation?\n\n*",
    "Answer": "* The input `x^(i)` is transformed into a vector `z^(i)` in R^K. This transformation is defined by a weight matrix θ (a d x K matrix of parameters) and a bias vector θ₀ (a K x 1 vector)."
  },
  "QA_Pair_33": {
    "Question": "**Question:**\n\nGiven the expression  ∇<sub>θ</sub>‖θ‖², where θ is a d-dimensional vector, what is the shape (dimensions) of the resulting gradient vector, and what is its explicit form?\n\n\n*",
    "Answer": "*\n\nThe shape of ∇<sub>θ</sub>‖θ‖² is (d, 1)  (or (1,d) depending on your convention for representing vectors).  It is a vector of the same dimension as θ.\n\n\nThe explicit form is found by calculating the partial derivatives:\n\n‖θ‖² = θ₁² + θ₂² + ... + θd²\n\nThen:\n\n∂‖θ‖²/∂θᵢ = 2θᵢ  for i = 1, ..., d\n\nTherefore:\n\n∇<sub>θ</sub>‖θ‖² = 2θ =  [2θ₁, 2θ₂, ..., 2θd]ᵀ (or [2θ₁, 2θ₂, ..., 2θd] depending on your vector representation convention).  It's a vector containing twice each component of θ."
  },
  "QA_Pair_34": {
    "Question": "**Question:**  In the described low-level classifier (LLC) example, what is the dimensionality of the input space when d=2, and what is the geometric representation of the LLC's output?\n\n*",
    "Answer": "* When d=2, the input space x has two dimensions (axes x₁ and x₂).  The output of the LLC is represented geometrically as a surface."
  },
  "QA_Pair_35": {
    "Question": "**Question:**\n\nThe text states that to prove a certain property, it suffices to show that the functions $f_1(z) = -\\log(\\sigma(z))$ and $f_2(z) = -\\log(1-\\sigma(z))$ are convex with respect to $z$.  What property is the text referring to, and what is the significance of the variable $z$ in this context?\n\n\n*",
    "Answer": "*\n\nThe text refers to proving that $z = \\boldsymbol{\\Theta}^{\\top}\\boldsymbol{x} + \\boldsymbol{\\theta}_0$ is convex with respect to $\\boldsymbol{\\Theta}$ and $\\boldsymbol{\\theta}_0$.  The variable $z$ is an affine function of $\\boldsymbol{\\Theta}$ and $\\boldsymbol{\\theta}_0$.  Because  $f_1(z)$ and $f_2(z)$ are compositions of a convex function ($-\\log(x)$) and a sigmoid function ($\\sigma(z)$), showing their convexity implies the overall function's convexity. This is because if a function is convex and another function is convex and non-decreasing, then their composition is convex.  In this specific case, proving the convexity of $f_1(z)$ and $f_2(z)$ is a sufficient condition to demonstrate the overall convexity related to the parameters $\\boldsymbol{\\Theta}$ and $\\boldsymbol{\\theta}_0$."
  },
  "QA_Pair_36": {
    "Question": "**Question:** What are the derivatives needed in the provided text, and with respect to what variables are they calculated?\n\n\n*",
    "Answer": "* The text requires derivatives of Θ with respect to both the scalar component θ₀ and the vector component θ."
  },
  "QA_Pair_38": {
    "Question": "**Question:**  Explain how the negative log-likelihood (NLL) method is adapted for multi-class classification, focusing on the representation of the output and the constraints on the output vector.\n\n*",
    "Answer": "* In multi-class classification with K classes, the NLL method uses a one-hot vector **y** to represent the training label.  This vector has K elements, where the k-th element (y<sub>k</sub>) is 1 if the example belongs to class k, and 0 otherwise.  The goal is to map an input vector **x** (in R<sup>d</sup>) to a K-dimensional output vector. This output vector must represent a discrete probability distribution over the K classes.  Therefore, it must satisfy two constraints: all elements must be non-negative (≥ 0), and the elements must sum to 1.  This ensures the output can be interpreted as probabilities for each class."
  },
  "QA_Pair_39": {
    "Question": "Here's a question and answer pair based on the provided description (assuming the diagram shows a hyperplane separating data points in a higher dimensional space):\n\n\n**Question:**\n\nExplain the role of the θ vector (shown in green) in the context of a separating hyperplane in a machine learning model, such as a Support Vector Machine (SVM).\n\n\n*",
    "Answer": "*\n\nThe θ (theta) vector defines the orientation or normal vector of the separating hyperplane.  It's orthogonal (perpendicular) to the hyperplane itself. The direction of θ determines the hyperplane's orientation in the feature space, while its magnitude is related to the margin's scale (though the margin is typically determined by the magnitude of θ and a bias term which isn't explicitly mentioned here).  Essentially, the θ vector dictates which side of the hyperplane a data point falls on based on its dot product with θ."
  },
  "QA_Pair_40": {
    "Question": "**Question:**  What is the purpose of regularization in classifier training, and how does it relate to the objective function?\n\n*",
    "Answer": "* Regularization helps classifiers generalize well to unseen data by adding a penalty term (the second term in the objective function) to the average loss (the first term).  This penalty discourages overly complex models that might overfit the training data. The parameter λ controls the balance between minimizing the average loss and minimizing the regularization penalty, thus influencing the model's complexity and generalization ability."
  },
  "QA_Pair_41": {
    "Question": "Here's a question and answer pair based on the provided study question, assuming the context is about sigmoid curves (like those used in logistic regression or neural networks).  We'll need to add context for a more precise answer.\n\n\n**Question:**  A graph displays two sigmoid curves. Curve A is steeper and intersects the y=0.5 line at a lower x value than Curve B. What factors explain the differences in steepness and the x-intercept at y=0.5 between Curve A and Curve B?\n\n\n*",
    "Answer": "* The steepness of a sigmoid curve is primarily governed by its slope parameter (often denoted as 'k' or 'β'). A larger value of this parameter results in a steeper curve.  The x-value at which the output is 0.5 (the inflection point) is determined by the curve's location parameter, often denoted as 'x₀' or 'μ'. This represents the center or midpoint of the curve.  Curve A's higher steepness indicates a larger slope parameter (k) compared to Curve B.  Curve A's lower x-intercept at y=0.5 implies a smaller location parameter (x₀) compared to Curve B.  In simpler terms: Curve A is steeper because its slope parameter (k) is larger, and it reaches 0.5 at a lower x-value because its center (x₀) is shifted to the left."
  },
  "QA_Pair_42": {
    "Question": "**Question:** What are two distinct approaches described for handling multi-class classification problems, and how do they differ in their methodology?\n\n*",
    "Answer": "*  The text outlines two approaches:\n\n1. **Ensemble of Binary Classifiers:** This method trains multiple binary classifiers, each distinguishing between one class and the rest. The outputs of these classifiers are then combined (e.g., through voting or averaging) to predict the final class.  This approach is a decomposition of the multi-class problem into several binary problems.\n\n2. **Direct Multi-class Classification:** This method directly trains a single multi-class classifier using a generalized form of logistic regression.  It uses a one-hot encoding for the output (representing each class with a separate binary variable) and employs negative log-likelihood (NLL) loss for training. This approach tackles the multi-class problem directly without decomposition."
  },
  "QA_Pair_43": {
    "Question": "**Question:**  What do the equations  $$ \\nabla_{\\Theta}\\boldsymbol{\\mathrm{J}}_{\\mathrm{lr}}(\\Theta,\\Theta_{0})=\\frac{1}{\\boldsymbol{\\mathrm{n}}}\\sum_{\\mathrm{i=1}}^{\\boldsymbol{\\mathrm{n}}}\\left(\\boldsymbol{\\mathrm{g}}^{(\\mathrm{i})}-\\boldsymbol{\\mathrm{y}}^{(\\mathrm{i})}\\right)\\boldsymbol{\\mathrm{x}}^{(\\mathrm{i})}+2\\lambda\\Theta $$ and $$ \\frac{\\partial\\boldsymbol{\\mathrm{J}}_{\\mathrm{lr}}(\\Theta,\\Theta_{0})}{\\partial\\theta_{0}}=\\frac{1}{\\boldsymbol{\\mathrm{n}}}\\sum_{\\mathrm{i=1}}^{\\boldsymbol{\\mathrm{n}}}\\left(\\boldsymbol{\\mathrm{g}}^{(\\mathrm{i})}-\\boldsymbol{\\mathrm{y}}^{(\\mathrm{i})}\\right) $$ represent, and what is the key difference between them?\n\n\n*",
    "Answer": "* These equations represent the gradient of a regularized linear regression cost function  ($\\boldsymbol{\\mathrm{J}}_{\\mathrm{lr}}$) with respect to its parameters.\n\n* The first equation shows the gradient with respect to the weight vector Θ (denoted by  ∇<sub>Θ</sub>). It includes a regularization term (2λΘ) which penalizes large weights to prevent overfitting.  The summation term represents the average gradient based on the difference between the predicted value (g<sup>(i)</sup>) and the actual value (y<sup>(i)</sup>) multiplied by the input features (x<sup>(i)</sup>).\n\n* The second equation shows the partial derivative of the cost function with respect to the bias term θ<sub>0</sub> (the intercept).  This equation is simpler because the bias term doesn't have a regularization component.  It's just the average of the differences between the predicted and actual values.\n\n\nThe key difference is that the first equation calculates the gradient for the weight vector Θ, including a regularization term, while the second equation calculates the gradient for the bias term θ<sub>0</sub>, which is not regularized."
  },
  "QA_Pair_44": {
    "Question": "**Question:** What are the two basic strategies for handling multi-class classification problems, where more than two classes are possible (e.g., predicting movie genres)?\n\n*",
    "Answer": "* The text indicates that there are two basic strategies, but it does not explicitly name them.  It only states that they exist."
  },
  "QA_Pair_45": {
    "Question": "**Question:**  Why might a Locally Linear Classifier (LLC) not be considered a true classifier based on the provided text?\n\n*",
    "Answer": "* Because the text defines a classifier as a mapping from a continuous input space (ℝᵈ) to a discrete output set (e.g., {-1, +1}), and an LLC, as suggested, might not strictly adhere to this discrete output requirement.  The implication is that an LLC's output might not directly be a discrete class label, but rather something that requires further processing to assign a final class."
  },
  "QA_Pair_46": {
    "Question": "**Question:**\n\nWhat property of the derivative of the function  f₂(z) guarantees that f₂(z) is a convex function?\n\n\n*",
    "Answer": "*\n\nThe derivative of f₂(z) being monotonically increasing guarantees that f₂(z) is a convex function."
  },
  "QA_Pair_47": {
    "Question": "Here's a question and answer pair based on the statement \"That's a lot of fancy words!\":\n\n\n**Question:** What does the statement \"That's a lot of fancy words!\" likely imply about the preceding communication?\n\n*",
    "Answer": "* The statement implies that the previous communication used overly complex or sophisticated language, making it difficult to understand or feel unnecessarily pretentious.  The speaker likely prefers simpler, more straightforward language."
  },
  "QA_Pair_48": {
    "Question": "**Question:**\n\nWhat does the function h(x; θ, θ₀) represent, and how does it determine its output based on the input x and parameters θ and θ₀?\n\n\n*",
    "Answer": "*\n\nThe function h(x; θ, θ₀) represents a linear discriminant function.  It takes an input vector x and parameters θ (a weight vector) and θ₀ (a bias or threshold). It outputs +1 if the linear combination θᵀx + θ₀ is greater than 0, and -1 otherwise.  Essentially, it classifies the input x into one of two classes (+1 or -1) based on which side of the hyperplane defined by θᵀx + θ₀ = 0 it falls on."
  },
  "QA_Pair_49": {
    "Question": "**Question:** What fundamental unsolved problem in computer science theory is referenced in the text to explain the use of the word \"probably\"?\n\n*",
    "Answer": "* The P vs. NP problem."
  },
  "QA_Pair_50": {
    "Question": "**Question:** What is the logistic function, and what is it also known as?\n\n*",
    "Answer": "* The logistic function, also known as the sigmoid function, is a mathematical function having an \"S\" shaped curve.  (The exact mathematical definition would then be included,  e.g.,  f(x) = 1 / (1 + e^-x) )."
  },
  "QA_Pair_51": {
    "Question": "**Question:** What is another name for the loss function described in the text?\n\n*",
    "Answer": "*  Log loss or cross entropy."
  },
  "QA_Pair_52": {
    "Question": "**Question:** What is the objective function, denoted as J<sub>lr</sub>, for optimizing regularized negative log-likelihood in linear logistic classification (also known as logistic regression)?\n\n\n*",
    "Answer": "*  The provided text doesn't give the explicit formula for J<sub>lr</sub>, only stating that it represents the objective function for optimizing regularized negative log-likelihood for a linear logistic classifier.  To get the complete answer, the actual mathematical expression for J<sub>lr</sub> would need to be included."
  },
  "QA_Pair_53": {
    "Question": "**Question:**  How do the hypotheses in a linear logistic classifier (LLC) differ from those in a standard linear classifier, beyond the output range?\n\n*",
    "Answer": "*  While both linear logistic classifiers (LLCs) and linear classifiers use a d-dimensional vector θ and a scalar θ₀ for parameterization, LLCs generate real-valued outputs in the interval (0,1), whereas linear classifiers make predictions in the set {+1, -1}.  The core difference lies in the type of prediction made: probabilistic (LLC) versus categorical (linear classifier)."
  },
  "QA_Pair_54": {
    "Question": "**Question:**  Explain why the vector of $\\mathfrak{g}$ values, in the context of a probability distribution or similar application, is guaranteed to be non-negative and sum to 1.  What conditions or properties ensure this?\n\n\n*",
    "Answer": "* The non-negativity of the $\\mathfrak{g}$ values is ensured by the inherent definition of a probability distribution (or a similar concept where $\\mathfrak{g}$ represents proportions or weights).  Probabilities, proportions, and weights cannot be negative. They represent the fraction or amount of something, and a negative fraction or amount is nonsensical in most applications.\n\nThe fact that the $\\mathfrak{g}$ values sum to 1 is a consequence of the normalization requirement for probability distributions. A probability distribution must account for all possibilities, meaning the total probability assigned to all events must equal 1 (certainty). In the case of $\\mathfrak{g}$, this means that the sum of its components represents the entirety of some quantity, and this sum is constrained to be 1 (or 100%, if expressed as percentages). If the sum were not 1, it would indicate an incomplete or inconsistent representation of the underlying probabilities or weights.  This normalization is usually explicitly or implicitly included in the process of calculating or defining the $\\mathfrak{g}$ vector."
  },
  "QA_Pair_55": {
    "Question": "**Question:** Why is the 0-1 loss function not suitable for optimizing the learning of linear logistic classifiers, despite its intuitive simplicity?\n\n*",
    "Answer": "*  While the 0-1 loss function is intuitively simple, it leads to an objective function that is very difficult to optimize.  Therefore, alternative loss functions are employed for training linear logistic classifiers."
  },
  "QA_Pair_56": {
    "Question": "Here's a question and answer pair based on the provided text:\n\n\n**Question:** What does the notation  `x → h → y` represent in a mathematical or computational context?\n\n\n*",
    "Answer": "* The notation `x → h → y` typically represents a transformation or mapping where an input `x` is first processed by a function or operation `h`, and the resulting output then becomes the input `y` for a subsequent step or function (though the diagram may imply a single, compound function).  It suggests a sequential process where the output of one stage serves as the input for the next.  The specific nature of `h` and the overall process would depend on the context in which this notation is used (e.g., a neural network, a signal processing chain, or a mathematical function composition)."
  },
  "QA_Pair_57": {
    "Question": "**Question:**  What is the goal of the provided mathematical expression, and what method is suggested to achieve it?\n\n\n*",
    "Answer": "* The goal is to compute the gradient of the negative log-likelihood function ($\\mathcal{L}_{\\mathrm{nll}}$) with respect to the parameter vector $\\boldsymbol{\\theta}$  ($\\nabla_{\\boldsymbol{\\theta}}\\mathcal{L}_{\\mathrm{nll}}$).  The suggested method is to calculate this gradient by finding the vector of partial derivatives of the negative log-likelihood function with respect to each element of the parameter vector $\\boldsymbol{\\theta}$ ($\\partial\\mathcal{L}_{\\mathrm{nll}}/\\partial\\boldsymbol{\\theta}_{1},\\ldots,\\partial\\mathcal{L}_{\\mathrm{nll}}/\\partial\\boldsymbol{\\theta}_{\\mathrm{d}}$), where 'd' represents the dimensionality of  $\\boldsymbol{\\theta}$.  The function involves a sigmoid function ($\\boldsymbol{\\sigma}$) applied to a linear combination of input vector $\\boldsymbol{x}$ and parameters $\\boldsymbol{\\Theta}$ and $\\boldsymbol{\\Theta}_{0}$.  The  $\\boldsymbol{\\Psi}$ and $\\boldsymbol{y}$ likely represent the target variables."
  },
  "QA_Pair_58": {
    "Question": "**Question:**  What is the key concept used in the provided text to demonstrate that the Negative Log-Likelihood (NLL) loss function is convex?\n\n\n*",
    "Answer": "* The text refers to using facts (not explicitly stated) to prove the convexity of the NLL loss function.  The specific facts needed are not provided in the snippet, but the approach implies leveraging properties of the underlying mathematical components of the NLL loss function to establish its convexity."
  },
  "QA_Pair_59": {
    "Question": "**Question:**  What simplification is made regarding the labels in the training data, and how is this achieved?\n\n*",
    "Answer": "* The simplification assumes (or transforms the data so that) all labels in the training data are binary, belonging to the set {0, 1}."
  },
  "QA_Pair_60": {
    "Question": "**Question:** Why is a different loss function used for optimization than for evaluation in the given text?\n\n*",
    "Answer": "*  A different loss function is used for optimization than for evaluation as a compromise for computational ease and efficiency."
  },
  "QA_Pair_61": {
    "Question": "**Question:** What are linear classifiers, and why are they important in machine learning?\n\n*",
    "Answer": "* Linear classifiers are a hypothesis class of relatively simple and easily understood models in machine learning.  They are mathematically straightforward, powerful on their own, and serve as a foundation for many more complex algorithms."
  },
  "QA_Pair_62": {
    "Question": "**Question:** What does the notation LR-G RADIENT -D ESCENT $\\left(\\theta_{init},\\theta_{0init},\\upeta,\\epsilon\\right)$ represent, and what do the parameters likely signify?\n\n\n*",
    "Answer": "*  The notation LR-G RADIENT -D ESCENT $\\left(\\theta_{init},\\theta_{0init},\\upeta,\\epsilon\\right)$ likely represents a gradient descent algorithm, possibly a variant employing a learning rate schedule or other modifications implied by \"LR-G\".\n\n* **LR-G RADIENT -D ESCENT:** Refers to a gradient descent optimization method. The \"LR\" likely denotes a learning rate component, and \"G\" might refer to a specific implementation or modification (e.g., a specific line search method or a momentum-based approach).\n\n* **$\\theta_{init}$:**  Represents the initial value of the model's parameters (weights).\n\n* **$\\theta_{0init}$:** Likely represents the initial value of some other parameter(s) within the model or optimization process.  It could be related to bias terms, momentum terms in a momentum-based gradient descent, or other hyperparameters.\n\n* **$\\upeta$:** Represents the learning rate (or step size) which controls the magnitude of the parameter updates during each iteration of the gradient descent.\n\n* **$\\epsilon$:** Represents a tolerance value (or stopping criterion).  The algorithm likely terminates when the change in parameters, or a similar metric, falls below this value, indicating convergence."
  },
  "QA_Pair_63": {
    "Question": "**Question:**  What does the equation  `h(x; θ, θ₀) = softmax(θᵀx + θ₀)` represent, and what do the variables represent?\n\n\n*",
    "Answer": "* The equation represents a softmax function applied to a linear transformation of an input vector x.  It's commonly used as an activation function in the output layer of a multinomial logistic regression model or a neural network classifier.\n\n* **h(x; θ, θ₀):** Represents the output of the function, a probability distribution over multiple classes.  The semicolon notation indicates that  θ and θ₀ are parameters, not variables that change with the input x.\n\n* **x:**  Is the input vector (features).\n\n* **θ:** Is a weight vector (matrix if x is a vector).  Each element of θ is associated with a feature in x and represents the importance of that feature in determining the output class probabilities.\n\n* **θ₀:** Is a bias vector (or a single bias term if there's only one output neuron).  It shifts the output of the linear transformation.\n\n* **softmax( ):** Is the softmax function, which transforms the linear combination  θᵀx + θ₀ into a probability distribution where each element is between 0 and 1, and all elements sum to 1.  This allows the output to be interpreted as probabilities for each of the possible classes."
  },
  "QA_Pair_64": {
    "Question": "**Question:** What specific form must the y-values have when learning a Latent Linear Chained (LLC) model using Negative Log-Likelihood (NLL)?\n\n*",
    "Answer": "* The provided text only states that there is a required form for the y-values when training an LLC model with NLL, but it does not specify what that form is.  More information is needed to answer the question completely."
  },
  "QA_Pair_65": {
    "Question": "**Question:** What does the expression  $\\prod_{i=1}^{n} \\{g^{(i)} \\text{ if } y^{(i)} = 1\\}$ represent?\n\n\n*",
    "Answer": "* This expression represents the product of elements  $g^{(i)}$  for all values of  `i` from 1 to `n`, *only* when the corresponding value of  $y^{(i)}$ is equal to 1.  If  $y^{(i)}$ is not equal to 1 for a particular `i`, then the element $g^{(i)}$ is not included in the product.  In simpler terms, it's a selective product where we only multiply the $g^{(i)}$'s that are \"selected\" by a corresponding $y^{(i)} = 1$."
  },
  "QA_Pair_66": {
    "Question": "**Question:**  Given that θ is a d x 1 vector, verify the dimensional consistency of all quantities in the equation (referencing the unspecified equation from the previous section that defines the relationship between θ and other variables).  How does the dimensionality of d relate to the dimensionality of θ as discussed in the preceding section?\n\n\n*",
    "Answer": "*  To answer this question, we need the actual equation from the previous section that involves θ and other variables.  Once that equation is provided, we can analyze the dimensions of each term.  The verification process involves ensuring that all terms in the equation have consistent units.  For example, if one term involves a product of quantities, their dimensions should multiply to match the dimensions of the other terms.\n\nRegarding the relationship between the dimensionality of 'd' and θ:  Since θ is a *d x 1* vector, 'd' represents the *dimensionality* or the number of elements in the vector θ.  Therefore, 'd' is a scalar quantity with dimension (1) — it's a pure number representing count, not a physical quantity with units like length, mass, or time. The relationship is simply that 'd' defines the size (length) of the vector θ.  The specific details of the relationship will depend on the content of the aforementioned equation."
  },
  "QA_Pair_67": {
    "Question": "**Question:** What is the primary challenge in finding the optimal linear classifier for a given dataset, and how is this challenge typically addressed?\n\n*",
    "Answer": "* The primary challenge is the computational complexity of searching through all possible linear classifiers to find the one that optimizes a given objective function.  This challenge is addressed by carefully formulating the optimization problem to make the search computationally tractable."
  },
  "QA_Pair_68": {
    "Question": "**Question:** What does the expression  $\\sum_{i=1}^{n} \\mathcal{L}_{nll}(\\boldsymbol{\\mathfrak g}^{(i)}, \\boldsymbol{\\mathfrak y}^{(i)})$ represent in the context of machine learning?\n\n\n*",
    "Answer": "* This expression represents the sum of negative log-likelihood (NLL) losses over a dataset of size 'n'.  Each term $\\mathcal{L}_{nll}(\\boldsymbol{\\mathfrak g}^{(i)}, \\boldsymbol{\\mathfrak y}^{(i)})$ calculates the negative log-likelihood loss for a single data point.  $\\boldsymbol{\\mathfrak g}^{(i)}$ represents the model's prediction for the i-th data point, and $\\boldsymbol{\\mathfrak y}^{(i)}$ represents the corresponding true label or target value. The entire sum represents the total loss across the entire dataset, often used as an objective function to optimize model parameters during training.  Minimizing this sum aims to make the model's predictions closely match the true values."
  },
  "QA_Pair_69": {
    "Question": "**Question:** What is the purpose of the negative log-likelihood (NLL) loss function, and what is a key advantage of using it?\n\n*",
    "Answer": "* The NLL loss function aims to minimize loss by assigning high probabilities to the correct class.  A key advantage is its ability to easily extend to multi-class classification problems."
  },
  "QA_Pair_70": {
    "Question": "**Question:**  What assumption is made about the predictions in the given text, and how does this assumption simplify the expression when  $\\mathfrak{y}^{(\\mathrm{i})} \\in \\{0,1\\}$?\n\n*",
    "Answer": "* The assumption made is that the predictions are independent.  When $\\mathfrak{y}^{(\\mathrm{i})} \\in \\{0,1\\}$ (meaning the prediction is binary, either 0 or 1), this independence allows for a clever rewriting of the expression (though the exact rewriting is not provided in the given text snippet).  The independence simplifies the calculations or representation of the overall prediction because the individual predictions don't influence each other."
  },
  "QA_Pair_71": {
    "Question": "**Question:** What does $\\mathcal{L}_{\\mathrm{nll}}$ represent in the given context?\n\n*",
    "Answer": "* $\\mathcal{L}_{\\mathrm{nll}}$ represents the negative log-likelihood loss function."
  },
  "QA_Pair_72": {
    "Question": "**Question:**\n\nExplain the calculations shown in the provided equations for  `h(x<sup>(1)</sup>; θ, θ<sub>0</sub>)` and `h(x<sup>(2)</sup>; θ, θ<sub>0</sub>)`, highlighting the role of the sign function and the meaning of the bracketed expressions.  What type of function is this likely to be?\n\n\n*",
    "Answer": "*\n\nThe equations represent calculations of a hypothesis function, likely within a perceptron or similar linear classifier.  Let's break down each calculation:\n\n\n* **`h(x<sup>(1)</sup>; θ, θ<sub>0</sub>) = sign([-1  1.5] [2] + 3)`:**\n\n   1. `[-1  1.5]` represents a weight vector (θ) with weights -1 and 1.5.\n   2. `[2]` represents the input feature vector (x<sup>(1)</sup>) with a single feature value of 2.\n   3. The bracketed expressions perform a dot product: (-1 * 2) + (1.5 * 2) = 1.\n   4. `+ 3` adds a bias term (θ<sub>0</sub>) of 3.  The result is 1 + 3 = 4.\n   5. `sign(4)` applies the sign function, which returns +1 because the input (4) is positive.  This indicates a positive classification for input vector x<sup>(1)</sup>.\n\n\n* **`h(x<sup>(2)</sup>; θ, θ<sub>0</sub>) = sign([-1  1.5] [4/-1] + 3)`:**\n\n   1. `[-1  1.5]` is the same weight vector as before.\n   2. `[4/-1]` represents the input feature vector (x<sup>(2)</sup>) with two feature values, 4 and -1.\n   3. The dot product is calculated: (-1 * 4) + (1.5 * -1) = -5.5.\n   4. `+ 3` adds the bias term, resulting in -5.5 + 3 = -2.5.\n   5. `sign(-2.5)` applies the sign function, which returns -1 because the input (-2.5) is negative. This indicates a negative classification for input vector x<sup>(2)</sup>.\n\n\nIn summary, this is a linear classification model where the output is determined by the sign of a weighted sum of inputs plus a bias. The model assigns a class label (+1 or -1) based on the sign of the linear combination.  The specific type of function is a **linear threshold unit** (LTU)  or perceptron."
  },
  "QA_Pair_73": {
    "Question": "**Question:**\n\nWhat does the equation  $\\mathcal{E}(\\mathbf{h})=\\frac{1}{\\mathfrak{n}^{\\prime}}\\sum_{\\mathrm{i=n+1}}^{\\mathfrak{n}+\\mathfrak{n}^{\\prime}}\\left\\{1\\quad\\mathsf{h}(\\mathfrak{x}^{(\\mathrm{i})})\\neq\\mathfrak{y}^{(\\mathrm{i})}\\right.$ represent, and what do the variables signify?\n\n\n*",
    "Answer": "*\n\nThe equation represents the empirical error rate (or classification error) of a hypothesis/model  `h` on a test set.  Let's break down the variables:\n\n* **$\\mathcal{E}(\\mathbf{h})$:** This represents the empirical error rate of the hypothesis `h`.  It's the fraction of misclassifications on the test set.\n\n* **$\\mathfrak{n}^{\\prime}$:** This is the size of the test set (number of data points).\n\n* **$\\sum_{\\mathrm{i=n+1}}^{\\mathfrak{n}+\\mathfrak{n}^{\\prime}}$:** This is a summation that iterates over the test set data points.  The index `i` ranges from `n+1` to `n+n'`, suggesting that the first `n` data points are used for training, and the remaining `n'` points form the test set.\n\n* **$\\left\\{1\\quad\\mathsf{h}(\\mathfrak{x}^{(\\mathrm{i})})\\neq\\mathfrak{y}^{(\\mathrm{i})}\\right\\}$:** This is an indicator function. It equals 1 if the hypothesis `h` makes an incorrect prediction on data point `i` (i.e., the predicted value  `h(x<sup>(i)</sup>)` is different from the true value `y<sup>(i)</sup>`), and 0 otherwise.\n\n* **$\\mathfrak{x}^{(\\mathrm{i})}$:** This represents the input features of the i-th data point in the test set.\n\n* **$\\mathfrak{y}^{(\\mathrm{i})}$:** This represents the true label (or output) of the i-th data point in the test set.\n\nIn essence, the equation calculates the average number of misclassifications made by the hypothesis `h` on the test set.  The result is a value between 0 and 1, representing the proportion of incorrect predictions.  A lower value indicates better performance."
  },
  "QA_Pair_74": {
    "Question": "**Question:**  Explain how the optimal values of θ (theta) in a linear classifier, using a regularized objective function with regularization parameter λ, behave in the cases where (a) λ = 0 and (b) λ is very large, specifically considering linearly separable data.  Illustrate your answer with a simple one-dimensional example using two data points.\n\n\n*",
    "Answer": "*\n\nThe objective function for a linear classifier often involves minimizing a combination of error and a regularization term.  Let's assume a simple form:\n\n`Objective = Loss(θ) + λ * R(θ)`\n\nwhere:\n\n* `Loss(θ)` represents the classification error (e.g., hinge loss, logistic loss).\n* `λ` is the regularization parameter (controls the strength of regularization).\n* `R(θ)` is the regularization term (e.g., L1 or L2 norm of θ).\n\n(a) **λ = 0:** When λ = 0, the regularization term is eliminated from the objective function.  The optimization focuses solely on minimizing the loss function.  For linearly separable data, this means the classifier will find a solution that perfectly separates the data, even if it leads to a complex decision boundary (a model with large θ values).  The optimal θ will be determined by the specific location of the data points and the chosen loss function.  The classifier may overfit the training data.\n\n(b) **λ is very large:**  When λ is very large, the regularization term dominates the objective function.  The optimizer prioritizes minimizing R(θ), which typically involves shrinking the magnitude of θ towards zero.  This is because large values of θ lead to a larger penalty. For linearly separable data, this leads to a \"simpler\" classifier (smaller θ values). The classifier will likely not perfectly separate the data; it will trade off perfect separation for a lower penalty from the regularization term.  The classifier's boundary will be less sensitive to individual data points, mitigating overfitting.\n\n**One-dimensional Example:**\n\nLet's consider two data points in one dimension:\n\n* Point 1: x₁ = 1, y₁ = +1 (positive class)\n* Point 2: x₂ = 3, y₂ = -1 (negative class)\n\nOur linear classifier is of the form:  `y = θx + θ₀`\n\nIf we use a hinge loss, and λ=0, one possible optimal solution would be θ = -1, θ₀ = 2. This creates a decision boundary at x=2 which perfectly separates the points. However, this solution has relatively large values of θ and θ₀.\n\nIf λ is very large, the optimization will favor smaller values of θ and θ₀. The optimal θ and θ₀ will be closer to zero, leading to a classifier that might not perfectly separate the data. The resulting boundary will likely be a compromise between minimizing the loss and minimizing the magnitude of the parameters.  This illustrates how a large λ pushes the model towards a simpler, more robust solution at the expense of perfect classification accuracy on the training data."
  },
  "QA_Pair_75": {
    "Question": "**Question:** Why is taking the logarithm of the objective function in the given text a valid optimization step?\n\n*",
    "Answer": "* Taking the logarithm is valid because the log function is monotonic.  A monotonic function preserves the order of the original function's values. Therefore, the values of θ and θ₀ that maximize the original function will also maximize its logarithm.  This simplification makes the optimization problem easier to handle."
  },
  "QA_Pair_76": {
    "Question": "**Question:**  What is the overall purpose of the described gradient descent algorithm in the context of logistic regression?\n\n*",
    "Answer": "* The gradient descent algorithm, when applied to logistic regression, iteratively updates the model's parameters (weights and bias) to minimize the cost function (e.g., log-loss). This process aims to find the optimal parameter values that best fit the training data and enable accurate prediction of probabilities for the binary outcome."
  },
  "QA_Pair_77": {
    "Question": "**Question:**\n\nWhat property of the derivative of the function $\\mathsf{f}_{1}(z)$ ensures that $\\mathsf{f}_{1}(z)$ is a convex function?\n\n\n*",
    "Answer": "*\n\nThe derivative of $\\mathsf{f}_{1}(z)$ being a monotonically increasing function ensures that $\\mathsf{f}_{1}(z)$ is a convex function."
  },
  "QA_Pair_78": {
    "Question": "**Question:** Given that h(x) represents the probability that a data point x belongs to class +1, and there are only two classes (+1 and -1), what is the probability that x belongs to class -1?\n\n*",
    "Answer": "*  The probability that x belongs to class -1 is 1 - h(x).  Since there are only two classes, the probabilities must sum to 1."
  },
  "QA_Pair_79": {
    "Question": "**Question:** What is the goal in selecting the parameters of the classifier described in the text, and what mathematical expression represents the probability being maximized?\n\n\n*",
    "Answer": "* The goal is to select the classifier parameters to maximize the probability assigned by the Linear Logistic Classifier (LLC) to the correct  $\\boldsymbol{\\mathfrak{y}}$ values in the training set.  The probability being maximized is implicitly defined by the guess $\\mathfrak{g}^{(\\mathfrak{i})}=\\sigma(\\mathfrak{d}^{\\mathsf{T}}\\mathfrak{x}^{(\\mathfrak{i})}+\\mathfrak{d}_{0})$, where  $\\sigma$ is the sigmoid function, $\\mathfrak{d}$ represents the classifier parameters,  $\\mathfrak{x}^{(\\mathfrak{i})}$ is the i-th input vector, and $\\mathfrak{d}_{0}$ is the bias term.  The text does not explicitly state the full probability expression, but it is implied that this guess represents the probability of a correct classification."
  },
  "QA_Pair_80": {
    "Question": "**Question:**  What is the purpose of evaluating a classifier on $\\mathfrak{n^{\\prime}}$ new examples?\n\n*",
    "Answer": "*  To assess the classifier's generalization performance – how well it performs on unseen data not used during its training or development.  This helps determine its robustness and reliability in real-world applications."
  },
  "QA_Pair_81": {
    "Question": "Here's a question and answer pair based on the provided study question:\n\n**Question:**  The diagram shows a separating hyperplane defined by parameters θ and θ₀.  How would you modify θ and θ₀ to maintain the same hyperplane location but reverse the classification of positive and negative data points (i.e., points labeled '+' become negative, and points labeled '-' become positive)?\n\n\n*",
    "Answer": "* To reverse the classification while maintaining the same hyperplane location, you would simply negate both θ and θ₀.  That is, replace θ with -θ and θ₀ with -θ₀.  This changes the sign of the decision function  θ⋅x + θ₀ without changing the position of the hyperplane itself.  A point previously classified as positive (θ⋅x + θ₀ > 0) will now be classified as negative (-θ⋅x - θ₀ > 0), and vice versa."
  },
  "QA_Pair_82": {
    "Question": "**Question:**  Explain why the set of points defined by  σ(θᵀx + θ₀) = 0.5, where σ is the sigmoid function, forms a straight line in (x₁, x₂) space.  Specifically, determine the equation of this line for the case depicted in the (unprovided) figure, and describe how the plot would change if  θ = (1, 1), θ₀ = -2, and if θ = (-1, -1), θ₀ = 2.\n\n\n*",
    "Answer": "*\n\nThe sigmoid function σ(z) = 1 / (1 + exp(-z)) equals 0.5 when its argument z = θᵀx + θ₀ is zero.  Therefore, the equation defining the boundary is:\n\nθᵀx + θ₀ = 0\n\nThis is the equation of a line in (x₁, x₂) space.  The specific line depends on the values of θ and θ₀.\n\nWithout the figure, I cannot provide the specific line equation for the case depicted. However, I can illustrate the changes for the other cases:\n\n\n* **θ = (1, 1), θ₀ = -2:** The equation of the line becomes:\n\n   1*x₁ + 1*x₂ - 2 = 0  or  x₂ = -x₁ + 2\n\n   This is a line with a slope of -1 and a y-intercept of 2.  The decision boundary would be a line sloping downwards from left to right, intersecting the y-axis at 2.\n\n\n* **θ = (-1, -1), θ₀ = 2:** The equation of the line becomes:\n\n   -1*x₁ - 1*x₂ + 2 = 0 or x₂ = -x₁ + 2\n\n   This is also a line with a slope of -1 and a y-intercept of 2.  Interestingly, this yields the *same* line as the previous case despite different parameters. This highlights that different parameter sets can lead to identical decision boundaries, a characteristic of the model's flexibility and inherent ambiguity.  The only difference might be in the confidence scores assigned to points on either side of the line; this ambiguity would require further investigation of the specific cost function used in training."
  },
  "QA_Pair_83": {
    "Question": "**Question:**  Why is the choice of base for a logarithm often considered unimportant, and what base is preferred in the provided context?\n\n*",
    "Answer": "* The choice of base for a logarithm is largely unimportant because logarithms of different bases are proportional to each other (they differ only by a constant multiplicative factor).  While any base can be used, the provided text specifies that if numerical values are required, the natural logarithm (base *e*) should be used."
  },
  "QA_Pair_84": {
    "Question": "**Question:** What is logistic regression, and why is it considered an important foundational concept in machine learning, particularly in relation to neural networks?\n\n*",
    "Answer": "* Logistic regression is a fundamental machine learning technique often implemented using batch or stochastic gradient descent.  Its importance stems from its usefulness as a predictive model and because it serves as a crucial stepping stone towards understanding neural networks.  Specifically, it's equivalent to a one-layer neural network utilizing a sigmoidal activation function, providing a foundational understanding before moving to more complex neural network architectures."
  },
  "QA_Pair_86": {
    "Question": "**Question:**  Explain why minimizing the negative log-likelihood loss function ($\\mathcal{L}_{\\mathrm{nllm}}$) in a classification task corresponds to maximizing the probability assigned to the true class.\n\n*",
    "Answer": "* The negative log-likelihood loss ($\\mathcal{L}_{\\mathrm{nllm}}$) is given by  $-\\log(P(y_i | x_i))$, where $P(y_i | x_i)$ is the probability assigned by the model to the true class $y_i$ given the input $x_i$.  The logarithm is a monotonically increasing function. Therefore, minimizing $-\\log(P(y_i | x_i))$ is equivalent to maximizing $\\log(P(y_i | x_i))$, which in turn is equivalent to maximizing $P(y_i | x_i)$.  Thus, minimizing the negative log-likelihood loss directly leads to the model assigning a higher probability to the true class."
  },
  "QA_Pair_87": {
    "Question": "**Question:**  Show the steps involved in deriving the derivative of  $\\mathbf{f}_{2}(z) = -\\log(\\frac{\\exp(-z)}{1+\\exp(-z)})$ with respect to $z$, resulting in $\\sigma(z)$.\n\n\n*",
    "Answer": "*\n\n1. **Rewrite the expression:**  The initial expression for $\\mathbf{f}_{2}(z)$ can be rewritten using logarithm properties:\n\n   $-\\log(\\frac{\\exp(-z)}{1+\\exp(-z)}) = -\\log(\\exp(-z)) + \\log(1+\\exp(-z)) = z + \\log(1+\\exp(-z))$\n\n\n2. **Differentiate with respect to z:** Now, differentiate the rewritten expression with respect to z:\n\n   $\\frac{d}{dz} [z + \\log(1+\\exp(-z))] = \\frac{d}{dz}(z) + \\frac{d}{dz}(\\log(1+\\exp(-z)))$\n\n\n3. **Apply the chain rule:**  The derivative of $\\log(1+\\exp(-z))$ requires the chain rule:\n\n   $\\frac{d}{dz}(\\log(1+\\exp(-z))) = \\frac{1}{1+\\exp(-z)} * \\frac{d}{dz}(1+\\exp(-z)) = \\frac{1}{1+\\exp(-z)} * (-\\exp(-z)) = \\frac{-\\exp(-z)}{1+\\exp(-z)}$\n\n\n4. **Combine the derivatives:**  Combine the derivatives from steps 2 and 3:\n\n   $\\frac{d}{dz}(z) + \\frac{-\\exp(-z)}{1+\\exp(-z)} = 1 - \\frac{\\exp(-z)}{1+\\exp(-z)}$\n\n\n5. **Simplify to the sigmoid function:**  Simplify the expression to obtain the sigmoid function:\n\n   $1 - \\frac{\\exp(-z)}{1+\\exp(-z)} = \\frac{1+\\exp(-z) - \\exp(-z)}{1+\\exp(-z)} = \\frac{1}{1+\\exp(-z)} = \\sigma(z)$\n\n\nTherefore, the derivative of $\\mathbf{f}_{2}(z)$ with respect to $z$ is indeed $\\sigma(z)$, the sigmoid function."
  },
  "QA_Pair_88": {
    "Question": "**Question:**  What does the equation  `z = θᵀx + θ₀` represent, and what do the variables represent?\n\n\n*",
    "Answer": "* The equation `z = θᵀx + θ₀` represents a linear model.  \n\n* **z:** Represents the predicted output or dependent variable.\n* **x:** Represents the vector of input features or independent variables.\n* **θ:** Represents the vector of model parameters (weights) associated with the input features.\n* **θ₀:** Represents the bias or intercept term of the model.\n* **θᵀ:** Represents the transpose of the parameter vector θ.  The dot product θᵀx calculates a weighted sum of the input features.\n\n\nIn simpler terms, it's a way to predict a value (z) based on a linear combination of input features (x), each weighted by a corresponding parameter (θ), plus a constant bias (θ₀).  This is a fundamental equation used in many machine learning algorithms like linear regression."
  },
  "QA_Pair_89": {
    "Question": "Here's a question and answer pair based on the text \"This looks familiar! What’s new?\":\n\n**Question:** What does the statement \"This looks familiar! What's new?\" imply about the speaker's prior experience?\n\n*",
    "Answer": "* The statement implies the speaker has encountered something similar before, but is interested in learning about any changes or additions since their last encounter.  They recognize a familiarity but are seeking information about what is different or updated."
  },
  "QA_Pair_90": {
    "Question": "**Question:**  What optimization methods are mentioned as generally effective for the function $\\operatorname{J}_{\\operatorname{lr}}$?\n\n*",
    "Answer": "* Gradient descent and stochastic gradient descent."
  },
  "QA_Pair_91": {
    "Question": "**Question:**  In the context of an LLC with an output value between 0 and 1, and a requirement to predict either +1 or -1, how is the decision threshold typically used to convert the continuous output into a binary classification?  Explain the role of the prediction threshold in this process.\n\n\n*",
    "Answer": "*  The prediction threshold, typically set at 0.5, acts as a decision boundary.  If the output of the LLC (represented as σ(Θᵀx + θ₀), where σ is the sigmoid function) is greater than 0.5, the prediction is +1.  If it's less than or equal to 0.5, the prediction is -1.  Essentially, the threshold converts the continuous probability-like output of the LLC into a discrete binary prediction by comparing it to the threshold value."
  },
  "QA_Pair_92": {
    "Question": "**Question:**  What is a significant challenge encountered even in the training of simple linear classifiers?\n\n*",
    "Answer": "*  Finding the optimal values for the parameters θ and θ₀ that minimize the 0-1 training error is very difficult, even for simple linear classifiers."
  }
}