[
    {
        "Question": "What is \u0398*?",
        "Answer": "The optimal value of \u0398 that minimizes the objective function J(\u0398)."
    },
    {
        "Question": "What is the focus of the class concerning optimization methods?",
        "Answer": "One of the simplest methods, gradient descent."
    },
    {
        "Question": "What is the \"direction of steepest descent\" in the context of gradient descent?",
        "Answer": "The direction in which the \"hill\" (surface J(\u0398)) goes down most steeply."
    },
    {
        "Question": "What is a key characteristic of stochastic gradient descent mentioned in the text?",
        "Answer": "It's especially useful when datasets are too large for descent in a single batch and has unique behaviors."
    },
    {
        "Question": "What is the implied meaning of \"some day\"?",
        "Answer": "\"Some day\" implies that the suggested studying is not urgent but should be considered at some point in the future."
    },
    {
        "Question": "What is the assumption made about the function J(\u0398)?",
        "Answer": "The text assumes that both J(\u0398) and its first derivative with respect to \u0398, J'(\u0398), are known."
    },
    {
        "Question": "What is mentioned about the use of  adaptive step-sizes in relation to  $\\boldsymbol\\upeta$?",
        "Answer": "The text mentions that adaptive (non-constant) step-sizes will be discussed later."
    },
    {
        "Question": "What value does the algorithm return?",
        "Answer": "\u0398<sup>(t)</sup>"
    },
    {
        "Question": "What is the nature of the alternative termination methods mentioned in the text?",
        "Answer": "They are left undefined, only stated to exist as \"many other reasonable ways\"."
    },
    {
        "Question": "What is the simplest stopping criterion described?",
        "Answer": "Stopping after a fixed number of iterations (T)."
    },
    {
        "Question": "What type of optimization algorithm is being discussed?",
        "Answer": "1D-Gradient Descent."
    },
    {
        "Question": "What is \u02dc\u03f5 in the context of the theorem?",
        "Answer": "\u02dc\u03f5 represents any small distance greater than 0."
    },
    {
        "Question": "Why is careful step size selection important in iterative processes?",
        "Answer": "To prevent slow convergence, non-converging oscillation, and divergence."
    },
    {
        "Question": "What characteristic of the function and algorithm is highlighted as \"very well-behaved\"?",
        "Answer": "The convergence of the gradient descent on the convex function."
    },
    {
        "Question": "What geometric property defines a convex function?",
        "Answer": "The line segment between any two points on its graph lies above or on the graph."
    },
    {
        "Question": "Can the effect of different values of \u03b7 be determined without the example?",
        "Answer": "No, the effect of different values of \u03b7 cannot be determined without the example that defines its role and function within a specific context."
    },
    {
        "Question": "What is the role of step size in the described behavior of gradient descent?",
        "Answer": "A sufficiently small step size is required for the gradient descent to approach a zero-gradient point."
    },
    {
        "Question": "What is the outcome of the gradient descent process based on the plot?",
        "Answer": "Convergence to different local optimum points depending on the starting point."
    },
    {
        "Question": "Is the algorithm otherwise unchanged?",
        "Answer": "Yes."
    },
    {
        "Question": "What does \u2207<sub>\u0398</sub>f(\u0398<sup>(t-1)</sup>) represent?",
        "Answer": "\u2207<sub>\u0398</sub>f(\u0398<sup>(t-1)</sup>) represents the gradient of the loss function f with respect to the parameters \u0398 at iteration t-1."
    },
    {
        "Question": "What does \u03b5 represent in the termination criterion?",
        "Answer": "A small positive value representing a tolerance threshold."
    },
    {
        "Question": "What type of problem is being discussed?",
        "Answer": "A one-dimensional problem where termination criteria are defined in relation to the dimensionality of \u0398."
    },
    {
        "Question": "What objective does the mean square loss lead to in regression?",
        "Answer": "The ordinary least squares objective."
    },
    {
        "Question": "What does y\u207d\u2071\u207e represent?",
        "Answer": "y\u207d\u2071\u207e represents the i-th actual output value."
    },
    {
        "Question": "With respect to what are the parameters' gradients calculated?",
        "Answer": "The objective function."
    },
    {
        "Question": "What are the dimensions of the resulting gradient \u2207\u03b8J?",
        "Answer": "The gradient \u2207\u03b8J is a d x 1 vector."
    },
    {
        "Question": "What is the update rule used for in the context of gradient descent?",
        "Answer": "To numerically compute a solution to the linear regression problem."
    },
    {
        "Question": "What is the meaning of the summation term?",
        "Answer": "The summation term calculates the average gradient of the loss function with respect to the parameters."
    },
    {
        "Question": "What potential issue is highlighted regarding mathematical notation?",
        "Answer": "The problematic use of double superscripts."
    },
    {
        "Question": "What does the regularization term in ridge regression aim to minimize?",
        "Answer": "The magnitude of the model's coefficients."
    },
    {
        "Question": "What is the purpose of the term $\\lambda\\|\\theta\\|^{2}$?",
        "Answer": "The term $\\lambda\\|\\theta\\|^{2}$ is a regularization term that penalizes large values of the parameters $\\theta$, preventing overfitting."
    },
    {
        "Question": "What is the approach taken to find the gradients in the context of ridge regression and the parameter set \u0398?",
        "Answer": "The gradients are found separately for \u03b8 and \u03b8\u2080."
    },
    {
        "Question": "What does \u03bb represent in the equation for the gradient with respect to \u0398?",
        "Answer": "The regularization parameter."
    },
    {
        "Question": "What is a foolproof way described for computing matrix derivatives?",
        "Answer": "Computing the partial derivative of J with respect to each component \u03b8\u1d62 of \u03b8."
    },
    {
        "Question": "What does Jridge represent?",
        "Answer": "The provided text does not define Jridge."
    },
    {
        "Question": "What does the phrase \"Putting everything together\" suggest about the text's content?",
        "Answer": "It's a synthesis or culmination of previously discussed components."
    },
    {
        "Question": "In machine learning, what is the purpose of fitting models?",
        "Answer": "As a means to make good predictions or decisions."
    },
    {
        "Question": "What has led to ML becoming a superior approach for many applications?",
        "Answer": "Improvements in ML methods' capability and scope."
    },
    {
        "Question": "What is the nature of the provided text?",
        "Answer": "A paraphrased description from an online post."
    },
    {
        "Question": "What is the role of a human in the machine learning process, according to the text?",
        "Answer": "The human plays a crucial role in all stages, from problem definition to deployment and impact assessment."
    },
    {
        "Question": "What is a key assumption made to simplify the problem of learning from data?",
        "Answer": "That the training data and future queries are drawn from the same distribution."
    },
    {
        "Question": "Does the text provide details about the problems?",
        "Answer": "No."
    },
    {
        "Question": "What is a key question the text aims to answer regarding data analysis and prediction?",
        "Answer": "How to assess the reliability of estimates derived from noisy data and their predictive power for future observations."
    },
    {
        "Question": "How does a model demonstrate good generalization performance?",
        "Answer": "A model demonstrates good generalization by accurately predicting the outcomes of situations not explicitly seen during training."
    },
    {
        "Question": "If the elements shared another characteristic besides the probability distribution, would this description still be accurate?",
        "Answer": "No, the description specifies that the only relationship is their shared probability distribution."
    },
    {
        "Question": "What is the text about?",
        "Answer": "Describing problems and their solutions using six characteristics."
    },
    {
        "Question": "What type of model will be used, its variables, and how predictions are made?",
        "Answer": "The model type specifies the world model, its variables, and the prediction process."
    },
    {
        "Question": "What is the main point conveyed in this excerpt?",
        "Answer": "The inability to generalize without prior assumptions about the data generation process."
    },
    {
        "Question": "What is the main topic of the text?",
        "Answer": "Problem classes in machine learning."
    },
    {
        "Question": "Will this course cover unsupervised learning techniques?",
        "Answer": "Yes, clustering is an example of unsupervised learning that will be touched upon."
    },
    {
        "Question": "What type of output is associated with regression in supervised learning?",
        "Answer": "Regression in supervised learning uses outputs from a large, finite ordered set or a continuous set."
    },
    {
        "Question": "What is the format of each element in the training data?",
        "Answer": "A pair."
    },
    {
        "Question": "What type of data is implied by the use of boldface $\\boldsymbol{\\mathfrak{x}}^{(\\mathfrak{i})}$?",
        "Answer": "A vector of features;  multivariate input data."
    },
    {
        "Question": "What is the scope of the information being presented?",
        "Answer": "Part of the breadth of the field."
    },
    {
        "Question": "What type of value is the output, $\\mathfrak{y}^{(\\mathrm{i})}$?",
        "Answer": "A real number."
    },
    {
        "Question": "What is being predicted in a regression problem?",
        "Answer": "The value of  $\\mathfrak{y}^{(\\mathfrak{n}+\\bar{1})}$."
    },
    {
        "Question": "Where is the notation used by the authors standard?",
        "Answer": "In some other parts of the ML literature."
    },
    {
        "Question": "What type of data is used in unsupervised learning?",
        "Answer": "A data set without labeled input-output pairs."
    },
    {
        "Question": "Why is it generally better to define the prediction objective before dimensionality reduction when performing regression or classification?",
        "Answer": "To ensure that the dimensions most relevant to the prediction task are not lost during the reduction process."
    },
    {
        "Question": "What is said about the role of regression in machine learning education?",
        "Answer": "Regression provides a good starting point for diving deeply into the field."
    },
    {
        "Question": "What type of statement is the text?",
        "Answer": "An ironic or paradoxical statement."
    },
    {
        "Question": "What type of problem is being addressed by the hypothesis 'h'?",
        "Answer": "A regression problem."
    },
    {
        "Question": "What is y in the given diagram?",
        "Answer": "y represents the output of the function h."
    },
    {
        "Question": "What is often omitted in the equation for simplicity, and what should be kept in mind regarding this omission?",
        "Answer": "Explicit mention of \u03c6(x) is often omitted.  It should be kept in mind that a process is almost always needed to convert the actual input into its feature representation."
    },
    {
        "Question": "Is the provided text sufficient to fully describe a regression training dataset?",
        "Answer": "No, the provided text only states that a training dataset exists, but doesn't define its structure or contents beyond that."
    },
    {
        "Question": "What does the use of fraktur font (e.g., $\\mathfrak{n}$) suggest?",
        "Answer": "It might denote a parameter or variable that is an integer or a count."
    },
    {
        "Question": "What is the notation for output values?",
        "Answer": "y^(i)"
    },
    {
        "Question": "What is the codomain of the function $\\mathsf{h}$?",
        "Answer": "The codomain of $\\mathsf{h}$ is the set of real numbers, $\\mathbb{R}$."
    },
    {
        "Question": "What is a key characteristic of the quantities this framework predicts?",
        "Answer": "They are numerical."
    },
    {
        "Question": "What is the implication of the uncertainty about future testing data?",
        "Answer": "The need to assume a relationship between the training and testing data sets."
    },
    {
        "Question": "What represents the test of generalization in the analogy?",
        "Answer": "The exam questions."
    },
    {
        "Question": "What ensures the generalizability of a model trained on this data?",
        "Answer": "The independent sampling of training and testing data from the same probability distribution."
    },
    {
        "Question": "What is an example of the input and output used to illustrate the need for a loss function?",
        "Answer": "An input x and a desired output 'a', with a model prediction of 9."
    },
    {
        "Question": "What is the relationship between the training error, hypothesis h, and the training data $\\mathcal{D}_{\\mathfrak{n}}$?",
        "Answer": "The training error is calculated by averaging the loss of hypothesis h on the training data $\\mathcal{D}_{\\mathfrak{n}}$."
    },
    {
        "Question": "What is $\\mathfrak{n}$?",
        "Answer": "$\\mathfrak{n}$ represents the number of data points in the dataset."
    },
    {
        "Question": "What is the difference between training error and test error in the context of the text?",
        "Answer": "Training error assesses how well the model fits the training data, while test error assesses how well it generalizes to unseen data."
    },
    {
        "Question": "What is the range of the summation index $\\mathfrak{i}$?",
        "Answer": "The summation is over the indices from $\\mathfrak{n}+1$ to $\\mathfrak{n}+\\mathfrak{n^{\\prime}}$, indicating that it sums over the validation set examples."
    },
    {
        "Question": "What does the notation \"$n^{\\prime}$\" likely represent?",
        "Answer": "The number of new examples used for evaluation."
    },
    {
        "Question": "What will be considered later in addition to small training error?",
        "Answer": "Added criteria for selecting a hypothesis."
    },
    {
        "Question": "What is the core idea behind leveraging optimization in machine learning?",
        "Answer": "To translate the problem of finding a good hypothesis into a solvable optimization problem."
    },
    {
        "Question": "What is the purpose of writing down an objective function J(\u0398)?",
        "Answer": "To define the goal of the model, often in terms of parameters (\u0398)."
    },
    {
        "Question": "What happens to the parameters when evaluating the testing error?",
        "Answer": "They have been \"picked\"/\"fixed\"."
    },
    {
        "Question": "What is minimized in relation to the objective function and parameters \u0398?",
        "Answer": "The objective function is minimized."
    },
    {
        "Question": "What is the goal of the equation?",
        "Answer": "To find the value of \u0398 that yields the minimum value of the function [\u0398]."
    },
    {
        "Question": "Can a complete answer about common machine learning objectives be given based on the provided text?",
        "Answer": "No, the provided text is insufficient to answer the question about common machine learning objectives."
    },
    {
        "Question": "Is the choice of loss function arbitrary or does it have implications for the model?",
        "Answer": "It is not arbitrary; the choice influences the model and its performance within the specific domain."
    },
    {
        "Question": "How are the two outputs in binary classification often encoded?",
        "Answer": "As {-1, +1}."
    },
    {
        "Question": "What information is missing to fully understand the contrast?",
        "Answer": "A description of the contrasted output type."
    },
    {
        "Question": "What does the arrow notation  'x \u2192 h \u2192 y' signify?",
        "Answer": "It signifies that x is transformed by the function h to produce y."
    },
    {
        "Question": "What information is missing from the provided text to fully define the classification training data set?",
        "Answer": "The specific form of the training data set is not detailed."
    },
    {
        "Question": "What type of notation is used in the equation?",
        "Answer": "The notation combines calligraphic ($\\mathcal{D}$),  Fraktur ($\\mathfrak{n}$), and superscript notations to represent a dataset and its elements."
    },
    {
        "Question": "What does \u0177<sup>(i)</sup> represent?",
        "Answer": "The output generated by the learned hypothesis for input x<sup>(i)</sup>."
    },
    {
        "Question": "What characteristic of the data is assumed when building and evaluating a classifier?",
        "Answer": "The training and testing data are independently drawn from the same probability distribution."
    },
    {
        "Question": "What is used to define the training error of a classifier?",
        "Answer": "A training set ($\\mathbb{D}_{\\mathfrak{n}}$) and the classifier (h)."
    },
    {
        "Question": "What does the term  $\\left\\{1\\quad\\mathsf{h}({\\mathsf{x}}^{(\\mathrm{i})})\\neq\\mathfrak{y}^{(\\mathrm{i})}\\right.\\right.\\,$ represent?",
        "Answer": "It's an indicator function. It equals 1 if the hypothesis's prediction $\\mathsf{h}({\\mathsf{x}}^{(\\mathrm{i})})$ is different from the true label $\\mathfrak{y}^{(\\mathrm{i})}$, and 0 otherwise.  It essentially counts the misclassifications."
    },
    {
        "Question": "What is a key assumption in this approach?",
        "Answer": "That a classifier with small training error will also have small test error (good generalization)."
    },
    {
        "Question": "What does $\\{1\\quad\\mathsf{h}(\\mathfrak{x}^{(\\mathrm{i})})\\neq\\mathfrak{y}^{(\\mathrm{i)}}$ represent within the summation?",
        "Answer": "It's an indicator function.  It equals 1 if the hypothesis $\\mathbf{h}$ makes an incorrect prediction on the i-th test example ($\\mathsf{h}(\\mathfrak{x}^{(\\mathrm{i})})\\neq\\mathfrak{y}^{(\\mathrm{i)}}$), and 0 otherwise."
    },
    {
        "Question": "What does the evaluation on \"$\\mathfrak{n^{\\prime}}$ new examples\" reveal about the classifier?",
        "Answer": "It reveals the classifier's ability to generalize to unseen data and its robustness."
    },
    {
        "Question": "What type of classifiers are discussed in the provided text excerpt?",
        "Answer": "Linear logistic classifiers."
    },
    {
        "Question": "What is stated about the complexity of linear classifiers?",
        "Answer": "They are simple in a mathematical sense."
    },
    {
        "Question": "What is the relationship between \u03b8 and \u03b8\u2080 in defining the linear classifier?",
        "Answer": "\u03b8 is a vector of d parameters, and \u03b8\u2080 is a single scalar parameter, together they define the classifier."
    },
    {
        "Question": "What type of classifier is being discussed?",
        "Answer": "The provided text does not specify the type of classifier."
    },
    {
        "Question": "What is the output of h(x; \u03b8, \u03b8\u2080)?",
        "Answer": "The output is either +1 or -1, depending on the value of \u03b8\u1d40x + \u03b8\u2080."
    },
    {
        "Question": "What is the difference between the focus in this description and the focus in equation 2.3 (not provided in text)?",
        "Answer": "Instead of focusing on the hyperplane's values at specific points x, the focus is on the separator it induces."
    },
    {
        "Question": "What is the value of 'd' in the given example?",
        "Answer": "2"
    },
    {
        "Question": "What type of classifier is h?",
        "Answer": "A linear classifier."
    },
    {
        "Question": "What is the purpose of providing this diagram?",
        "Answer": "The purpose is not explicitly stated in the provided text."
    },
    {
        "Question": "What is the resulting value of \u03b8\u2080 after substituting the point [0,1]\u1d40?",
        "Answer": "\u03b8\u2080 = 1"
    },
    {
        "Question": "What is the negative half-space?",
        "Answer": "The negative half-space is the half-space on the opposite side of the normal vector."
    },
    {
        "Question": "Give an example of something that would *not* be considered a linearly separable dataset?",
        "Answer": "A dataset where data points with the same label are on both sides of any possible line."
    },
    {
        "Question": "What are the coordinates of point x^(2)?",
        "Answer": "x^(2) = [4; -1]"
    },
    {
        "Question": "What are the components of the input to the sign function in the calculation of h(x^(1);\u03b8,\u03b8\u2080)?",
        "Answer": "[-1 1.5] * [2+3] = [-1 1.5] * [5] = 3"
    },
    {
        "Question": "What is indicated about the values of x^(1) and x^(2)?",
        "Answer": "They are not explicitly defined, but their classifications indicate that they represent distinct categories."
    },
    {
        "Question": "What is the task implied by the question?",
        "Answer": "To identify and represent a specific vector."
    },
    {
        "Question": "What parameters are subject to change to achieve the desired classification reversal?",
        "Answer": "\u03b8 and \u03b8\u2080."
    },
    {
        "Question": "What is the relationship between the linear classifier and the training data?",
        "Answer": "The linear classifier optimizes an objective function relating its predictions to the training data."
    },
    {
        "Question": "What is the purpose of using the 0-1 loss function in this context?",
        "Answer": "It's used for classification."
    },
    {
        "Question": "What is the output of $\\mathcal{L}_{01}(\\mathbf{g},\\mathbf{a})$ when $\\mathbf{g}$ and $\\mathbf{a}$ are identical?",
        "Answer": "The output is 0."
    },
    {
        "Question": "What are \u03b8 and \u03b8\u2080 in the context of the text?",
        "Answer": "Values that need to be determined to minimize the 0-1 training error in simple linear classifiers."
    },
    {
        "Question": "What does $\\boldsymbol{\\theta}_{0}$ represent?",
        "Answer": "$\\boldsymbol{\\theta}_{0}$ represents the bias term in a linear classifier."
    },
    {
        "Question": "What is the main takeaway regarding the solvability of this problem?",
        "Answer": "Solving the most difficult instances likely requires exponential time, making it computationally expensive."
    },
    {
        "Question": "What kind of optimization problem is being discussed?",
        "Answer": "The text doesn't specify the type of optimization problem."
    },
    {
        "Question": "What does the notation $(\\theta^*, \\theta_0^*)$ represent?",
        "Answer": "$(\\theta^*, \\theta_0^*)$ represents the optimal parameter values."
    },
    {
        "Question": "What does the phrase \"too lazy to look it up\" imply?",
        "Answer": "It ironically suggests that the uncertainty isn't due to a lack of effort, but rather a fundamental limitation in current computing capabilities."
    },
    {
        "Question": "What is the main problem addressed in the text excerpt?",
        "Answer": "The difficulty of searching for a good hypothesis within a hypothesis class that produces many incorrect predictions."
    },
    {
        "Question": "What is the similarity between LLCs and linear classifiers in terms of parameterization?",
        "Answer": "Both are parameterized by a d-dimensional vector \u03b8 and a scalar \u03b8\u2080."
    },
    {
        "Question": "What does \u03b8\u2080 represent in the equation?",
        "Answer": "\u03b8\u2080 represents a bias term."
    },
    {
        "Question": "What type of response would the text likely elicit?",
        "Answer": "The text would likely elicit a response describing what is new or different."
    },
    {
        "Question": "Does the text give a mathematical formula for the logistic function?",
        "Answer": "No."
    },
    {
        "Question": "What is the range of the sigmoid function?",
        "Answer": "The range of the sigmoid function is (0, 1)."
    },
    {
        "Question": "What is the characteristic of the output values that allows them to be interpreted as probabilities?",
        "Answer": "They are all in the interval (0,1)."
    },
    {
        "Question": "For what value of z does \u03c3(z) = 0.5?",
        "Answer": "The provided text does not specify the function \u03c3, so this question cannot be answered."
    },
    {
        "Question": "What is the simplified case being considered in this explanation of LLCs?",
        "Answer": "d=1, meaning input points lie along the x-axis."
    },
    {
        "Question": "What is the subject of the study question?",
        "Answer": "The subject of the study question is identifying different plots, understanding what governs the steepness of the curves, and identifying what governs the x-value when the output is 0.5."
    },
    {
        "Question": "What is the codomain of a classifier, according to the text?",
        "Answer": "The codomain of a classifier is $\\{-1, +1\\}$ or some other discrete set."
    },
    {
        "Question": "What is the term for the value 0.5 in the given prediction rule?",
        "Answer": "Prediction threshold"
    },
    {
        "Question": "If the consequences of a false positive are more severe than a false negative, how would this affect the prediction threshold?",
        "Answer": "The prediction threshold would likely be set higher than 0.5."
    },
    {
        "Question": "What is the independent variable influencing the prediction in this scenario?",
        "Answer": "x"
    },
    {
        "Question": "What are the values of \u03b8 and \u03b8\u2080 in the given example?",
        "Answer": "\u03b8 = (1,1) and \u03b8\u2080 = 2."
    },
    {
        "Question": "How would the plot change if \u03b8 = (-1, -1) and \u03b8\u2080 = 2?",
        "Answer": "Similar to the previous question, the line would shift due to the altered parameters.  The specific shift relies on the original, unseen plot."
    },
    {
        "Question": "What is the purpose of defining a loss function in the context of LLCs?",
        "Answer": "To enable optimization of the classifier."
    },
    {
        "Question": "What is another way to interpret the hypothesis output?",
        "Answer": "The probability that the input is in class 1 or that the input is 'positive'."
    },
    {
        "Question": "If h(x) = 0.7, what is the probability that x belongs to class -1?",
        "Answer": "0.3"
    },
    {
        "Question": "What is the intuitive goal behind the loss function described?",
        "Answer": "To minimize loss by maximizing the probability of the correct class."
    },
    {
        "Question": "How can the assumption about the labels be achieved if the original data doesn't conform to this?",
        "Answer": "By transforming the data so that the labels fall into the set {0, 1}."
    },
    {
        "Question": "What does the equation for  $\\mathfrak{g}^{(\\mathfrak{i})}$ represent?",
        "Answer": "A guess, likely a probabilistic prediction of a class label, produced by a classifier."
    },
    {
        "Question": "What is the main message conveyed in the given text?",
        "Answer": "The correct format of yvalues is crucial for effective LLC training using NLL."
    },
    {
        "Question": "What does the text suggest about the size of the factors involved in the product?",
        "Answer": "The factors are described as \"a bunch\" indicating many factors, and the use of \"crazy huge\" implies they are large."
    },
    {
        "Question": "What is the overall nature of the expression?",
        "Answer": "It describes a conditional product; a product of terms that depends on a set of conditions (y\u207d\u2071\u207e = 1)."
    },
    {
        "Question": "What is the specific value range of $\\mathfrak{y}^{(\\mathrm{i})}$?",
        "Answer": "{0, 1}"
    },
    {
        "Question": "What are the exponents of g^(i) and (1-g^(i))?",
        "Answer": "The exponent of g^(i) is y^(i), and the exponent of (1-g^(i)) is 1-y^(i)."
    },
    {
        "Question": "What action does the study question prompt the reader to do?",
        "Answer": "Verify the equivalence of the two expressions."
    },
    {
        "Question": "What is the result of applying the logarithm to the big product?",
        "Answer": "A simplified expression that is easier to maximize."
    },
    {
        "Question": "What is the purpose of this expression in a machine learning context?",
        "Answer": "It's used to quantify the difference between predicted probabilities (g^(i)) and true labels (y^(i)), guiding the optimization process to improve model accuracy by minimizing this loss."
    },
    {
        "Question": "What is the significance of this transformation?",
        "Answer": "The text does not explain the significance of the transformation."
    },
    {
        "Question": "What is a common example of a loss function used in machine learning?",
        "Answer": "Mean Squared Error (MSE) is a common example of a loss function used in regression problems."
    },
    {
        "Question": "What is the overall purpose of calculating this sum?",
        "Answer": "To compute the total loss or error of the model across all data points, often used for training via gradient descent."
    },
    {
        "Question": "What is the purpose of a loss function like $\\mathcal{L}_{\\mathrm{nll}}$?",
        "Answer": "To quantify the difference between predicted and actual values, guiding model optimization."
    },
    {
        "Question": "What does minimizing $\\mathscr{L}_{\\mathrm{nll}}(\\mathrm{guess,actual})$ achieve?",
        "Answer": "It improves the accuracy of the binary classification model by making the predicted probability ('guess') closer to the actual label ('actual')."
    },
    {
        "Question": "What are the alternative names for this loss function?",
        "Answer": "Log loss and cross entropy."
    },
    {
        "Question": "What is being optimized in the objective function J<sub>lr</sub>?",
        "Answer": "Regularized negative log-likelihood."
    },
    {
        "Question": "How does the objective function for classifiers relate to the one used for regression?",
        "Answer": "It has the same structure, with an average loss term and a regularization term."
    },
    {
        "Question": "What is the tone of the text?",
        "Answer": "Informative and preparatory."
    },
    {
        "Question": "What alternative learning methods emerged in the mid-90s that offered advantages over neural networks at that time?",
        "Answer": "Support vector machines (SVMs) and kernel methods, which provided reliable learning with guaranteed convergence and no local optima."
    },
    {
        "Question": "Where will the discussion of advanced neural network architectures beyond the core feed-forward network be covered?",
        "Answer": "In later chapters."
    },
    {
        "Question": "What is the overall tone of the text?",
        "Answer": "Introductory."
    },
    {
        "Question": "What do the computing elements in View 2 learn?",
        "Answer": "Distributed representations."
    },
    {
        "Question": "What kind of neural networks are discussed in the text?",
        "Answer": "Non-linear neural networks."
    },
    {
        "Question": "What is a characteristic of the hypothesis class in View 1?",
        "Answer": "It is potentially very rich."
    },
    {
        "Question": "Is the increase in the number readily observable?",
        "Answer": "Yes, it can be seen on arxiv.org."
    },
    {
        "Question": "What kind of domains are involved in the applications described in View 3?",
        "Answer": "Very complex domains."
    },
    {
        "Question": "Do the techniques discussed accurately reflect biological learning processes in brains?",
        "Answer": "No."
    },
    {
        "Question": "What is the provided text missing that would allow for a more complete description of a neuron?",
        "Answer": "A visual representation/picture."
    },
    {
        "Question": "Who is performing the research?",
        "Answer": "Some prominent researchers."
    },
    {
        "Question": "What is the role of the activation function?",
        "Answer": "To introduce non-linearity;  it maps the weighted sum of inputs to the neuron's output.  It can be the identity function (resulting in a linear neuron) or any other differentiable function."
    },
    {
        "Question": "Can we determine the type of neuron based on the provided text?",
        "Answer": "No, the text provides no information about the type of neuron."
    },
    {
        "Question": "What does w<sub>0</sub> represent in the equation?",
        "Answer": "w<sub>0</sub> represents a bias term."
    },
    {
        "Question": "What kind of data is used for training?",
        "Answer": "A dataset of input-output pairs $\\{(\\mathbf{x}^{(1)},\\mathbf{y}^{(1)}),\\dots,(\\mathbf{x}^{(\\mathfrak{n})},\\mathbf{y}^{(\\mathfrak{n})})\\}$."
    },
    {
        "Question": "What is the overall purpose of this equation?",
        "Answer": "The equation defines a cost function to be minimized during the training of a neural network, likely using gradient descent or a similar optimization algorithm."
    },
    {
        "Question": "Is the output a single value or multiple values?",
        "Answer": "A single value."
    },
    {
        "Question": "What type of loss function is used with linear logistic classifiers?",
        "Answer": "Negative Log-Likelihood (NLL) loss."
    },
    {
        "Question": "For what is the gradient descent update derived?",
        "Answer": "The weights (w and w0) of a single neuron."
    },
    {
        "Question": "How is the function computed by a feed-forward network described?",
        "Answer": "As a composition of the functions computed by individual neurons."
    },
    {
        "Question": "What is the relationship between the input and the units within a layer, in a fully connected layer?",
        "Answer": "In a fully connected layer, each input is connected to every unit within the layer."
    },
    {
        "Question": "What is the purpose of the regularization term in this cost function?",
        "Answer": "To prevent overfitting by adding a penalty to large weights, improving the model's generalization to unseen data."
    },
    {
        "Question": "What is the overall meaning of the statement \"we end up with an update of the form\"?",
        "Answer": "A modification or revision to an existing form has been completed."
    },
    {
        "Question": "What does $\\nabla_{\\boldsymbol{W}}\\mathcal{L}(\\mathbf{N}\\mathbf{N}(\\boldsymbol{x}^{(\\mathrm{i})}),\\boldsymbol{y}^{(\\mathrm{i})};\\boldsymbol{W}_{\\mathrm{t}-1})$ represent?",
        "Answer": "The gradient of the loss function $\\mathcal{L}$ with respect to the weights $\\boldsymbol{W}$ at time step t-1, evaluated at the input $\\mathbf{N}\\mathbf{N}(\\boldsymbol{x}^{(\\mathrm{i})})$ and target $\\boldsymbol{y}^{(\\mathrm{i})}$."
    },
    {
        "Question": "What happens after the decaying step?",
        "Answer": "A gradient step is taken."
    },
    {
        "Question": "When is the noise added to the training data?",
        "Answer": "Before each gradient computation."
    },
    {
        "Question": "What is a benefit of using dropout?",
        "Answer": "Dropout increases the robustness of the network to data perturbations."
    },
    {
        "Question": "What is the probability that a given unit will be temporarily set to 0 during training?",
        "Answer": "p"
    },
    {
        "Question": "How does a zero activation value affect the backpropagation process in relation to weight updates?",
        "Answer": "A zero activation value effectively stops the flow of error signals back to the weights of that unit during backpropagation.  Therefore, no weight update occurs."
    },
    {
        "Question": "What is $\\mathfrak{p}$ in this context?",
        "Answer": "A scaling factor used to adjust the weights for consistent activation levels."
    },
    {
        "Question": "What type of objects are $\\mathbf{a}^{\\ell}$, $\\mathbf{f}(z^{\\ell})$, and $\\mathbf{d}^{\\ell}$?",
        "Answer": "They are vectors; $\\mathbf{a}^{\\ell}$ and $\\mathbf{d}^{\\ell}$ are likely real-valued vectors, and $\\mathbf{f}(z^{\\ell})$ represents a vector-valued function of $z^{\\ell}$."
    },
    {
        "Question": "What changes to the algorithm are needed because of the backwards pass's dependency?",
        "Answer": "No further changes are needed."
    },
    {
        "Question": "What is the purpose of experimenting with different values of $\\mathfrak{p}$?",
        "Answer": "To achieve good results on a given problem and data."
    },
    {
        "Question": "Give an example of how changing input distribution impacts learning.",
        "Answer": "If the magnitude of inputs to a layer increases over time, the weights might have to decrease simply to maintain the same predictions, adding complexity to the learning process."
    },
    {
        "Question": "Where is batch normalization applied in the modular view, in relation to the weight matrix and activation function?",
        "Answer": "After the input is multiplied by the weight matrix ($W^{[l]}$) and before it is passed to the activation function ($f^l$)."
    },
    {
        "Question": "How does the regularizing effect of batch normalization work?",
        "Answer": "Each mini-batch is mildly perturbed, preventing the network from exploiting specific data point values."
    },
    {
        "Question": "What is the current practice regarding the placement of batch normalization relative to activation functions?",
        "Answer": "Applying it before the activation function is followed, although applying it afterward has shown to be slightly better in some instances."
    },
    {
        "Question": "How do convolutional layers work in a CNN?",
        "Answer": "They apply filters (kernels) to the input data to extract features."
    },
    {
        "Question": "Why is it beneficial to build prior knowledge into a neural network's structure?",
        "Answer": "It improves efficiency and reduces the amount of data required for effective learning."
    },
    {
        "Question": "What type of signal processing problem will be addressed in a later chapter?",
        "Answer": "Temporal problems."
    },
    {
        "Question": "What is the task of the neural network in this scenario?",
        "Answer": "To classify images as containing a cat (positive) or not containing a cat (negative)."
    },
    {
        "Question": "What is the overall tone of the text?",
        "Answer": "Informative and declarative."
    },
    {
        "Question": "How does translation invariance simplify cat detection?",
        "Answer": "Translation invariance allows for the use of a single cat pattern template regardless of the cat's location in the image, simplifying the detection algorithm."
    },
    {
        "Question": "What is the overall goal mentioned in the text?",
        "Answer": "To design neural network structures that take advantage of certain properties."
    },
    {
        "Question": "What does the example of \"cat-ness\" illustrate?",
        "Answer": "A simplified example of image recognition and the avoidance of inefficient processing methods."
    },
    {
        "Question": "If a cat is on the left of an image, how does its appearance compare to if it were on the right?",
        "Answer": "According to the text, there's no difference in the cat's appearance."
    },
    {
        "Question": "What type of data does an image filter process?",
        "Answer": "Pixel values."
    },
    {
        "Question": "What is the ultimate result of applying the filter to the image?",
        "Answer": "A new image (produced by aggregating the dot product outputs)."
    },
    {
        "Question": "What is the equation or method used to specify pixel i of the output image?",
        "Answer": "The provided text does not give the specific equation or method.  It only states that pixel i of the output image is specified."
    },
    {
        "Question": "What are $X_{i-1}$ and $X_i$?",
        "Answer": "$X_{i-1}$ and $X_i$ represent the inputs to the function $\\mathsf{F}$.  Their specific nature is not defined in the given equation."
    },
    {
        "Question": "What is the purpose of the padding process in image convolution?",
        "Answer": "To maintain the output image's dimension."
    },
    {
        "Question": "Where can one find a more detailed discussion on the difference between convolution and correlation and the conventions used in the literature?",
        "Answer": "Section 9.1 of the Deep Learning book (link provided in the text)."
    },
    {
        "Question": "What is the result of convolving the first image with filter F\u2082?",
        "Answer": "The third image, where each output pixel corresponds to the result when the center of F\u2082 is aligned with the corresponding input pixel."
    },
    {
        "Question": "What is the significance of identifying isolated positive pixels using F\u2082?",
        "Answer": "Identifying isolated positive pixels can be crucial for various image processing tasks, such as noise reduction or feature extraction."
    },
    {
        "Question": "What is given as an example of a filter as a temporal process?",
        "Answer": "Moving averages"
    },
    {
        "Question": "Can filters be referred to as convolutional kernels?",
        "Answer": "Yes."
    },
    {
        "Question": "What method did computer vision researchers previously use to create filter banks?",
        "Answer": "Hand-designing."
    },
    {
        "Question": "To what dimensions of the image cube do the second group of filters apply?",
        "Answer": "Sub-ranges of row and column indices, and all channels."
    },
    {
        "Question": "What is the main point of the provided text regarding tensors?",
        "Answer": "3D chunks of data are called tensors, and their algebra is similar to matrix algebra, but won't be detailed further."
    },
    {
        "Question": "What are the dimensions of the final output image after applying the second layer filter?",
        "Answer": "n x n"
    },
    {
        "Question": "What is the purpose of neural-network software packages like TensorFlow and PyTorch?",
        "Answer": "To make operations on tensors easy."
    },
    {
        "Question": "What is the significance of the '3' in the ${\\mathfrak{n}}\\times{\\mathfrak{n}}\\times3$ tensor representation?",
        "Answer": "It represents the three color channels (typically red, green, and blue)."
    },
    {
        "Question": "How will the weights of the neural network be trained?",
        "Answer": "Using gradient descent."
    },
    {
        "Question": "What information is missing from the provided text to fully understand the definition?",
        "Answer": "The actual definition itself."
    },
    {
        "Question": "What are the dimensions of the input tensor before padding?",
        "Answer": "$\\mathsf{n}^{\\mathrm{1-1}}\\times\\mathsf{n}^{\\mathrm{1-1}}\\times\\mathsf{m}^{\\mathrm{1-1}}$"
    },
    {
        "Question": "What is the analogy used to describe max pooling's functionality?",
        "Answer": "It's compared to a ReLU function in a fully connected network."
    }
]