[
  {
    "Question": "What is regression in the context of machine learning?",
    "Answer": "Regression is an important machine-learning problem."
  },
  {
    "Question": "Why is regression a good starting point for learning machine learning?",
    "Answer": "It provides a good starting point for diving deeply into the field."
  },
  {
    "Question": "What is stated about the importance of regression in machine learning?",
    "Answer": "Regression is an important machine-learning problem."
  },
  {
    "Question": "What is said about the role of regression in machine learning education?",
    "Answer": "Regression provides a good starting point for diving deeply into the field."
  },
  {
    "Question": "What does \"regression\" commonly mean?",
    "Answer": "Moving backwards."
  },
  {
    "Question": "What is the author's point about regression in the given context?",
    "Answer": "That it represents forward progress, despite its common meaning."
  },
  {
    "Question": "What is the contrast highlighted in the text?",
    "Answer": "The common understanding of regression versus its meaning in a specific context."
  },
  {
    "Question": "What type of statement is the text?",
    "Answer": "An ironic or paradoxical statement."
  },
  {
    "Question": "What is the purpose of hypothesis 'h' in the given context?",
    "Answer": "Hypothesis 'h' is used as a model to solve the regression problem, mapping inputs 'x' to outputs '\u0177'."
  },
  {
    "Question": "What does 'x' represent in the given context?",
    "Answer": "'x' represents the inputs to the regression model."
  },
  {
    "Question": "What does '\u0177' represent in the given context?",
    "Answer": "'\u0177' represents the outputs predicted by the regression model."
  },
  {
    "Question": "What type of problem is being addressed by the hypothesis 'h'?",
    "Answer": "A regression problem."
  },
  {
    "Question": "What does the diagram represent?",
    "Answer": "A transformation of input x into output y through a function h."
  },
  {
    "Question": "What is the role of 'h' in the diagram?",
    "Answer": "'h' represents a function that maps input x to output y."
  },
  {
    "Question": "What is x in the given diagram?",
    "Answer": "x represents the input to the function h."
  },
  {
    "Question": "What is y in the given diagram?",
    "Answer": "y represents the output of the function h."
  },
  {
    "Question": "What is the data type of x and y in the given equation?",
    "Answer": "x is a length d column vector of real numbers (\u2208 \u211d\u1d48), and y is a real number (\u2208 \u211d)."
  },
  {
    "Question": "What is the issue with directly applying the equation to real-world data like songs or images?",
    "Answer": "Real-world data is not typically represented as vectors of real numbers.  A transformation function \u03c6(x) is needed to map the input (song, image, person) into a feature vector in \u211d\u1d48."
  },
  {
    "Question": "What does the function \u03c6(x) represent in the context of the equation?",
    "Answer": "\u03c6(x) represents a feature vector derived from the input x, where the features could be things like a person's height or the amount of bass in a song."
  },
  {
    "Question": "What is often omitted in the equation for simplicity, and what should be kept in mind regarding this omission?",
    "Answer": "Explicit mention of \u03c6(x) is often omitted.  It should be kept in mind that a process is almost always needed to convert the actual input into its feature representation."
  },
  {
    "Question": "What type of learning problem is regression?",
    "Answer": "A supervised learning problem."
  },
  {
    "Question": "What is provided in a regression training dataset?",
    "Answer": "A training dataset of a specific form (not fully specified in the provided text)."
  },
  {
    "Question": "What is the goal of regression (implicitly)?",
    "Answer": "To predict a continuous target variable based on input features."
  },
  {
    "Question": "Is the provided text sufficient to fully describe a regression training dataset?",
    "Answer": "No, the provided text only states that a training dataset exists, but doesn't define its structure or contents beyond that."
  },
  {
    "Question": "What does $\\mathcal{D}_{\\mathfrak{n}}$ represent?",
    "Answer": "A dataset with n data points."
  },
  {
    "Question": "What do $x^{(i)}$ and $\\mathfrak{y}^{(i)}$ represent?",
    "Answer": "The i-th input and output data point, respectively."
  },
  {
    "Question": "What does the notation suggest about the nature of the data?",
    "Answer": "The data is likely to be used in a machine learning context, perhaps for supervised learning."
  },
  {
    "Question": "What does the use of fraktur font (e.g., $\\mathfrak{n}$) suggest?",
    "Answer": "It might denote a parameter or variable that is an integer or a count."
  },
  {
    "Question": "What does the text describe?",
    "Answer": "The text describes examples of input values (x^(i)) and their associated output values (y^(i)), where y^(i) are real-valued."
  },
  {
    "Question": "What is the form of the hypotheses mentioned in the text?",
    "Answer": "The hypotheses have a form that accommodates real-valued outputs."
  },
  {
    "Question": "What is the notation for input values?",
    "Answer": "x^(i)"
  },
  {
    "Question": "What is the notation for output values?",
    "Answer": "y^(i)"
  },
  {
    "Question": "What does the notation  $\\mathbb{R}^{\\mathbf{d}}$ represent?",
    "Answer": "It represents a d-dimensional real vector space."
  },
  {
    "Question": "What does the notation $\\mathbb{R}$ represent?",
    "Answer": "It represents the set of real numbers."
  },
  {
    "Question": "What type of object is $\\mathsf{h}$?",
    "Answer": "$\\mathsf{h}$ is a function."
  },
  {
    "Question": "What is the codomain of the function $\\mathsf{h}$?",
    "Answer": "The codomain of $\\mathsf{h}$ is the set of real numbers, $\\mathbb{R}$."
  },
  {
    "Question": "What type of prediction is best suited for the described framework?",
    "Answer": "Predicting a numerical quantity."
  },
  {
    "Question": "What are some examples of numerical quantities that could be predicted using this framework?",
    "Answer": "Height and stock value."
  },
  {
    "Question": "What is the framework not ideal for?",
    "Answer": "Dividing inputs into discrete categories."
  },
  {
    "Question": "What is a key characteristic of the quantities this framework predicts?",
    "Answer": "They are numerical."
  },
  {
    "Question": "What is the key characteristic of a useful hypothesis?",
    "Answer": "That it makes accurate predictions on new, unseen data."
  },
  {
    "Question": "Why is it difficult to definitively assess a hypothesis's usefulness?",
    "Answer": "Because we don't know the specific future data it will be tested against."
  },
  {
    "Question": "What assumption is typically made to connect training and testing data for hypothesis evaluation?",
    "Answer": "That there is a connection between the training data and testing data."
  },
  {
    "Question": "What is the implication of the uncertainty about future testing data?",
    "Answer": "The need to assume a relationship between the training and testing data sets."
  },
  {
    "Question": "What analogy is being used to explain generalization?",
    "Answer": "The analogy of problem sets and exams."
  },
  {
    "Question": "How are students' generalization abilities evaluated in the analogy?",
    "Answer": "By including exam questions that differ from the homework questions."
  },
  {
    "Question": "What represents the \"training set\" in the analogy?",
    "Answer": "The homework assignments."
  },
  {
    "Question": "What represents the test of generalization in the analogy?",
    "Answer": "The exam questions."
  },
  {
    "Question": "What is the relationship between the training and testing data?",
    "Answer": "They are drawn independently from the same probability distribution."
  },
  {
    "Question": "Are the training and testing datasets related in any way?",
    "Answer": "Yes, they are both drawn from the same probability distribution."
  },
  {
    "Question": "How are the training and testing datasets selected?",
    "Answer": "Independently from the same probability distribution."
  },
  {
    "Question": "What ensures the generalizability of a model trained on this data?",
    "Answer": "The independent sampling of training and testing data from the same probability distribution."
  },
  {
    "Question": "What is the purpose of providing a loss function in this discussion?",
    "Answer": "To quantify the unhappiness or error when a model's predicted output differs from the desired output."
  },
  {
    "Question": "What does the loss function measure in relation to the model's prediction?",
    "Answer": "It measures how unhappy the model is when its prediction (e.g., 9) is different from the actual desired output (e.g., a)."
  },
  {
    "Question": "What is the context in which a loss function is being introduced?",
    "Answer": "A discussion about making the discussion more concrete by quantifying the error in a model's prediction."
  },
  {
    "Question": "What is an example of the input and output used to illustrate the need for a loss function?",
    "Answer": "An input x and a desired output 'a', with a model prediction of 9."
  },
  {
    "Question": "What is the training error of a hypothesis h?",
    "Answer": "The average loss on the training data."
  },
  {
    "Question": "What is denoted by  $\\mathcal{D}_{\\mathfrak{n}}$?",
    "Answer": "The training set."
  },
  {
    "Question": "What represents the parameters of hypothesis h?",
    "Answer": "$\\Theta_{.}$"
  },
  {
    "Question": "What is the relationship between the training error, hypothesis h, and the training data $\\mathcal{D}_{\\mathfrak{n}}$?",
    "Answer": "The training error is calculated by averaging the loss of hypothesis h on the training data $\\mathcal{D}_{\\mathfrak{n}}$."
  },
  {
    "Question": "What does the equation represent?",
    "Answer": "The equation represents the empirical risk or loss function, averaged over a dataset of size $\\mathfrak{n}$."
  },
  {
    "Question": "What does $\\mathcal{L}$ represent?",
    "Answer": "$\\mathcal{L}$ represents the loss function, measuring the difference between the predicted value $\\mathbf{h}(\\mathbf{x}^{(\\mathfrak{i})};\\Theta)$ and the true value $\\mathfrak{y}^{(\\mathfrak{i})}$."
  },
  {
    "Question": "What does $\\mathbf{h}(\\mathbf{x}^{(\\mathfrak{i})};\\Theta)$ represent?",
    "Answer": "$\\mathbf{h}(\\mathbf{x}^{(\\mathfrak{i})};\\Theta)$ represents the prediction made by the model for input $\\mathbf{x}^{(\\mathfrak{i})}$ with parameters $\\Theta$."
  },
  {
    "Question": "What is $\\mathfrak{n}$?",
    "Answer": "$\\mathfrak{n}$ represents the number of data points in the dataset."
  },
  {
    "Question": "What does the training error of h tell us?",
    "Answer": "It gives some idea of how well h characterizes the relationship between x and y values in the data."
  },
  {
    "Question": "What is the primary concern regarding model performance, rather than training error?",
    "Answer": "Test error."
  },
  {
    "Question": "Is training error the most important measure of a model's performance?",
    "Answer": "No, test error is more important."
  },
  {
    "Question": "What is the difference between training error and test error in the context of the text?",
    "Answer": "Training error assesses how well the model fits the training data, while test error assesses how well it generalizes to unseen data."
  },
  {
    "Question": "What does the equation represent?",
    "Answer": "The equation represents the empirical risk of a hypothesis h, calculated as the average loss over a validation set."
  },
  {
    "Question": "What does  $\\mathcal{L}(\\mathfrak{h}(\\mathfrak{x}^{(\\mathfrak{i})}),\\mathfrak{y}^{(\\mathfrak{i})})$ represent?",
    "Answer": "It represents the loss function applied to the prediction of the hypothesis h on the i-th example $\\mathfrak{x}^{(\\mathfrak{i})}$ compared to its true label $\\mathfrak{y}^{(\\mathfrak{i})}$."
  },
  {
    "Question": "What is the meaning of $\\mathfrak{n}$ and $\\mathfrak{n^{\\prime}}$?",
    "Answer": "$\\mathfrak{n}$ represents the size of the training set, and $\\mathfrak{n^{\\prime}}$ represents the size of the validation set."
  },
  {
    "Question": "What is the range of the summation index $\\mathfrak{i}$?",
    "Answer": "The summation is over the indices from $\\mathfrak{n}+1$ to $\\mathfrak{n}+\\mathfrak{n^{\\prime}}$, indicating that it sums over the validation set examples."
  },
  {
    "Question": "What is the context of the phrase \"$n^{\\prime}$ new examples\"?",
    "Answer": "The phrase refers to a set of examples used to evaluate a hypothesis, distinct from the examples used to generate the hypothesis."
  },
  {
    "Question": "What is the significance of these \"$n^{\\prime}$ new examples\" not being used in hypothesis generation?",
    "Answer": "Using unseen examples ensures an unbiased evaluation of the hypothesis's generalization ability."
  },
  {
    "Question": "What is the purpose of evaluating the hypothesis on these new examples?",
    "Answer": "To assess the hypothesis's performance on unseen data and determine its generalization capabilities."
  },
  {
    "Question": "What does the notation \"$n^{\\prime}$\" likely represent?",
    "Answer": "The number of new examples used for evaluation."
  },
  {
    "Question": "What is the initial goal in finding a hypothesis?",
    "Answer": "To find a hypothesis with small training error."
  },
  {
    "Question": "What is a secondary goal in selecting a hypothesis?",
    "Answer": "To ensure the hypothesis generalizes well to new data (small test error)."
  },
  {
    "Question": "What is meant by \"generalizes well to new data\"?",
    "Answer": "The hypothesis performs well on unseen data, having a small test error."
  },
  {
    "Question": "What will be considered later in addition to small training error?",
    "Answer": "Added criteria for selecting a hypothesis."
  },
  {
    "Question": "What is a general approach to finding a good hypothesis in machine learning given data, a loss function, and a hypothesis class?",
    "Answer": "Framing the machine learning problem as an optimization problem."
  },
  {
    "Question": "Why is framing the machine learning problem as an optimization problem advantageous?",
    "Answer": "Because there is a rich area of math and algorithms dedicated to solving optimization problems, along with readily available software implementations."
  },
  {
    "Question": "What benefit do existing optimization methods offer to machine learning?",
    "Answer": "They provide pre-existing, efficient methods and software for solving the optimization problem, saving work."
  },
  {
    "Question": "What is the core idea behind leveraging optimization in machine learning?",
    "Answer": "To translate the problem of finding a good hypothesis into a solvable optimization problem."
  },
  {
    "Question": "What is represented by J(\u0398)?",
    "Answer": "The objective function, where \u0398 represents all parameters in the model."
  },
  {
    "Question": "What does \u0398 stand for in the context of the given text?",
    "Answer": "All the parameters in the model."
  },
  {
    "Question": "What does J(\u0398;D) clarify?",
    "Answer": "The dependence of the objective function on the data D."
  },
  {
    "Question": "What is the purpose of writing down an objective function J(\u0398)?",
    "Answer": "To define the goal of the model, often in terms of parameters (\u0398)."
  },
  {
    "Question": "What is a key difference between the training error and the testing error highlighted in the text?",
    "Answer": "In the testing error, the parameters are fixed, unlike in the training error where they are variables."
  },
  {
    "Question": "What is suggested as a useful exercise regarding the two errors mentioned?",
    "Answer": "To stare at the two errors and consider their differences."
  },
  {
    "Question": "What symbol is mentioned as no longer being a variable in the testing error?",
    "Answer": "\u0398 (Theta)"
  },
  {
    "Question": "What happens to the parameters when evaluating the testing error?",
    "Answer": "They have been \"picked\"/\"fixed\"."
  },
  {
    "Question": "What does the objective function describe?",
    "Answer": "The objective function describes how we feel about possible hypotheses \u0398."
  },
  {
    "Question": "What is the goal when dealing with the objective function and parameters \u0398?",
    "Answer": "The goal is to find values for parameters \u0398 that minimize the objective function."
  },
  {
    "Question": "What is represented by \u0398?",
    "Answer": "\u0398 represents possible hypotheses."
  },
  {
    "Question": "What is minimized in relation to the objective function and parameters \u0398?",
    "Answer": "The objective function is minimized."
  },
  {
    "Question": "What is the equation shown?",
    "Answer": "The equation shows the minimization of a function with respect to the variable \u0398."
  },
  {
    "Question": "What does \u0398* represent?",
    "Answer": "\u0398* represents the value of \u0398 that minimizes the expression [\u0398]."
  },
  {
    "Question": "What does arg min represent?",
    "Answer": "arg min represents the argument (or value of the variable) that minimizes the expression that follows."
  },
  {
    "Question": "What is the goal of the equation?",
    "Answer": "To find the value of \u0398 that yields the minimum value of the function [\u0398]."
  },
  {
    "Question": "What is a common form for a machine-learning objective?",
    "Answer": "The provided text does not specify a common form for a machine-learning objective."
  },
  {
    "Question": "Does the text give an example of a machine learning objective?",
    "Answer": "No, the text only states that a common form exists."
  },
  {
    "Question": "What information is missing from the provided text regarding machine-learning objectives?",
    "Answer": "The text is missing the actual common form of the machine-learning objective."
  },
  {
    "Question": "Can a complete answer about common machine learning objectives be given based on the provided text?",
    "Answer": "No, the provided text is insufficient to answer the question about common machine learning objectives."
  },
  {
    "Question": "What is the purpose of a loss function in machine learning?",
    "Answer": "To evaluate the quality of a hypothesis's predictions compared to the target values in a dataset."
  },
  {
    "Question": "What is the typical loss function used for regression problems when no additional information is available?",
    "Answer": "Squared loss."
  },
  {
    "Question": "What aspect of modeling does the choice of loss function relate to?",
    "Answer": "Modeling the specific domain."
  },
  {
    "Question": "Is the choice of loss function arbitrary or does it have implications for the model?",
    "Answer": "It is not arbitrary; the choice influences the model and its performance within the specific domain."
  }
]