[
  {
    "Question": "What does CNN stand for in the context of neural networks?",
    "Answer": "Convolutional Neural Networks."
  },
  {
    "Question": "What is a common application of Convolutional Neural Networks?",
    "Answer": "Image recognition and processing."
  },
  {
    "Question": "What is a key feature of CNNs that makes them well-suited for image data?",
    "Answer": "Their use of convolutional layers to detect features at different scales."
  },
  {
    "Question": "How do convolutional layers work in a CNN?",
    "Answer": "They apply filters (kernels) to the input data to extract features."
  },
  {
    "Question": "What type of neural network is described in the text?",
    "Answer": "Fully connected neural networks, where all units in one layer connect to all units in the next."
  },
  {
    "Question": "When are fully connected networks a good choice?",
    "Answer": "When there's no prior knowledge about the input-output mapping the network needs to learn."
  },
  {
    "Question": "What is an advantage of incorporating prior knowledge into a neural network's structure?",
    "Answer": "It can save computation time and reduce the training data needed for robust generalization."
  },
  {
    "Question": "Why is it beneficial to build prior knowledge into a neural network's structure?",
    "Answer": "It improves efficiency and reduces the amount of data required for effective learning."
  },
  {
    "Question": "What is one major application area of neural networks where they've seen significant success recently?",
    "Answer": "Signal processing."
  },
  {
    "Question": "What are two examples of types of signals mentioned in the text?",
    "Answer": "Spatial signals (like images) and temporal signals (like speech)."
  },
  {
    "Question": "What type of signal processing problem will the chapter primarily focus on?",
    "Answer": "Two-dimensional spatial problems (images), using one-dimensional problems as simpler examples."
  },
  {
    "Question": "What type of signal processing problem will be addressed in a later chapter?",
    "Answer": "Temporal problems."
  },
  {
    "Question": "What is the input to the neural network?",
    "Answer": "An image represented as a two-dimensional array of pixels, each with three integer values (red, green, blue intensity levels)."
  },
  {
    "Question": "What is the output of the neural network?",
    "Answer": "A classification: positive if the image contains a cat, negative otherwise."
  },
  {
    "Question": "How are the pixel values represented in the input image?",
    "Answer": "As three integer values for each pixel, encoding the intensity levels of red, green, and blue color channels."
  },
  {
    "Question": "What is the task of the neural network in this scenario?",
    "Answer": "To classify images as containing a cat (positive) or not containing a cat (negative)."
  },
  {
    "Question": "What is the subject of the provided text?",
    "Answer": "Two important pieces of prior structural knowledge relevant to a problem."
  },
  {
    "Question": "What is mentioned about the prior structural knowledge?",
    "Answer": "It can be used to help solve a problem."
  },
  {
    "Question": "How many pieces of prior structural knowledge are mentioned?",
    "Answer": "Two."
  },
  {
    "Question": "What is the overall tone of the text?",
    "Answer": "Informative and declarative."
  },
  {
    "Question": "What is spatial locality in the context of cat detection in an image?",
    "Answer": "Spatial locality refers to the principle that the pixels relevant to identifying a cat will be clustered together in the image."
  },
  {
    "Question": "What is translation invariance in the context of cat detection?",
    "Answer": "Translation invariance means the visual pattern representing a cat remains consistent regardless of its position within the image."
  },
  {
    "Question": "How does spatial locality impact the search for a cat in an image?",
    "Answer": "Spatial locality reduces the search space by focusing on neighboring pixels, making the detection process more efficient."
  },
  {
    "Question": "How does translation invariance simplify cat detection?",
    "Answer": "Translation invariance allows for the use of a single cat pattern template regardless of the cat's location in the image, simplifying the detection algorithm."
  },
  {
    "Question": "What will be designed?",
    "Answer": "Neural network structures."
  },
  {
    "Question": "What will these neural network structures do?",
    "Answer": "Take advantage of certain properties."
  },
  {
    "Question": "What properties are mentioned?",
    "Answer": "The text doesn't specify the properties."
  },
  {
    "Question": "What is the overall goal mentioned in the text?",
    "Answer": "To design neural network structures that take advantage of certain properties."
  },
  {
    "Question": "What is the text referring to in terms of image processing?",
    "Answer": "Avoiding the need to analyze specific pixel combinations to determine an image's content (e.g., whether it depicts a cat)."
  },
  {
    "Question": "What concept is implied by the phrase \"some combination of pixels in the four corners of the image\"?",
    "Answer": "The idea of needing to check specific locations or features within an image for object recognition."
  },
  {
    "Question": "What does the text suggest is unnecessary for determining \"cat-ness\"?",
    "Answer": "Checking pixel combinations in the corners of the image."
  },
  {
    "Question": "What does the example of \"cat-ness\" illustrate?",
    "Answer": "A simplified example of image recognition and the avoidance of inefficient processing methods."
  },
  {
    "Question": "What is a characteristic of cats in images, according to the text?",
    "Answer": "Cats look the same regardless of whether they are on the left or right side of the image."
  },
  {
    "Question": "Does the text suggest a difference in how cats appear depending on image placement?",
    "Answer": "No, the text explicitly states that cats look the same on either side."
  },
  {
    "Question": "What is the main point conveyed about the visual representation of cats?",
    "Answer": "Their appearance is not affected by their position (left or right) within an image."
  },
  {
    "Question": "If a cat is on the left of an image, how does its appearance compare to if it were on the right?",
    "Answer": "According to the text, there's no difference in the cat's appearance."
  },
  {
    "Question": "What is an image filter?",
    "Answer": "An image filter is a function that takes in a local spatial neighborhood of pixel values and detects the presence of some pattern in that data."
  },
  {
    "Question": "What is the input for an image filter?",
    "Answer": "A local spatial neighborhood of pixel values."
  },
  {
    "Question": "What does an image filter detect?",
    "Answer": "The presence of some pattern in the input data."
  },
  {
    "Question": "What type of data does an image filter process?",
    "Answer": "Pixel values."
  },
  {
    "Question": "What is the dimensionality of the \"image\" being considered in the example?",
    "Answer": "1-dimensional."
  },
  {
    "Question": "What is the size of the filter (F) used in the example?",
    "Answer": "Two."
  },
  {
    "Question": "What is the operation performed between the filter and the image at each step?",
    "Answer": "Dot product."
  },
  {
    "Question": "What is the ultimate result of applying the filter to the image?",
    "Answer": "A new image (produced by aggregating the dot product outputs)."
  },
  {
    "Question": "What is X in the given context?",
    "Answer": "X is the original image."
  },
  {
    "Question": "What is the size of the original image X?",
    "Answer": "The size of the original image X is denoted by d."
  },
  {
    "Question": "What does pixel i refer to?",
    "Answer": "Pixel i refers to a pixel in the output image."
  },
  {
    "Question": "What is the equation or method used to specify pixel i of the output image?",
    "Answer": "The provided text does not give the specific equation or method.  It only states that pixel i of the output image is specified."
  },
  {
    "Question": "What does the equation  $\\Upsilon_{\\mathrm{i}}=\\mathsf{F}\\cdot(X_{\\mathrm{i-1}},X_{\\mathrm{i}})$ represent?",
    "Answer": "The equation represents a function $\\mathsf{F}$ that takes two inputs, $X_{i-1}$ and $X_i$, and produces an output $\\Upsilon_i$."
  },
  {
    "Question": "What is the meaning of the subscript 'i' in the equation?",
    "Answer": "The subscript 'i' likely represents an index or iteration, suggesting a sequence or series of calculations where each $\\Upsilon_i$ depends on $X_{i-1}$ and $X_i$."
  },
  {
    "Question": "What type of mathematical object is $\\mathsf{F}$?",
    "Answer": "$\\mathsf{F}$ represents a function.  The specific type of function (e.g., linear, nonlinear, etc.) is not specified by the given equation."
  },
  {
    "Question": "What are $X_{i-1}$ and $X_i$?",
    "Answer": "$X_{i-1}$ and $X_i$ represent the inputs to the function $\\mathsf{F}$.  Their specific nature is not defined in the given equation."
  },
  {
    "Question": "What is done to the input image to ensure the output image maintains the same dimension?",
    "Answer": "The input image is padded with 0 values."
  },
  {
    "Question": "What is the process of applying a filter to an image to create a new image called?",
    "Answer": "Convolution."
  },
  {
    "Question": "Why is padding with 0 values necessary?",
    "Answer": "To access pixels beyond the input image's bounds when applying the filter."
  },
  {
    "Question": "What is the purpose of the padding process in image convolution?",
    "Answer": "To maintain the output image's dimension."
  },
  {
    "Question": "What is the difference between convolution and correlation in signal processing?",
    "Answer": "Correlation and convolution are distinct operations.  However, in neural network literature, correlation is often referred to as convolution."
  },
  {
    "Question": "Why is the difference between convolution and correlation not significant in neural networks?",
    "Answer": "If convolution is needed, the neural network can learn the necessary weights to achieve the desired result."
  },
  {
    "Question": "What operation do most neural network libraries implement and what do they call it?",
    "Answer": "Most libraries implement correlation, but call it convolution."
  },
  {
    "Question": "Where can one find a more detailed discussion on the difference between convolution and correlation and the conventions used in the literature?",
    "Answer": "Section 9.1 of the Deep Learning book (link provided in the text)."
  },
  {
    "Question": "What is the result of convolving the first image with filter F\u2081?",
    "Answer": "The second image, which highlights left edges in the original image."
  },
  {
    "Question": "How does filter F\u2081 detect left edges?",
    "Answer": "By identifying positions in the output image where a '1' exists, which correspond to specific patterns in the input image indicative of a left edge."
  },
  {
    "Question": "What is filter F\u2082?",
    "Answer": "F\u2082 is the filter (-1, +1, -1)."
  },
  {
    "Question": "What is the result of convolving the first image with filter F\u2082?",
    "Answer": "The third image, where each output pixel corresponds to the result when the center of F\u2082 is aligned with the corresponding input pixel."
  },
  {
    "Question": "What is the purpose of filter F\u2082 in the context of binary image processing?",
    "Answer": "Filter F\u2082 acts as a detector for isolated positive pixels within a binary image."
  },
  {
    "Question": "What kind of pixels does filter F\u2082 identify?",
    "Answer": "Filter F\u2082 identifies isolated positive pixels; those that are surrounded by negative pixels."
  },
  {
    "Question": "How does filter F\u2082 work in relation to the binary image?",
    "Answer": "Filter F\u2082 likely operates by analyzing the neighborhood of each pixel to determine if it's a positive pixel surrounded only by negative pixels."
  },
  {
    "Question": "What is the significance of identifying isolated positive pixels using F\u2082?",
    "Answer": "Identifying isolated positive pixels can be crucial for various image processing tasks, such as noise reduction or feature extraction."
  },
  {
    "Question": "What is one meaning of \"filter\" in AI/ML/CS/Math besides the one described in the text?",
    "Answer": "A temporal process, such as a moving average."
  },
  {
    "Question": "What is another meaning of \"filter\" in AI/ML/CS/Math besides the one described in the text?",
    "Answer": "A somewhat esoteric algebraic structure."
  },
  {
    "Question": "Besides the primary meaning discussed, how many additional uses of the word \"filter\" are mentioned in the text?",
    "Answer": "Two"
  },
  {
    "Question": "What is given as an example of a filter as a temporal process?",
    "Answer": "Moving averages"
  },
  {
    "Question": "What is another name for filters?",
    "Answer": "Convolutional kernels."
  },
  {
    "Question": "What are convolutional kernels?",
    "Answer": "They are also sometimes called filters."
  },
  {
    "Question": "Are filters and convolutional kernels interchangeable terms?",
    "Answer": "Yes, they are sometimes used interchangeably."
  },
  {
    "Question": "Can filters be referred to as convolutional kernels?",
    "Answer": "Yes."
  },
  {
    "Question": "What type of filters are thought to be present in the mammalian visual cortex?",
    "Answer": "Two-dimensional filters."
  },
  {
    "Question": "What is a filter bank?",
    "Answer": "A set of sets of filters."
  },
  {
    "Question": "Where do similar patterns to the filters in the visual cortex arise from?",
    "Answer": "Statistical analysis of natural images."
  },
  {
    "Question": "What method did computer vision researchers previously use to create filter banks?",
    "Answer": "Hand-designing."
  },
  {
    "Question": "What is the result of applying k filters from the first group to the original image?",
    "Answer": "k new images, called channels."
  },
  {
    "Question": "How are the resulting channels arranged after applying the first group of filters?",
    "Answer": "They are stacked to form a cube of data, indexed by row, column, and channel."
  },
  {
    "Question": "What is the dimensionality of the filters in the second group?",
    "Answer": "Three-dimensional."
  },
  {
    "Question": "To what dimensions of the image cube do the second group of filters apply?",
    "Answer": "Sub-ranges of row and column indices, and all channels."
  },
  {
    "Question": "What are 3D chunks of data called?",
    "Answer": "Tensors."
  },
  {
    "Question": "What is the algebra of tensors like?",
    "Answer": "It's fun and a lot like matrix algebra."
  },
  {
    "Question": "Will the text go into detail about tensor algebra?",
    "Answer": "No."
  },
  {
    "Question": "What is the main point of the provided text regarding tensors?",
    "Answer": "3D chunks of data are called tensors, and their algebra is similar to matrix algebra, but won't be detailed further."
  },
  {
    "Question": "What are the dimensions of the two filters used in the first layer?",
    "Answer": "Both filters, f\u2081 and f\u2082, are 3x3."
  },
  {
    "Question": "What is the dimensionality of the output tensor after applying the first layer filters to an n x n input image?",
    "Answer": "n x n x 2"
  },
  {
    "Question": "What does the second layer filter \"look for\"?",
    "Answer": "A combination of two horizontal and two vertical bars, initially represented as individual pixels in the two channels from the first layer."
  },
  {
    "Question": "What are the dimensions of the final output image after applying the second layer filter?",
    "Answer": "n x n"
  },
  {
    "Question": "What are two examples of useful neural-network software packages?",
    "Answer": "TensorFlow and PyTorch."
  },
  {
    "Question": "What do TensorFlow and PyTorch make easy?",
    "Answer": "Operations on tensors."
  },
  {
    "Question": "What kind of data structures are tensors?",
    "Answer": "The text doesn't explicitly state what kind of data structures tensors are."
  },
  {
    "Question": "What is the purpose of neural-network software packages like TensorFlow and PyTorch?",
    "Answer": "To make operations on tensors easy."
  },
  {
    "Question": "How many channels does a color image have?",
    "Answer": "Three."
  },
  {
    "Question": "What is a color image represented as?",
    "Answer": "An ${\\mathfrak{n}}\\times{\\mathfrak{n}}\\times3$ tensor."
  },
  {
    "Question": "What does n represent in the tensor representation of a color image?",
    "Answer": "The dimensions of the image (n x n pixels)."
  },
  {
    "Question": "What is the significance of the '3' in the ${\\mathfrak{n}}\\times{\\mathfrak{n}}\\times3$ tensor representation?",
    "Answer": "It represents the three color channels (typically red, green, and blue)."
  },
  {
    "Question": "What will each \"bank\" of the filter bank correspond to in the neural network design?",
    "Answer": "Each bank will correspond to a neural-network layer."
  },
  {
    "Question": "What will the numbers in the individual filters represent in the neural network?",
    "Answer": "The numbers will be the weights (plus a bias) of the network, trained using gradient descent."
  },
  {
    "Question": "What is a key characteristic of the weight usage in these neural networks, and what are its implications?",
    "Answer": "Weight sharing; the same weights are used many times, allowing for transformation of large images with relatively few parameters, but requiring careful training consideration."
  },
  {
    "Question": "How will the weights of the neural network be trained?",
    "Answer": "Using gradient descent."
  },
  {
    "Question": "What is being defined?",
    "Answer": "A filter layer."
  },
  {
    "Question": "How is the filter layer being defined?",
    "Answer": "Informally."
  },
  {
    "Question": "What is the stated purpose of the definition?",
    "Answer": "To define a filter layer."
  },
  {
    "Question": "What information is missing from the provided text to fully understand the definition?",
    "Answer": "The actual definition itself."
  },
  {
    "Question": "What is the size of a single filter in the described convolutional layer?",
    "Answer": "$\\mathsf{k}^{\\mathsf{l}}\\times\\mathsf{k}^{\\mathsf{l}}\\times\\mathsf{m}^{\\mathsf{l}-1}$ plus 1 bias value."
  },
  {
    "Question": "What is the effect of stride on the resulting image size?",
    "Answer": "A larger stride (e.g., 2) results in a smaller output image; a stride of 1 produces an output image of roughly the same size as the input."
  },
  {
    "Question": "What is the purpose of padding in a convolutional layer?",
    "Answer": "Padding adds extra pixels (typically with a value of 0) around the edges of the input to control the output size and prevent information loss at the borders."
  },
  {
    "Question": "What are the dimensions of the input tensor before padding?",
    "Answer": "$\\mathsf{n}^{\\mathrm{1-1}}\\times\\mathsf{n}^{\\mathrm{1-1}}\\times\\mathsf{m}^{\\mathrm{1-1}}$"
  },
  {
    "Question": "What is max pooling?",
    "Answer": "Max pooling is a layer type that performs aggregation, operating like a filter without weights, returning the maximum value within its field."
  },
  {
    "Question": "How does max pooling function?",
    "Answer": "It functions like a filter with a defined filter size, selecting the maximum value within that field."
  },
  {
    "Question": "What is a key characteristic of max pooling compared to filter layers?",
    "Answer": "Unlike filter layers, max pooling has no weights, making it purely functional."
  },
  {
    "Question": "What is the analogy used to describe max pooling's functionality?",
    "Answer": "It's compared to a ReLU function in a fully connected network."
  }
]