[
  {
    "Question": "What is the main challenge addressed in the text?",
    "Answer": "Finding the optimal \u0398* that minimizes the objective function J(\u0398), especially when analytical optimization is not feasible."
  },
  {
    "Question": "Why might analytical optimization be infeasible?",
    "Answer": "Due to a complex loss function, general regularization forms, or an excessively large dataset making matrix inversion computationally impractical."
  },
  {
    "Question": "What was discussed in the previous chapter?",
    "Answer": "How to describe an interesting objective function for machine learning."
  },
  {
    "Question": "What is \u0398*?",
    "Answer": "The optimal value of \u0398 that minimizes the objective function J(\u0398)."
  },
  {
    "Question": "What is the primary optimization method discussed in the text?",
    "Answer": "Gradient descent."
  },
  {
    "Question": "What is said about the existing literature on optimization's mathematical and algorithmic foundations?",
    "Answer": "It is described as enormous and fascinating."
  },
  {
    "Question": "What is the nature of the gradient descent method in relation to other optimization methods?",
    "Answer": "It is described as one of the simplest methods."
  },
  {
    "Question": "What is the focus of the class concerning optimization methods?",
    "Answer": "One of the simplest methods, gradient descent."
  },
  {
    "Question": "What is J(\u0398) visualized as in one or two dimensions?",
    "Answer": "A surface over \u0398."
  },
  {
    "Question": "What is the objective in relation to the surface J(\u0398)?",
    "Answer": "To find the \u0398 value at the lowest point on the surface."
  },
  {
    "Question": "How does gradient descent work in this context?",
    "Answer": "It iteratively takes small steps in the direction of steepest descent on the surface J(\u0398) to find the minimum."
  },
  {
    "Question": "What is the \"direction of steepest descent\" in the context of gradient descent?",
    "Answer": "The direction in which the \"hill\" (surface J(\u0398)) goes down most steeply."
  },
  {
    "Question": "What are the main topics covered in Sections 3.1 and 3.2?",
    "Answer": "Gradient descent algorithms for one and multidimensional objective functions."
  },
  {
    "Question": "What is discussed in Section 3.3?",
    "Answer": "The application of gradient descent to a loss function other than mean squared loss."
  },
  {
    "Question": "What is the focus of Section 3.4?",
    "Answer": "Stochastic gradient descent and its usefulness for large datasets."
  },
  {
    "Question": "What is a key characteristic of stochastic gradient descent mentioned in the text?",
    "Answer": "It's especially useful when datasets are too large for descent in a single batch and has unique behaviors."
  },
  {
    "Question": "What is the text suggesting?",
    "Answer": "The text is suggesting that the reader should consider studying something in the future."
  },
  {
    "Question": "What is the tone of the text?",
    "Answer": "The tone of the text is encouraging and suggestive."
  },
  {
    "Question": "What is missing from the text to make it a complete sentence?",
    "Answer": "The text is missing a subject and a predicate to make it a complete sentence (e.g., \"This is something which you should consider studying some day!\")."
  },
  {
    "Question": "What is the implied meaning of \"some day\"?",
    "Answer": "\"Some day\" implies that the suggested studying is not urgent but should be considered at some point in the future."
  },
  {
    "Question": "What is the context of the provided text?",
    "Answer": "The text describes gradient descent in one dimension, focusing on its pseudo-code and the necessary hyperparameters."
  },
  {
    "Question": "What are the key variables involved in the gradient descent algorithm described?",
    "Answer": "The key variables are \u0398 (the parameter), J(\u0398) (the function to minimize), J'(\u0398) (its derivative), \u03b7 (the step size), and \u03f5 (the accuracy parameter)."
  },
  {
    "Question": "What is the role of the hyperparameters \u03b7 and \u03f5 in the algorithm?",
    "Answer": "\u03b7 (step size) determines the size of the steps taken towards the minimum, while \u03f5 (accuracy) defines the threshold for convergence, determining when the algorithm stops."
  },
  {
    "Question": "What is the assumption made about the function J(\u0398)?",
    "Answer": "The text assumes that both J(\u0398) and its first derivative with respect to \u0398, J'(\u0398), are known."
  },
  {
    "Question": "What is the hyper-parameter $\\boldsymbol\\upeta$ often called when gradient descent is used in machine learning?",
    "Answer": "It is often called the learning rate."
  },
  {
    "Question": "In the provided text, how is $\\boldsymbol\\upeta$ treated for simplicity?",
    "Answer": "For simplicity, $\\boldsymbol\\upeta$ is treated as a constant."
  },
  {
    "Question": "Does the magnitude of the change to $\\Theta$ remain constant even when $\\boldsymbol\\upeta$ is constant? Why or why not?",
    "Answer": "No, because the change to $\\Theta$ also depends on the magnitude of the gradient itself."
  },
  {
    "Question": "What is mentioned about the use of  adaptive step-sizes in relation to  $\\boldsymbol\\upeta$?",
    "Answer": "The text mentions that adaptive (non-constant) step-sizes will be discussed later."
  },
  {
    "Question": "What is the initial value assigned to \u0398 in the 1D-Gradient Descent algorithm?",
    "Answer": "\u0398<sub>init</sub>"
  },
  {
    "Question": "What does the variable '\u03b7' represent in the algorithm?",
    "Answer": "The learning rate."
  },
  {
    "Question": "What is the stopping criterion for the algorithm?",
    "Answer": "The algorithm stops when the absolute difference between f(\u0398<sup>(t)</sup>) and f(\u0398<sup>(t-1)</sup>) is less than \u03b5."
  },
  {
    "Question": "What value does the algorithm return?",
    "Answer": "\u0398<sup>(t)</sup>"
  },
  {
    "Question": "What is the primary condition for algorithm termination in the provided text?",
    "Answer": "The algorithm terminates when the change in the function f is sufficiently small."
  },
  {
    "Question": "What is mentioned as the method of algorithm termination?",
    "Answer": "The change in the function f being sufficiently small."
  },
  {
    "Question": "Besides the primary condition, are there other ways to determine algorithm termination?",
    "Answer": "Yes, the text explicitly states there are many other reasonable ways."
  },
  {
    "Question": "What is the nature of the alternative termination methods mentioned in the text?",
    "Answer": "They are left undefined, only stated to exist as \"many other reasonable ways\"."
  },
  {
    "Question": "What are the three stopping criteria mentioned for an iterative process?",
    "Answer": "Stop after a fixed number of iterations (T), stop when the change in the parameter \u0398 is sufficiently small (|\u0398^(t) - \u0398^(t-1)| < \u03b5), and stop when the derivative f'(\u0398^(t)) is sufficiently small (|f'(\u0398^(t))| < \u03b5)."
  },
  {
    "Question": "What condition determines the stopping criterion based on the parameter \u0398?",
    "Answer": "The iterative process stops when the absolute difference between the parameter \u0398 at the current iteration (t) and the previous iteration (t-1) is less than a predefined small value \u03b5."
  },
  {
    "Question": "How does the derivative of the function f affect the stopping condition?",
    "Answer": "The process stops when the absolute value of the derivative of the function f evaluated at the latest value of the parameter \u0398 is less than a predefined small value \u03b5."
  },
  {
    "Question": "What is the simplest stopping criterion described?",
    "Answer": "Stopping after a fixed number of iterations (T)."
  },
  {
    "Question": "What are the potential stopping criteria for 1D-Gradient Descent?",
    "Answer": "The provided text doesn't explicitly list the stopping criteria, only mentioning that they exist both within the algorithm and separately."
  },
  {
    "Question": "Does the text explain how different stopping criteria relate to each other?",
    "Answer": "No, the text only poses the question of how different stopping criteria might relate but doesn't provide any answers."
  },
  {
    "Question": "What is the focus of the study question regarding 1D-Gradient Descent?",
    "Answer": "The focus is on analyzing and comparing different stopping criteria for the algorithm."
  },
  {
    "Question": "What type of optimization algorithm is being discussed?",
    "Answer": "1D-Gradient Descent."
  },
  {
    "Question": "What condition must the step size \u03b7 satisfy for gradient descent to reach a point within \u02dc\u03f5 of a global optimum?",
    "Answer": "The step size \u03b7 must be sufficiently small."
  },
  {
    "Question": "What properties must the function f possess for the theorem to hold?",
    "Answer": "The function f must have a minimum, be sufficiently \"smooth,\" and be convex."
  },
  {
    "Question": "What does the theorem state about gradient descent?",
    "Answer": "Gradient descent will reach a point within a small distance \u02dc\u03f5 of a global optimum point \u0398, given certain conditions on f and \u03b7."
  },
  {
    "Question": "What is \u02dc\u03f5 in the context of the theorem?",
    "Answer": "\u02dc\u03f5 represents any small distance greater than 0."
  },
  {
    "Question": "What is a potential consequence of choosing an inappropriate step size in an iterative process?",
    "Answer": "Slow convergence, non-converging oscillation around the minimum, or divergence."
  },
  {
    "Question": "What must be considered when selecting a step size for an iterative process?",
    "Answer": "The risk of slow convergence, oscillation, or divergence."
  },
  {
    "Question": "What are the undesirable outcomes that improper step size selection can lead to?",
    "Answer": "Slow convergence, non-converging oscillation around the minimum, or divergence."
  },
  {
    "Question": "Why is careful step size selection important in iterative processes?",
    "Answer": "To prevent slow convergence, non-converging oscillation, and divergence."
  },
  {
    "Question": "What is the function being minimized in the plot?",
    "Answer": "f(x) = (x - 2)\u00b2"
  },
  {
    "Question": "What is the initial value of x in the gradient descent algorithm?",
    "Answer": "x_init = 4.0"
  },
  {
    "Question": "What is the step size used in the gradient descent algorithm?",
    "Answer": "1/2"
  },
  {
    "Question": "What characteristic of the function and algorithm is highlighted as \"very well-behaved\"?",
    "Answer": "The convergence of the gradient descent on the convex function."
  },
  {
    "Question": "What is a convex function?",
    "Answer": "A function where the line segment between any two points on its graph lies above or on the graph."
  },
  {
    "Question": "If the line segment between two points on a function's graph lies below the graph, is the function convex?",
    "Answer": "No."
  },
  {
    "Question": "Where must the line segment connecting two points lie for a function to be considered convex?",
    "Answer": "Above or on the graph of the function."
  },
  {
    "Question": "What geometric property defines a convex function?",
    "Answer": "The line segment between any two points on its graph lies above or on the graph."
  },
  {
    "Question": "What happens when \u03b7 is very small in the provided example?",
    "Answer": "The answer depends on the context of the example which was not provided.  More information is needed to answer this question."
  },
  {
    "Question": "What happens when \u03b7 is very large in the provided example?",
    "Answer": "The answer depends on the context of the example which was not provided. More information is needed to answer this question."
  },
  {
    "Question": "What is \u03b7 in the context of the unprovided example?",
    "Answer": "The provided text does not define \u03b7, therefore its meaning and function cannot be determined."
  },
  {
    "Question": "Can the effect of different values of \u03b7 be determined without the example?",
    "Answer": "No, the effect of different values of \u03b7 cannot be determined without the example that defines its role and function within a specific context."
  },
  {
    "Question": "What is the expected outcome of gradient descent on a non-convex function?",
    "Answer": "Gradient descent will get very close to a point with a zero gradient, but not necessarily a global minimum."
  },
  {
    "Question": "What condition is assumed about the non-convex function for this behavior?",
    "Answer": "The function is sufficiently smooth."
  },
  {
    "Question": "What is a key limitation of gradient descent on non-convex functions?",
    "Answer": "It does not guarantee convergence to a global minimum."
  },
  {
    "Question": "What is the role of step size in the described behavior of gradient descent?",
    "Answer": "A sufficiently small step size is required for the gradient descent to approach a zero-gradient point."
  },
  {
    "Question": "What does the plot depict?",
    "Answer": "The plot shows how gradient descent, starting from two different initial points ($x_{init}$), converges to two different local optimum points."
  },
  {
    "Question": "How many initial points are shown in the plot?",
    "Answer": "Two."
  },
  {
    "Question": "What is the algorithm illustrated in the plot?",
    "Answer": "Gradient descent."
  },
  {
    "Question": "What is the outcome of the gradient descent process based on the plot?",
    "Answer": "Convergence to different local optimum points depending on the starting point."
  },
  {
    "Question": "What is the only change mentioned regarding the algorithm?",
    "Answer": "The update step in line 5."
  },
  {
    "Question": "What aspect of the algorithm is modified?",
    "Answer": "The update step."
  },
  {
    "Question": "Where specifically is the modification located?",
    "Answer": "In line 5."
  },
  {
    "Question": "Is the algorithm otherwise unchanged?",
    "Answer": "Yes."
  },
  {
    "Question": "What does the equation represent?",
    "Answer": "The equation represents a single step of an iterative optimization algorithm, likely gradient descent."
  },
  {
    "Question": "What does  \u0398 represent?",
    "Answer": "\u0398 represents the parameters of a model being optimized."
  },
  {
    "Question": "What does \u03b7 represent?",
    "Answer": "\u03b7 represents the learning rate, a hyperparameter controlling the step size in the optimization."
  },
  {
    "Question": "What does \u2207<sub>\u0398</sub>f(\u0398<sup>(t-1)</sup>) represent?",
    "Answer": "\u2207<sub>\u0398</sub>f(\u0398<sup>(t-1)</sup>) represents the gradient of the loss function f with respect to the parameters \u0398 at iteration t-1."
  },
  {
    "Question": "What is the termination criterion mentioned in the text?",
    "Answer": "|f(\u0398^(t)) - f\u0304(\u0398^(t-1))| < \u03b5"
  },
  {
    "Question": "What is  \u0398 in the context of the given text?",
    "Answer": "\u0398 represents a parameter vector."
  },
  {
    "Question": "What is the advantage of the given termination criterion?",
    "Answer": "It's sensible regardless of the dimensionality of \u0398."
  },
  {
    "Question": "What does \u03b5 represent in the termination criterion?",
    "Answer": "A small positive value representing a tolerance threshold."
  },
  {
    "Question": "What is the study question asking?",
    "Answer": "The study question asks which termination criteria, from a one-dimensional case, were defined with the assumption that \u0398 is one-dimensional."
  },
  {
    "Question": "What is the key concept the question revolves around?",
    "Answer": "The key concept is the dependence of termination criteria on the dimensionality of \u0398."
  },
  {
    "Question": "What specific aspect of the termination criteria is being investigated?",
    "Answer": "The question investigates how the definition of the termination criteria assumes or relies on the one-dimensional nature of \u0398."
  },
  {
    "Question": "What type of problem is being discussed?",
    "Answer": "A one-dimensional problem where termination criteria are defined in relation to the dimensionality of \u0398."
  },
  {
    "Question": "What is the first step in formulating a machine-learning problem as an optimization problem?",
    "Answer": "Choosing a loss function."
  },
  {
    "Question": "What loss function was studied for regression in the previous chapter?",
    "Answer": "Mean square loss."
  },
  {
    "Question": "How does mean square loss capture loss?",
    "Answer": "As (guess - actual)\u00b2"
  },
  {
    "Question": "What objective does the mean square loss lead to in regression?",
    "Answer": "The ordinary least squares objective."
  },
  {
    "Question": "What does the equation represent?",
    "Answer": "The equation represents the cost function J(\u03b8) for linear regression, calculating the mean squared error between predicted values (\u03b8\u1d40x\u207d\u2071\u207e) and actual values (y\u207d\u2071\u207e)."
  },
  {
    "Question": "What does \u03b8 represent?",
    "Answer": "\u03b8 represents the vector of model parameters (weights) in the linear regression model."
  },
  {
    "Question": "What does x\u207d\u2071\u207e represent?",
    "Answer": "x\u207d\u2071\u207e represents the i-th input feature vector."
  },
  {
    "Question": "What does y\u207d\u2071\u207e represent?",
    "Answer": "y\u207d\u2071\u207e represents the i-th actual output value."
  },
  {
    "Question": "What is used to update parameters in the context provided?",
    "Answer": "The gradient of the objective with respect to the parameters."
  },
  {
    "Question": "What does the gradient represent in this context?",
    "Answer": "The direction of the steepest ascent of the objective function."
  },
  {
    "Question": "What is the objective in relation to the gradient?",
    "Answer": "The objective is a function whose parameters are being updated using its gradient."
  },
  {
    "Question": "With respect to what are the parameters' gradients calculated?",
    "Answer": "The objective function."
  },
  {
    "Question": "What is the expression for the gradient of the cost function J with respect to \u03b8?",
    "Answer": "The gradient is given by (2/n) * \ud835\udc4b\u0303\u1d40 * (\ud835\udc4b\u0303\u03b8 - \ud835\udc4c\u0303)."
  },
  {
    "Question": "What do the dimensions of \ud835\udc4b\u0303 represent?",
    "Answer": "\ud835\udc4b\u0303 is a d x n matrix."
  },
  {
    "Question": "What do the dimensions of \u03b8 represent?",
    "Answer": "\u03b8 is a n x 1 vector."
  },
  {
    "Question": "What are the dimensions of the resulting gradient \u2207\u03b8J?",
    "Answer": "The gradient \u2207\u03b8J is a d x 1 vector."
  },
  {
    "Question": "What is one method to solve the linear regression problem analytically?",
    "Answer": "Obtaining an analytical solution."
  },
  {
    "Question": "Besides analytical solutions, what numerical method can be used to solve the linear regression problem?",
    "Answer": "Gradient descent."
  },
  {
    "Question": "What is mentioned in the text regarding gradient descent?",
    "Answer": "It can be applied to numerically compute a solution using an update rule."
  },
  {
    "Question": "What is the update rule used for in the context of gradient descent?",
    "Answer": "To numerically compute a solution to the linear regression problem."
  },
  {
    "Question": "What does the equation represent?",
    "Answer": "The equation represents a gradient descent update rule for linear regression."
  },
  {
    "Question": "What is  $\\boldsymbol{\\theta}^{(\\mathrm{t})}$?",
    "Answer": "$\\boldsymbol{\\theta}^{(\\mathrm{t})}$ represents the model's parameter vector at iteration t."
  },
  {
    "Question": "What is $\\boldsymbol{\\eta}$?",
    "Answer": "$\\boldsymbol{\\eta}$ represents the learning rate."
  },
  {
    "Question": "What is the meaning of the summation term?",
    "Answer": "The summation term calculates the average gradient of the loss function with respect to the parameters."
  },
  {
    "Question": "What does [\u03b8] represent in the given text?",
    "Answer": "The transpose of the vector \u03b8."
  },
  {
    "Question": "What is the warning in the given text?",
    "Answer": "Beware double superscripts."
  },
  {
    "Question": "What is the meaning of the notation '[\u03b8]' in this context?",
    "Answer": "It signifies the transpose of the vector \u03b8."
  },
  {
    "Question": "What potential issue is highlighted regarding mathematical notation?",
    "Answer": "The problematic use of double superscripts."
  },
  {
    "Question": "What is the purpose of adding a regularization term to the ridge regression objective?",
    "Answer": "To prevent overfitting."
  },
  {
    "Question": "What type of regularization is used in ridge regression?",
    "Answer": "L2 regularization."
  },
  {
    "Question": "What is the objective function in ridge regression?",
    "Answer": "The original objective function plus a regularization term."
  },
  {
    "Question": "What does the regularization term in ridge regression aim to minimize?",
    "Answer": "The magnitude of the model's coefficients."
  },
  {
    "Question": "What is the equation representing?",
    "Answer": "The equation represents the cost function for ridge regression."
  },
  {
    "Question": "What does  $\\mathfrak{n}$ represent?",
    "Answer": "$\\mathfrak{n}$ represents the number of data points."
  },
  {
    "Question": "What does $\\lambda$ represent?",
    "Answer": "$\\lambda$ represents the regularization parameter in ridge regression."
  },
  {
    "Question": "What is the purpose of the term $\\lambda\\|\\theta\\|^{2}$?",
    "Answer": "The term $\\lambda\\|\\theta\\|^{2}$ is a regularization term that penalizes large values of the parameters $\\theta$, preventing overfitting."
  },
  {
    "Question": "How is the intercept term \u03b8\u2080 handled differently in ridge regression compared to ordinary least squares?",
    "Answer": "In ordinary least squares, \u03b8\u2080 is handled by adding a dimension of all 1s. In ridge regression, \u03b8\u2080 is separated from the parameter vector \u03b8."
  },
  {
    "Question": "What is the definition of the parameter set \u0398 in ridge regression in terms of \u03b8 and \u03b8\u2080?",
    "Answer": "\u0398 = (\u03b8, \u03b8\u2080)"
  },
  {
    "Question": "Why is separating \u03b8 and \u03b8\u2080 necessary in ridge regression?",
    "Answer": "The text states it's a requirement for the general-purpose gradient descent method used."
  },
  {
    "Question": "What is the approach taken to find the gradients in the context of ridge regression and the parameter set \u0398?",
    "Answer": "The gradients are found separately for \u03b8 and \u03b8\u2080."
  },
  {
    "Question": "What is the gradient of the ridge regression cost function with respect to \u0398?",
    "Answer": "(2/n) * \u03a3\u1d62\u208c\u2081\u207f [(\u0398\u1d40x\u207d\u2071\u207e + \u0398\u2080 - \u0177\u207d\u2071\u207e)x\u207d\u2071\u207e] + 2\u03bb\u0398"
  },
  {
    "Question": "What is the partial derivative of the ridge regression cost function with respect to \u0398\u2080?",
    "Answer": "(2/n) * \u03a3\u1d62\u208c\u2081\u207f (\u0398\u1d40x\u207d\u2071\u207e + \u0398\u2080 - \u0177\u207d\u2071\u207e)"
  },
  {
    "Question": "What does  'n' represent in the given equations?",
    "Answer": "The number of data points."
  },
  {
    "Question": "What does \u03bb represent in the equation for the gradient with respect to \u0398?",
    "Answer": "The regularization parameter."
  },
  {
    "Question": "What is recommended for computing matrix derivatives?",
    "Answer": "Computing the partial derivative of J with respect to each component  \u03b8\u1d62 of \u03b8."
  },
  {
    "Question": "What resource is suggested for further information on matrix derivatives?",
    "Answer": "Appendix A on matrix derivatives."
  },
  {
    "Question": "What is mentioned as being helpful for understanding the text?",
    "Answer": "Some passing familiarity with matrix derivatives."
  },
  {
    "Question": "What is a foolproof way described for computing matrix derivatives?",
    "Answer": "Computing the partial derivative of J with respect to each component \u03b8\u1d62 of \u03b8."
  },
  {
    "Question": "What is the shape of  \u2207\u03b8 Jridge?",
    "Answer": "d x 1"
  },
  {
    "Question": "What is the shape of \u2202Jridge/\u2202\u03b80?",
    "Answer": "Scalar"
  },
  {
    "Question": "Why is \u03b80 separated from \u03b8?",
    "Answer": "The provided text does not explain why \u03b80 is separated from \u03b8."
  },
  {
    "Question": "What does Jridge represent?",
    "Answer": "The provided text does not define Jridge."
  },
  {
    "Question": "What algorithm is being described in the provided text?",
    "Answer": "Gradient descent for ridge regression."
  },
  {
    "Question": "What is the text primarily focused on?",
    "Answer": "A combined or complete algorithm."
  },
  {
    "Question": "What is the subject of the described algorithm?",
    "Answer": "Ridge regression."
  },
  {
    "Question": "What does the phrase \"Putting everything together\" suggest about the text's content?",
    "Answer": "It's a synthesis or culmination of previously discussed components."
  }
]