[
  {
    "Question": "What is the text primarily about?",
    "Answer": "The text introduces the topic of neural networks and mentions prerequisite machine learning concepts."
  },
  {
    "Question": "What concepts are mentioned as prerequisites for understanding neural networks?",
    "Answer": "Hypothesis classes, classification, regression, gradient descent, and regularization."
  },
  {
    "Question": "What is the reader likely assumed to already know before reading this text?",
    "Answer": "The reader is assumed to have knowledge of several fundamental machine learning concepts."
  },
  {
    "Question": "What is the tone of the text?",
    "Answer": "Informative and preparatory."
  },
  {
    "Question": "What is considered the foundational model for the \"third wave\" of neural networks?",
    "Answer": "The 1943 neuron model of McCulloch and Pitts, along with Hebb's learning ideas."
  },
  {
    "Question": "What was a significant limitation of early neural networks that led to a decline in interest?",
    "Answer": "The lack of effective methods to train non-linear functions from data."
  },
  {
    "Question": "What technique revived interest in neural networks in the 1980s?",
    "Answer": "Back-propagation, a method for implementing gradient descent."
  },
  {
    "Question": "What alternative learning methods emerged in the mid-90s that offered advantages over neural networks at that time?",
    "Answer": "Support vector machines (SVMs) and kernel methods, which provided reliable learning with guaranteed convergence and no local optima."
  },
  {
    "Question": "What factors contributed to the resurgence of neural networks after a period of focus on Support Vector Machines (SVMs)?",
    "Answer": "Increased data availability, advancements in computation power, and continued research by several groups."
  },
  {
    "Question": "What is the primary type of neural network that will be studied initially?",
    "Answer": "Feed-forward networks with back-propagation training."
  },
  {
    "Question": "Why aren't all variations of neural networks discussed in the text?",
    "Answer": "The sheer number of variations makes a complete survey impractical."
  },
  {
    "Question": "Where will the discussion of advanced neural network architectures beyond the core feed-forward network be covered?",
    "Answer": "In later chapters."
  },
  {
    "Question": "What is the subject of the text?",
    "Answer": "Different perspectives on neural networks."
  },
  {
    "Question": "How many perspectives are mentioned regarding neural networks?",
    "Answer": "Several."
  },
  {
    "Question": "Does the text provide specific examples of perspectives on neural networks?",
    "Answer": "No."
  },
  {
    "Question": "What is the overall tone of the text?",
    "Answer": "Introductory."
  },
  {
    "Question": "What is View 2 describing?",
    "Answer": "A brain-inspired network of neuron-like computing elements that learn distributed representations."
  },
  {
    "Question": "What type of network is described in View 2?",
    "Answer": "A brain-inspired network."
  },
  {
    "Question": "What are the computing elements in the network described in View 2 like?",
    "Answer": "Neuron-like."
  },
  {
    "Question": "What do the computing elements in View 2 learn?",
    "Answer": "Distributed representations."
  },
  {
    "Question": "How was the basic idea for training non-linear neural networks with gradient descent developed?",
    "Answer": "It was independently developed by more than one researcher."
  },
  {
    "Question": "What is a characteristic of the idea for training non-linear neural networks with gradient descent?",
    "Answer": "It is a good idea in science."
  },
  {
    "Question": "What method is used to train non-linear neural networks, as mentioned in the text?",
    "Answer": "Gradient descent."
  },
  {
    "Question": "What kind of neural networks are discussed in the text?",
    "Answer": "Non-linear neural networks."
  },
  {
    "Question": "What is View 1 describing?",
    "Answer": "An application of stochastic gradient descent for classification and regression using a potentially very rich hypothesis class."
  },
  {
    "Question": "What machine learning algorithm is mentioned in View 1?",
    "Answer": "Stochastic gradient descent."
  },
  {
    "Question": "What types of machine learning problems can the method in View 1 address?",
    "Answer": "Classification and regression."
  },
  {
    "Question": "What is a characteristic of the hypothesis class in View 1?",
    "Answer": "It is potentially very rich."
  },
  {
    "Question": "Where can one see the daily increase in the number?",
    "Answer": "On arxiv.org."
  },
  {
    "Question": "What is increasing daily?",
    "Answer": "A number."
  },
  {
    "Question": "How often does the number increase?",
    "Answer": "Daily."
  },
  {
    "Question": "Is the increase in the number readily observable?",
    "Answer": "Yes, it can be seen on arxiv.org."
  },
  {
    "Question": "What does View 3 describe?",
    "Answer": "A method for building applications that make predictions based on huge amounts of data in very complex domains."
  },
  {
    "Question": "What kind of applications does View 3 refer to?",
    "Answer": "Applications that make predictions."
  },
  {
    "Question": "What type of data is used in the applications described in View 3?",
    "Answer": "Huge amounts of data."
  },
  {
    "Question": "What kind of domains are involved in the applications described in View 3?",
    "Answer": "Very complex domains."
  },
  {
    "Question": "Which view will primarily be adopted in the discussion?",
    "Answer": "View 1."
  },
  {
    "Question": "What is the understanding regarding the techniques being developed?",
    "Answer": "They will enable applications in view 3."
  },
  {
    "Question": "What was a major motivator for the early development of neural networks?",
    "Answer": "View 2."
  },
  {
    "Question": "Do the techniques discussed accurately reflect biological learning processes in brains?",
    "Answer": "No."
  },
  {
    "Question": "What is the basic element of a neural network?",
    "Answer": "A neuron, also referred to as a unit or node."
  },
  {
    "Question": "What is another name for a neuron in a neural network?",
    "Answer": "A unit or node."
  },
  {
    "Question": "How is a neuron in a neural network depicted?",
    "Answer": "Schematically (as pictured in the provided text)."
  },
  {
    "Question": "What is the provided text missing that would allow for a more complete description of a neuron?",
    "Answer": "A visual representation/picture."
  },
  {
    "Question": "What are some prominent researchers working on?",
    "Answer": "Finding analogues of certain methods in the brain."
  },
  {
    "Question": "What is the subject of the research mentioned?",
    "Answer": "Analogues of methods in the brain."
  },
  {
    "Question": "What is the status of the research described?",
    "Answer": "It is ongoing; researchers are actively working."
  },
  {
    "Question": "Who is performing the research?",
    "Answer": "Some prominent researchers."
  },
  {
    "Question": "What is the input to the neuron?",
    "Answer": "An input vector \u0394x \u2208 \u211d\u1d50."
  },
  {
    "Question": "What is the output of the neuron?",
    "Answer": "A single output value a \u2208 \u211d."
  },
  {
    "Question": "What parameters define the neuron?",
    "Answer": "A vector of weights (w\u2081, ..., w\u2098) \u2208 \u211d\u1d50 and an offset/threshold w\u2080 \u2208 \u211d."
  },
  {
    "Question": "What is the role of the activation function?",
    "Answer": "To introduce non-linearity;  it maps the weighted sum of inputs to the neuron's output.  It can be the identity function (resulting in a linear neuron) or any other differentiable function."
  },
  {
    "Question": "What is the function represented by the neuron?",
    "Answer": "The provided text does not give a specific function represented by the neuron."
  },
  {
    "Question": "Is there an equation or formula describing the neuron's function?",
    "Answer": "No, the provided text does not include an equation or formula."
  },
  {
    "Question": "What information is given about the neuron?",
    "Answer": "The provided text only states that a function is represented by the neuron."
  },
  {
    "Question": "Can we determine the type of neuron based on the provided text?",
    "Answer": "No, the text provides no information about the type of neuron."
  },
  {
    "Question": "What is the function f acting upon?",
    "Answer": "The function f acts upon the weighted sum of inputs x, denoted as w<sup>T</sup>x + w<sub>0</sub>."
  },
  {
    "Question": "What does w represent in the equation?",
    "Answer": "w represents a vector of weights [w<sub>1</sub>, w<sub>2</sub>,..., w<sub>m</sub>]."
  },
  {
    "Question": "What does x represent in the equation?",
    "Answer": "x represents a vector of inputs [x<sub>1</sub>, x<sub>2</sub>,..., x<sub>m</sub>]."
  },
  {
    "Question": "What does w<sub>0</sub> represent in the equation?",
    "Answer": "w<sub>0</sub> represents a bias term."
  },
  {
    "Question": "What method is used to train a single unit in the given context?",
    "Answer": "(Stochastic) gradient descent."
  },
  {
    "Question": "What is being minimized during the training process?",
    "Answer": "The loss function, denoted as $\\mathcal{L}$."
  },
  {
    "Question": "What does the loss function depend on?",
    "Answer": "The guess and the actual value."
  },
  {
    "Question": "What kind of data is used for training?",
    "Answer": "A dataset of input-output pairs $\\{(\\mathbf{x}^{(1)},\\mathbf{y}^{(1)}),\\dots,(\\mathbf{x}^{(\\mathfrak{n})},\\mathbf{y}^{(\\mathfrak{n})})\\}$."
  },
  {
    "Question": "What does J(w, w\u2080) represent?",
    "Answer": "J(w, w\u2080) represents a cost function, likely for a neural network.  It sums the loss  (\u2112) for each data point (i)."
  },
  {
    "Question": "What does \u2112(NN(x\u207d\u2071\u207e; w, w\u2080), y\u207d\u2071\u207e) represent?",
    "Answer": "It represents the loss for the i-th data point, calculated by comparing the neural network's output (NN(x\u207d\u2071\u207e; w, w\u2080)) with the true value (y\u207d\u2071\u207e)."
  },
  {
    "Question": "What are w and w\u2080 likely representing?",
    "Answer": "w and w\u2080 likely represent the weights and biases (or other parameters) of the neural network."
  },
  {
    "Question": "What is the overall purpose of this equation?",
    "Answer": "The equation defines a cost function to be minimized during the training of a neural network, likely using gradient descent or a similar optimization algorithm."
  },
  {
    "Question": "What does NN represent in the given context?",
    "Answer": "NN represents the output of a single-unit neural network for a specific input."
  },
  {
    "Question": "What type of neural network is being discussed?",
    "Answer": "A single-unit neural network."
  },
  {
    "Question": "What is the output dependent on?",
    "Answer": "The input to the neural network."
  },
  {
    "Question": "Is the output a single value or multiple values?",
    "Answer": "A single value."
  },
  {
    "Question": "What are the two special cases of neurons discussed in the text?",
    "Answer": "Linear logistic classifiers (LLCs) with NLL loss and regressors with quadratic loss."
  },
  {
    "Question": "What is the activation function for a linear logistic classifier?",
    "Answer": "\u03c3(x)"
  },
  {
    "Question": "What is the activation function for linear regression?",
    "Answer": "f(x) = x"
  },
  {
    "Question": "What type of loss function is used with linear logistic classifiers?",
    "Answer": "Negative Log-Likelihood (NLL) loss."
  },
  {
    "Question": "What activation function is used in the study question?",
    "Answer": "f(z) = e^z"
  },
  {
    "Question": "What loss function is used in the study question?",
    "Answer": "L(guess, actual) = (guess - actual)^2"
  },
  {
    "Question": "What is the goal of the study question?",
    "Answer": "To derive a gradient descent update for w and w0."
  },
  {
    "Question": "For what is the gradient descent update derived?",
    "Answer": "The weights (w and w0) of a single neuron."
  },
  {
    "Question": "What type of network is the focus of this chapter?",
    "Answer": "Feed-forward networks."
  },
  {
    "Question": "What is a key characteristic of a feed-forward network's function-call graph?",
    "Answer": "It is acyclic; the input to a neuron cannot depend on that neuron's output."
  },
  {
    "Question": "How does data flow in a feed-forward network?",
    "Answer": "One way, from inputs to outputs."
  },
  {
    "Question": "How is the function computed by a feed-forward network described?",
    "Answer": "As a composition of the functions computed by individual neurons."
  },
  {
    "Question": "What is a layer in the context of the provided text?",
    "Answer": "A layer is a set of units that are not connected to each other."
  },
  {
    "Question": "What defines a fully connected layer?",
    "Answer": "A fully connected layer has all inputs connected to every unit in the layer."
  },
  {
    "Question": "What is the input to a layer, and what is its output called?",
    "Answer": "The input is represented as  $\\boldsymbol{x}\\in\\mathbb{R}^{\\mathrm{m}}$, and the output is called the activation, represented as $\\mathbf{a}\\in\\mathbb{R}^{\\mathbf{n}}$."
  },
  {
    "Question": "What is the relationship between the input and the units within a layer, in a fully connected layer?",
    "Answer": "In a fully connected layer, each input is connected to every unit within the layer."
  },
  {
    "Question": "What does J(W) represent in the given equation?",
    "Answer": "J(W) represents a cost function or loss function."
  },
  {
    "Question": "What does the term  \u2211\u1d62\u208c\u2081\u207f\u2112(NN(x\u207d\u2071\u207e), y\u207d\u2071\u207e; W) represent?",
    "Answer": "It represents the sum of the losses for each data point (x\u207d\u2071\u207e, y\u207d\u2071\u207e) where NN is a neural network with weights W and \u2112 is a loss function."
  },
  {
    "Question": "What does \u03bb||W||\u00b2 represent in the equation?",
    "Answer": "It represents a regularization term (L2 regularization) that penalizes large weights W, preventing overfitting.  \u03bb is the regularization parameter."
  },
  {
    "Question": "What is the purpose of the regularization term in this cost function?",
    "Answer": "To prevent overfitting by adding a penalty to large weights, improving the model's generalization to unseen data."
  },
  {
    "Question": "What is the text about?",
    "Answer": "An update of a form."
  },
  {
    "Question": "What kind of update is mentioned?",
    "Answer": "The text doesn't specify the nature of the form update."
  },
  {
    "Question": "What information is missing from the text?",
    "Answer": "The content of the form and the specifics of the update."
  },
  {
    "Question": "What is the overall meaning of the statement \"we end up with an update of the form\"?",
    "Answer": "A modification or revision to an existing form has been completed."
  },
  {
    "Question": "What is the equation representing the weight update in the given formula?",
    "Answer": "$$W_{\\mathrm{t}}=W_{\\mathrm{t}-1}-\\eta\\left(\\left(\\nabla_{\\boldsymbol{W}}\\mathcal{L}(\\mathbf{N}\\mathbf{N}(\\boldsymbol{x}^{(\\mathrm{i})}),\\boldsymbol{y}^{(\\mathrm{i})};\\boldsymbol{W}_{\\mathrm{t}-1})\\right)+2\\lambda W_{\\mathrm{t}-1}\\right)$$"
  },
  {
    "Question": "What does  $\\eta$ represent in the given equation?",
    "Answer": "The learning rate."
  },
  {
    "Question": "What is the term $2\\lambda W_{t-1}$ representing in the context of the weight update?",
    "Answer": "A regularization term, specifically L2 regularization, penalizing large weights."
  },
  {
    "Question": "What does $\\nabla_{\\boldsymbol{W}}\\mathcal{L}(\\mathbf{N}\\mathbf{N}(\\boldsymbol{x}^{(\\mathrm{i})}),\\boldsymbol{y}^{(\\mathrm{i})};\\boldsymbol{W}_{\\mathrm{t}-1})$ represent?",
    "Answer": "The gradient of the loss function $\\mathcal{L}$ with respect to the weights $\\boldsymbol{W}$ at time step t-1, evaluated at the input $\\mathbf{N}\\mathbf{N}(\\boldsymbol{x}^{(\\mathrm{i})})$ and target $\\boldsymbol{y}^{(\\mathrm{i})}$."
  },
  {
    "Question": "What is the form of the rule described in the text?",
    "Answer": "The rule first decays $W_{t-1}$ by a factor of $(1-2\\lambda\\eta)$ and then takes a gradient step."
  },
  {
    "Question": "What is $W_{t-1}$ in the context of this rule?",
    "Answer": "$W_{t-1}$ is a variable that is decayed by a factor of $(1-2\\lambda\\eta)$ before a gradient step is taken."
  },
  {
    "Question": "What is the factor by which $W_{t-1}$ is decayed?",
    "Answer": "The factor is $(1-2\\lambda\\eta)$."
  },
  {
    "Question": "What happens after the decaying step?",
    "Answer": "A gradient step is taken."
  },
  {
    "Question": "What is one method mentioned to prevent overfitting in neural networks?",
    "Answer": "Perturbing the x<sup>(i)</sup> values of the training data by adding small amounts of zero-mean normally distributed noise before each gradient computation."
  },
  {
    "Question": "Why does adding noise to the training data help prevent overfitting?",
    "Answer": "It makes it more difficult for the network to overfit to specific training data points because they change slightly with each training step."
  },
  {
    "Question": "What is the distribution of the noise added to the training data?",
    "Answer": "Zero-mean normally distributed noise."
  },
  {
    "Question": "When is the noise added to the training data?",
    "Answer": "Before each gradient computation."
  },
  {
    "Question": "What is dropout?",
    "Answer": "Dropout is a regularization method used with deep neural networks that randomly prevents units from participating in each training step."
  },
  {
    "Question": "How does dropout regularize a neural network?",
    "Answer": "By randomly dropping units, dropout forces all units to share responsibility for the output, preventing over-reliance on specific weights and making the network more robust."
  },
  {
    "Question": "What is the key idea behind dropout?",
    "Answer": "Instead of perturbing the data, dropout perturbs the network itself by randomly disabling units during training."
  },
  {
    "Question": "What is a benefit of using dropout?",
    "Answer": "Dropout increases the robustness of the network to data perturbations."
  },
  {
    "Question": "What happens to unit $\\mathfrak{a}_{\\mathrm{j}}^{\\ell}$ with probability p during the training phase?",
    "Answer": "It is temporarily set to 0, resulting in no contribution to the output and no gradient update."
  },
  {
    "Question": "What is the effect of setting $\\mathfrak{a}_{\\mathrm{j}}^{\\ell}$ to 0?",
    "Answer": "It prevents the unit from contributing to the output and blocks its gradient update."
  },
  {
    "Question": "Is the setting of $\\mathfrak{a}_{\\mathrm{j}}^{\\ell}$ to 0 permanent?",
    "Answer": "No, it is temporary, only occurring during the training phase for each example."
  },
  {
    "Question": "What is the probability that a given unit will be temporarily set to 0 during training?",
    "Answer": "p"
  },
  {
    "Question": "Why might setting an activation value to 0 prevent a unit's weights from being updated during an SGD iteration?",
    "Answer": "Because many SGD update rules involve multiplying the gradient by the activation value.  If the activation is 0, the weight update becomes 0, regardless of the gradient's value."
  },
  {
    "Question": "What is the role of the activation value in the weight update process during SGD?",
    "Answer": "The activation value is often a factor in the calculation of the weight update.  It scales the gradient, determining the magnitude of the change applied to the weights."
  },
  {
    "Question": "In the context of SGD, what happens to the weight update if the activation of a unit is zero?",
    "Answer": "The weight update for that unit becomes zero; the weights remain unchanged for that iteration."
  },
  {
    "Question": "How does a zero activation value affect the backpropagation process in relation to weight updates?",
    "Answer": "A zero activation value effectively stops the flow of error signals back to the weights of that unit during backpropagation.  Therefore, no weight update occurs."
  },
  {
    "Question": "What is done to the network weights when the training is complete and predictions are to be made?",
    "Answer": "All weights are multiplied by $\\mathfrak{p}$."
  },
  {
    "Question": "What is the purpose of multiplying the weights by $\\mathfrak{p}$?",
    "Answer": "To achieve the same average activation levels."
  },
  {
    "Question": "What is the context of this weight manipulation?",
    "Answer": "Using a trained neural network to make predictions."
  },
  {
    "Question": "What is $\\mathfrak{p}$ in this context?",
    "Answer": "A scaling factor used to adjust the weights for consistent activation levels."
  },
  {
    "Question": "What does the equation  $\\mathbf{a}^{\\ell}=\\mathbf{f}(z^{\\ell})*\\mathbf{d}^{\\ell}$ represent?",
    "Answer": "The equation represents a convolution operation where the vector $\\mathbf{a}^{\\ell}$ is the result of convolving the function $\\mathbf{f}(z^{\\ell})$ with the vector $\\mathbf{d}^{\\ell}$."
  },
  {
    "Question": "What is the meaning of the superscript $\\ell$?",
    "Answer": "The superscript $\\ell$ likely represents an iteration or layer index, suggesting this equation is part of an iterative process or a layered architecture."
  },
  {
    "Question": "What does * denote in the equation?",
    "Answer": "The asterisk (*) denotes the convolution operation."
  },
  {
    "Question": "What type of objects are $\\mathbf{a}^{\\ell}$, $\\mathbf{f}(z^{\\ell})$, and $\\mathbf{d}^{\\ell}$?",
    "Answer": "They are vectors; $\\mathbf{a}^{\\ell}$ and $\\mathbf{d}^{\\ell}$ are likely real-valued vectors, and $\\mathbf{f}(z^{\\ell})$ represents a vector-valued function of $z^{\\ell}$."
  },
  {
    "Question": "What does the symbol '$*$' represent in the given text?",
    "Answer": "Component-wise product."
  },
  {
    "Question": "What does ${\\bf d}^{\\ell}$ represent?",
    "Answer": "A vector of 0's and 1's drawn randomly with probability p."
  },
  {
    "Question": "What is the nature of the backwards pass's dependency?",
    "Answer": "It depends on ${\\bf a}^{\\ell}$."
  },
  {
    "Question": "What changes to the algorithm are needed because of the backwards pass's dependency?",
    "Answer": "No further changes are needed."
  },
  {
    "Question": "What is a common setting for the parameter $\\mathfrak{p}$?",
    "Answer": "0.5"
  },
  {
    "Question": "Is the value of $\\mathfrak{p}$ fixed and unchangeable?",
    "Answer": "No, it can be experimented with to optimize results."
  },
  {
    "Question": "What might influence the optimal value of $\\mathfrak{p}$?",
    "Answer": "The specific problem and data being used."
  },
  {
    "Question": "What is the purpose of experimenting with different values of $\\mathfrak{p}$?",
    "Answer": "To achieve good results on a given problem and data."
  },
  {
    "Question": "What is batch normalization used for in neural network training?",
    "Answer": "Batch normalization helps with regularization and robustness in training."
  },
  {
    "Question": "What problem does batch normalization address?",
    "Answer": "It addresses the problem of covariate shift, where the distribution of input values to a layer changes over time as previous layers' weights change."
  },
  {
    "Question": "How does covariate shift make learning more difficult?",
    "Answer": "It makes learning harder because the network must adjust weights not only to improve predictions but also to compensate for changes in input distribution."
  },
  {
    "Question": "Give an example of how changing input distribution impacts learning.",
    "Answer": "If the magnitude of inputs to a layer increases over time, the weights might have to decrease simply to maintain the same predictions, adding complexity to the learning process."
  },
  {
    "Question": "What is the purpose of standardizing input values for each mini-batch during training?",
    "Answer": "To maintain a consistent input scale to each layer, regardless of changes in previous layer weights."
  },
  {
    "Question": "How is standardization achieved in mini-batch training?",
    "Answer": "By subtracting the mean and dividing by the standard deviation of each input dimension."
  },
  {
    "Question": "What complication arises from standardizing mini-batches?",
    "Answer": "Weight update computations must account for the standardization transformation."
  },
  {
    "Question": "Where is batch normalization applied in the modular view, in relation to the weight matrix and activation function?",
    "Answer": "After the input is multiplied by the weight matrix ($W^{[l]}$) and before it is passed to the activation function ($f^l$)."
  },
  {
    "Question": "What was the original justification for batch normalization?",
    "Answer": "The original justification was based on addressing the problem of covariate shift."
  },
  {
    "Question": "Is it definitively proven that covariate shift is the reason for batch normalization's performance improvement?",
    "Answer": "No, it's not clear that covariate shift is the sole reason for improved performance."
  },
  {
    "Question": "What other effect can batch normalization have?",
    "Answer": "It can have a regularizing effect."
  },
  {
    "Question": "How does the regularizing effect of batch normalization work?",
    "Answer": "Each mini-batch is mildly perturbed, preventing the network from exploiting specific data point values."
  },
  {
    "Question": "Where is the suggestion to apply batch normalization before the activation function found?",
    "Answer": "In the original paper."
  },
  {
    "Question": "Is applying batch normalization after the activation function always worse?",
    "Answer": "No, it has been shown to work better in some cases."
  },
  {
    "Question": "Are there conclusive results on when to apply batch normalization before or after the activation function?",
    "Answer": "No, there aren't any definite findings on which works better and when."
  },
  {
    "Question": "What is the current practice regarding the placement of batch normalization relative to activation functions?",
    "Answer": "Applying it before the activation function is followed, although applying it afterward has shown to be slightly better in some instances."
  }
]