[
  {
    "Question": "What is the primary goal of machine learning?",
    "Answer": "Making decisions or predictions based on data."
  },
  {
    "Question": "How does the focus of machine learning differ from fields like economics and psychology?",
    "Answer": "Economics and psychology aim to discover underlying causal processes, while machine learning focuses on making predictions and decisions."
  },
  {
    "Question": "What is the end product in fields like economics and statistics?",
    "Answer": "A model that explains the data or fits the data well."
  },
  {
    "Question": "In machine learning, what is the purpose of fitting models?",
    "Answer": "As a means to make good predictions or decisions."
  },
  {
    "Question": "What is cited as the best approach to many applications, considering speed, human engineering time, and robustness?",
    "Answer": "Machine learning (ML)."
  },
  {
    "Question": "What are some examples of applications effectively addressed by ML?",
    "Answer": "Face detection, speech recognition, and various language-processing tasks."
  },
  {
    "Question": "What kind of applications are particularly well-suited for machine learning?",
    "Answer": "Applications involving understanding data or signals from the real world."
  },
  {
    "Question": "What has led to ML becoming a superior approach for many applications?",
    "Answer": "Improvements in ML methods' capability and scope."
  },
  {
    "Question": "What is the source of the information?",
    "Answer": "A post on andrewgelman.com from September 4, 2012."
  },
  {
    "Question": "What is the date of the original post?",
    "Answer": "September 4, 2012."
  },
  {
    "Question": "Where was the original post located?",
    "Answer": "andrewgelman.com"
  },
  {
    "Question": "What is the nature of the provided text?",
    "Answer": "A paraphrased description from an online post."
  },
  {
    "Question": "What is a crucial aspect of machine learning problem-solving?",
    "Answer": "Human engineering plays an important role in framing the problem, acquiring and organizing data, designing solutions, selecting algorithms, validating results, and considering the impact on affected people."
  },
  {
    "Question": "What are some of the human-driven steps involved in machine learning?",
    "Answer": "Acquiring and organizing data, designing a solution space, selecting a learning algorithm and its parameters, applying the algorithm, validating the solution, and understanding the impact on affected people."
  },
  {
    "Question": "Why are the human-driven steps in machine learning important?",
    "Answer": "These steps are of great importance to the success and ethical deployment of machine learning solutions."
  },
  {
    "Question": "What is the role of a human in the machine learning process, according to the text?",
    "Answer": "The human plays a crucial role in all stages, from problem definition to deployment and impact assessment."
  },
  {
    "Question": "What is the fundamental philosophical problem underlying learning from data?",
    "Answer": "The problem of induction \u2013 why past data should predict the future."
  },
  {
    "Question": "How is the problem of induction operationalized in the context of machine learning?",
    "Answer": "By making assumptions like i.i.d. data, similar query and training data distributions, and a predefined set of possible answers."
  },
  {
    "Question": "What does i.i.d. stand for in the context of this text?",
    "Answer": "Independent and identically distributed."
  },
  {
    "Question": "What is a key assumption made to simplify the problem of learning from data?",
    "Answer": "That the training data and future queries are drawn from the same distribution."
  },
  {
    "Question": "What is the main topic of the provided text?",
    "Answer": "The need to solve two unspecified problems."
  },
  {
    "Question": "How many problems need solving, according to the text?",
    "Answer": "Two."
  },
  {
    "Question": "What specific problems need to be solved?",
    "Answer": "The text does not specify the problems."
  },
  {
    "Question": "Does the text provide details about the problems?",
    "Answer": "No."
  },
  {
    "Question": "What is the central problem addressed in the provided text regarding data analysis?",
    "Answer": "Dealing with noisy data that produces varying results for the same treatment across different trials, and predicting the accuracy of estimates compared to future results."
  },
  {
    "Question": "What is the primary method suggested for handling noisy data in the text?",
    "Answer": "Aggregating the data to make estimates or predictions about the underlying quantity of interest."
  },
  {
    "Question": "What challenge does the variation in results for the same treatment present?",
    "Answer": "It makes it difficult to reliably estimate the true effect of the treatment and predict the accuracy of future results."
  },
  {
    "Question": "What is a key question the text aims to answer regarding data analysis and prediction?",
    "Answer": "How to assess the reliability of estimates derived from noisy data and their predictive power for future observations."
  },
  {
    "Question": "How can we predict outcomes for situations unseen in our dataset?",
    "Answer": "Generalization allows us to predict results for novel situations or experiments not present in the training data."
  },
  {
    "Question": "What is a key challenge in machine learning related to unseen data?",
    "Answer": "Predicting the results of situations or experiments never before encountered in the dataset is a major challenge."
  },
  {
    "Question": "What is the goal of generalization in the context of machine learning?",
    "Answer": "The goal is to create models that can accurately predict outcomes for data points not included in the training set."
  },
  {
    "Question": "How does a model demonstrate good generalization performance?",
    "Answer": "A model demonstrates good generalization by accurately predicting the outcomes of situations not explicitly seen during training."
  },
  {
    "Question": "What is the relationship between elements in the described set?",
    "Answer": "The elements are related only in that they all originate from the same underlying probability distribution."
  },
  {
    "Question": "Does the relationship between elements extend beyond their shared probability distribution?",
    "Answer": "No, the relationship is limited to their common origin in the same probability distribution."
  },
  {
    "Question": "What does the text imply about the nature of the set's elements?",
    "Answer": "The elements are independent except for sharing a common probability distribution."
  },
  {
    "Question": "If the elements shared another characteristic besides the probability distribution, would this description still be accurate?",
    "Answer": "No, the description specifies that the only relationship is their shared probability distribution."
  },
  {
    "Question": "How many characteristics are used to describe problems and their solutions?",
    "Answer": "Six."
  },
  {
    "Question": "How many characteristics describe the problem itself?",
    "Answer": "Three."
  },
  {
    "Question": "How many characteristics describe the solution?",
    "Answer": "Three."
  },
  {
    "Question": "What is the text about?",
    "Answer": "Describing problems and their solutions using six characteristics."
  },
  {
    "Question": "What are the characteristics of the training data and the types of queries expected during testing?",
    "Answer": "This is determined by the problem class, defining the nature of the data and the queries."
  },
  {
    "Question": "What prior knowledge exists about the data source or solution format?",
    "Answer": "This is addressed in the assumptions, outlining known information about the data or solution structure."
  },
  {
    "Question": "How will the system's predictions be assessed, both individually and overall?",
    "Answer": "The evaluation criteria define the goals, individual query evaluation, and overall system performance measurement."
  },
  {
    "Question": "What type of model will be used, its variables, and how predictions are made?",
    "Answer": "The model type specifies the world model, its variables, and the prediction process."
  },
  {
    "Question": "What is a necessary condition for generalization according to the text?",
    "Answer": "Making assumptions about the data generating process."
  },
  {
    "Question": "What is stated about generalization in the text?",
    "Answer": "Generalization cannot be performed without assumptions about the data generating process."
  },
  {
    "Question": "What will be discussed further in the following sections?",
    "Answer": "Elaboration on the ideas regarding generalization and assumptions."
  },
  {
    "Question": "What is the main point conveyed in this excerpt?",
    "Answer": "The inability to generalize without prior assumptions about the data generation process."
  },
  {
    "Question": "How many standard problem classes in machine learning are described in the text?",
    "Answer": "Five."
  },
  {
    "Question": "What is the basis for the variation among problem classes in machine learning?",
    "Answer": "The type of data provided and the conclusions drawn from it."
  },
  {
    "Question": "What is the purpose of describing the five standard problem classes?",
    "Answer": "To establish notation and terminology."
  },
  {
    "Question": "What is the main topic of the text?",
    "Answer": "Problem classes in machine learning."
  },
  {
    "Question": "What are the two main focuses of this course?",
    "Answer": "Classification and regression."
  },
  {
    "Question": "What type of learning are classification and regression examples of?",
    "Answer": "Supervised learning."
  },
  {
    "Question": "Besides classification and regression, what other learning types will be covered?",
    "Answer": "Reinforcement learning, sequence learning, and clustering."
  },
  {
    "Question": "Will this course cover unsupervised learning techniques?",
    "Answer": "Yes, clustering is an example of unsupervised learning that will be touched upon."
  },
  {
    "Question": "What is the core concept of supervised learning?",
    "Answer": "Supervised learning involves providing the system with inputs and their corresponding desired outputs."
  },
  {
    "Question": "How is supervised learning categorized?",
    "Answer": "Supervised learning is categorized based on the nature of the outputs: classification (small, finite set) or regression (large, finite ordered set or continuous set)."
  },
  {
    "Question": "What type of output is associated with classification in supervised learning?",
    "Answer": "Classification in supervised learning uses outputs from a small, finite set."
  },
  {
    "Question": "What type of output is associated with regression in supervised learning?",
    "Answer": "Regression in supervised learning uses outputs from a large, finite ordered set or a continuous set."
  },
  {
    "Question": "What type of problem is being addressed?",
    "Answer": "A regression problem."
  },
  {
    "Question": "What is the notation for the training data?",
    "Answer": "$\\mathcal{D}_{\\mathfrak{n}}$"
  },
  {
    "Question": "How many pairs are in the training data?",
    "Answer": "$\\mathfrak{n}$"
  },
  {
    "Question": "What is the format of each element in the training data?",
    "Answer": "A pair."
  },
  {
    "Question": "What does the notation $\\mathcal{D}_{\\mathfrak{n}}$ represent?",
    "Answer": "A dataset with n data points."
  },
  {
    "Question": "What do $\\boldsymbol{\\mathfrak{x}}^{(\\mathfrak{i})}$ and $\\mathfrak{y}^{(\\mathfrak{i})}$ represent in the context of $\\mathcal{D}_{\\mathfrak{n}}$?",
    "Answer": "$\\boldsymbol{\\mathfrak{x}}^{(\\mathfrak{i})}$ represents the i-th input feature vector, and $\\mathfrak{y}^{(\\mathfrak{i})}$ represents the i-th corresponding output or label."
  },
  {
    "Question": "What does the subscript 'n' in $\\mathcal{D}_{\\mathfrak{n}}$ signify?",
    "Answer": "The number of data points in the dataset."
  },
  {
    "Question": "What type of data is implied by the use of boldface $\\boldsymbol{\\mathfrak{x}}^{(\\mathfrak{i})}$?",
    "Answer": "A vector of features;  multivariate input data."
  },
  {
    "Question": "What is the main point of the text?",
    "Answer": "The text emphasizes that a high-level overview, not memorization, is sufficient for understanding the breadth of the field."
  },
  {
    "Question": "What is the author's attitude towards memorization of the learning types?",
    "Answer": "The author discourages memorization."
  },
  {
    "Question": "What type of understanding is being emphasized?",
    "Answer": "A high-level view."
  },
  {
    "Question": "What is the scope of the information being presented?",
    "Answer": "Part of the breadth of the field."
  },
  {
    "Question": "What does $x^{(\\mathrm{i})}$ represent in the given text?",
    "Answer": "An input, typically a d-dimensional vector of real and/or discrete values."
  },
  {
    "Question": "What does $\\mathfrak{y}^{(\\mathrm{i})}$ represent in the given text?",
    "Answer": "The output to be predicted, a real number."
  },
  {
    "Question": "What is another name for the y-values in the given text?",
    "Answer": "Target values."
  },
  {
    "Question": "What type of value is the output, $\\mathfrak{y}^{(\\mathrm{i})}$?",
    "Answer": "A real number."
  },
  {
    "Question": "What is the ultimate goal in a regression problem?",
    "Answer": "To predict the value of  $\\mathfrak{y}^{(\\mathfrak{n}+\\bar{1})}$ given a new input value $x^{({\\mathrm n}+1)}$."
  },
  {
    "Question": "What type of learning is regression?",
    "Answer": "Supervised learning."
  },
  {
    "Question": "Why is regression considered supervised learning?",
    "Answer": "Because the desired output $\\mathfrak{y}^{(\\mathrm{i})}$ is specified for each of the training examples $x^{(\\mathrm{i})}$."
  },
  {
    "Question": "What is being predicted in a regression problem?",
    "Answer": "The value of  $\\mathfrak{y}^{(\\mathfrak{n}+\\bar{1})}$."
  },
  {
    "Question": "What date and time was the text last updated?",
    "Answer": "05/06/24 18:25:27"
  },
  {
    "Question": "What notation do many textbooks use instead of  $x^{(\\mathfrak{i})}$ and $\\mathfrak{y}^{(\\mathrm{i})}$?",
    "Answer": "$x_{\\mathrm{i}}$ and $\\mathrm{t_{i}}$"
  },
  {
    "Question": "Why do the authors find the textbook notation difficult to manage?",
    "Answer": "Because $x^{(\\mathrm{i})}$ is a vector, and discussing its elements becomes cumbersome."
  },
  {
    "Question": "Where is the notation used by the authors standard?",
    "Answer": "In some other parts of the ML literature."
  },
  {
    "Question": "What is the primary difference between unsupervised learning and other learning paradigms?",
    "Answer": "Unsupervised learning doesn't use input-output pairs to learn a function; instead, it focuses on discovering patterns within a given dataset."
  },
  {
    "Question": "What is the goal of unsupervised learning when presented with a dataset?",
    "Answer": "To find inherent patterns or structure within the data."
  },
  {
    "Question": "Does unsupervised learning utilize labeled data?",
    "Answer": "No, it uses unlabeled data, meaning there are no predefined input-output pairs."
  },
  {
    "Question": "What type of data is used in unsupervised learning?",
    "Answer": "A data set without labeled input-output pairs."
  },
  {
    "Question": "What is dimensionality reduction?",
    "Answer": "Dimensionality reduction is a technique used to simplify high-dimensional data, often for visualization or understanding."
  },
  {
    "Question": "When is it best to define the objective for prediction when using dimensionality reduction?",
    "Answer": "It's best to define the prediction objective *before* dimensionality reduction to ensure that important dimensions for the prediction task are retained."
  },
  {
    "Question": "What is a common application of dimensionality reduction?",
    "Answer": "Visualizing or understanding high-dimensional data."
  },
  {
    "Question": "Why is it generally better to define the prediction objective before dimensionality reduction when performing regression or classification?",
    "Answer": "To ensure that the dimensions most relevant to the prediction task are not lost during the reduction process."
  }
]