[
  {
    "Question": "What is the goal of classification in machine learning?",
    "Answer": "To map inputs from $\\mathbb{R}^{\\mathrm{d}}$ to outputs in an unordered set."
  },
  {
    "Question": "Provide two examples of classification output sets.",
    "Answer": "{apples, oranges, pears} and {heartattack, noheartattack}."
  },
  {
    "Question": "What is binary classification?",
    "Answer": "A simplified case of classification aiming to map inputs to two outputs."
  },
  {
    "Question": "How are the two outputs in binary classification often encoded?",
    "Answer": "As {-1, +1}."
  },
  {
    "Question": "What type of output does linear regression produce?",
    "Answer": "Continuous real-valued output."
  },
  {
    "Question": "What is being contrasted with continuous real-valued output?",
    "Answer": "A different type of output (not specified in the given text)."
  },
  {
    "Question": "Does the provided text fully describe the contrasted output?",
    "Answer": "No, it only mentions that it's in contrast to a continuous real-valued output."
  },
  {
    "Question": "What information is missing to fully understand the contrast?",
    "Answer": "A description of the contrasted output type."
  },
  {
    "Question": "What does the box with 'h' represent in the given equation?",
    "Answer": "The box with 'h' represents a function or transformation that maps x to y."
  },
  {
    "Question": "What is the input to the function represented by 'h'?",
    "Answer": "The input to the function represented by 'h' is x."
  },
  {
    "Question": "What is the output of the function represented by 'h'?",
    "Answer": "The output of the function represented by 'h' is y."
  },
  {
    "Question": "What does the arrow notation  'x \u2192 h \u2192 y' signify?",
    "Answer": "It signifies that x is transformed by the function h to produce y."
  },
  {
    "Question": "What type of learning problem is classification?",
    "Answer": "A supervised learning problem."
  },
  {
    "Question": "What is given in a classification training data set?",
    "Answer": "A training data set of a specific form (the exact form is not specified in the provided text)."
  },
  {
    "Question": "How is classification similar to regression?",
    "Answer": "Both are supervised learning problems."
  },
  {
    "Question": "What information is missing from the provided text to fully define the classification training data set?",
    "Answer": "The specific form of the training data set is not detailed."
  },
  {
    "Question": "What does $\\mathcal{D}_{\\mathfrak{n}}$ represent?",
    "Answer": "$\\mathcal{D}_{\\mathfrak{n}}$ represents a dataset with $\\mathfrak{n}$ data points."
  },
  {
    "Question": "What do $x^{(i)}$ and $\\mathfrak{y}^{(i)}$ represent for a given $i$?",
    "Answer": "$x^{(i)}$ and $\\mathfrak{y}^{(i)}$ represent the input and output, respectively, for the $i$-th data point in the dataset."
  },
  {
    "Question": "What is the meaning of the notation $(x^{(i)}, \\mathfrak{y}^{(i)})$?",
    "Answer": "It represents a single data point in the dataset, where $x^{(i)}$ is the input and $\\mathfrak{y}^{(i)}$ is the corresponding output."
  },
  {
    "Question": "What type of notation is used in the equation?",
    "Answer": "The notation combines calligraphic ($\\mathcal{D}$),  Fraktur ($\\mathfrak{n}$), and superscript notations to represent a dataset and its elements."
  },
  {
    "Question": "What is the dimension of the input vector x<sup>(i)</sup>?",
    "Answer": "d x 1 (a d-dimensional column vector)."
  },
  {
    "Question": "What is the role of the learned hypothesis?",
    "Answer": "To generate the output \u0177<sup>(i)</sup> given an input x<sup>(i)</sup>."
  },
  {
    "Question": "What does x<sup>(i)</sup> represent?",
    "Answer": "An input vector."
  },
  {
    "Question": "What does \u0177<sup>(i)</sup> represent?",
    "Answer": "The output generated by the learned hypothesis for input x<sup>(i)</sup>."
  },
  {
    "Question": "What is the primary goal of a useful classifier?",
    "Answer": "To make accurate predictions on new, unseen data."
  },
  {
    "Question": "What is the assumed relationship between training and testing data for a classifier?",
    "Answer": "They are drawn independently from the same probability distribution."
  },
  {
    "Question": "Why is the assumption about the relationship between training and testing data important?",
    "Answer": "Because we don't know the exact characteristics of the data the classifier will encounter in real-world use."
  },
  {
    "Question": "What characteristic of the data is assumed when building and evaluating a classifier?",
    "Answer": "The training and testing data are independently drawn from the same probability distribution."
  },
  {
    "Question": "What type of loss is often used for evaluation in classification?",
    "Answer": "0-1 loss."
  },
  {
    "Question": "What is the training error of a classifier h defined as?",
    "Answer": "It is defined using a training set  $\\mathbb{D}_{\\mathfrak{n}}$ and classifier h."
  },
  {
    "Question": "What section of the text discusses the 0-1 loss used for evaluation?",
    "Answer": "Section 1.3"
  },
  {
    "Question": "What is used to define the training error of a classifier?",
    "Answer": "A training set ($\\mathbb{D}_{\\mathfrak{n}}$) and the classifier (h)."
  },
  {
    "Question": "What does the equation $\\mathcal{E}_{\\mathfrak{n}}({\\mathsf{h}})=\\frac{1}{\\mathfrak{n}}\\sum_{\\mathrm{i=1}}^{\\mathfrak{n}}\\left\\{1\\quad\\mathsf{h}({\\mathsf{x}}^{(\\mathrm{i})})\\neq\\mathfrak{y}^{(\\mathrm{i})}\\right.\\right.\\,.$ represent?",
    "Answer": "It represents the empirical risk of a hypothesis h, averaged over n data points.  The equation calculates the fraction of misclassified data points."
  },
  {
    "Question": "What does $\\mathfrak{n}$ represent in the given equation?",
    "Answer": "$\\mathfrak{n}$ represents the total number of data points in the dataset."
  },
  {
    "Question": "What does $\\mathsf{h}({\\mathsf{x}}^{(\\mathrm{i})})$ represent in the context of the equation?",
    "Answer": "$\\mathsf{h}({\\mathsf{x}}^{(\\mathrm{i})})$ represents the prediction of the hypothesis h for the i-th data point, ${\\mathsf{x}}^{(\\mathrm{i})}$."
  },
  {
    "Question": "What does the term  $\\left\\{1\\quad\\mathsf{h}({\\mathsf{x}}^{(\\mathrm{i})})\\neq\\mathfrak{y}^{(\\mathrm{i})}\\right.\\right.\\,$ represent?",
    "Answer": "It's an indicator function. It equals 1 if the hypothesis's prediction $\\mathsf{h}({\\mathsf{x}}^{(\\mathrm{i})})$ is different from the true label $\\mathfrak{y}^{(\\mathrm{i})}$, and 0 otherwise.  It essentially counts the misclassifications."
  },
  {
    "Question": "What is the initial goal in classifier selection?",
    "Answer": "To find a classifier with small training error."
  },
  {
    "Question": "What is the desired outcome beyond small training error?",
    "Answer": "Good generalization to new data and small test error."
  },
  {
    "Question": "What is the relationship between training error and test error?",
    "Answer": "The goal is for both to be small, implying the classifier generalizes well."
  },
  {
    "Question": "What is a key assumption in this approach?",
    "Answer": "That a classifier with small training error will also have small test error (good generalization)."
  },
  {
    "Question": "What does the expression $\\mathcal{E}(\\mathbf{h})$ represent?",
    "Answer": "It represents an error function or loss function, likely calculating the error rate of a hypothesis or model $\\mathbf{h}$ on a test set."
  },
  {
    "Question": "What is the meaning of $\\mathfrak{n}$ and $\\mathfrak{n}^{\\prime}$ in the given equation?",
    "Answer": "$\\mathfrak{n}$ likely represents the number of training examples, and $\\mathfrak{n}^{\\prime}$ likely represents the number of test examples."
  },
  {
    "Question": "What does the summation $\\sum_{\\mathrm{i=n+1}}^{\\mathfrak{n}+\\mathfrak{n}^{\\prime}}$ indicate?",
    "Answer": "It indicates that the summation is performed over the indices of the test set examples, from $\\mathfrak{n}+1$ to $\\mathfrak{n}+\\mathfrak{n}^{\\prime}$."
  },
  {
    "Question": "What does $\\{1\\quad\\mathsf{h}(\\mathfrak{x}^{(\\mathrm{i})})\\neq\\mathfrak{y}^{(\\mathrm{i)}}$ represent within the summation?",
    "Answer": "It's an indicator function.  It equals 1 if the hypothesis $\\mathbf{h}$ makes an incorrect prediction on the i-th test example ($\\mathsf{h}(\\mathfrak{x}^{(\\mathrm{i})})\\neq\\mathfrak{y}^{(\\mathrm{i)}}$), and 0 otherwise."
  },
  {
    "Question": "What is the significance of \"$\\mathfrak{n^{\\prime}}$ new examples\"?",
    "Answer": "They represent unseen data used to evaluate the classifier's performance after it has been trained."
  },
  {
    "Question": "Where were these  \"$\\mathfrak{n^{\\prime}}$ new examples\" not used?",
    "Answer": "They were not used in the process of training or developing the classifier."
  },
  {
    "Question": "What is the purpose of testing the classifier on  \"$\\mathfrak{n^{\\prime}}$ new examples\"?",
    "Answer": "To assess the classifier's generalization ability and its performance on data it hasn't encountered before."
  },
  {
    "Question": "What does the evaluation on \"$\\mathfrak{n^{\\prime}}$ new examples\" reveal about the classifier?",
    "Answer": "It reveals the classifier's ability to generalize to unseen data and its robustness."
  },
  {
    "Question": "What is the first topic introduced in the text?",
    "Answer": "The hypothesis class of linear classifiers."
  },
  {
    "Question": "What section covers linear classifiers?",
    "Answer": "Section 4.2."
  },
  {
    "Question": "What is defined in Section 4.3?",
    "Answer": "An optimization framework to learn linear logistic classifiers."
  },
  {
    "Question": "What type of classifiers are discussed in the provided text excerpt?",
    "Answer": "Linear logistic classifiers."
  },
  {
    "Question": "What is the initial hypothesis class discussed in the text?",
    "Answer": "Linear classifiers."
  },
  {
    "Question": "What are some characteristics of linear classifiers mentioned in the text?",
    "Answer": "Relatively easy to understand, simple mathematically, powerful, and the basis for more sophisticated methods."
  },
  {
    "Question": "What follows the definition of linear classifiers in the text?",
    "Answer": "A simple learning algorithm for classifiers."
  },
  {
    "Question": "What is stated about the complexity of linear classifiers?",
    "Answer": "They are simple in a mathematical sense."
  },
  {
    "Question": "What defines a linear classifier in d dimensions?",
    "Answer": "A vector of parameters \u03b8 \u2208 \u211d\u1d48 and a scalar \u03b8\u2080 \u2208 \u211d."
  },
  {
    "Question": "How is the hypothesis class  of linear classifiers parameterized?",
    "Answer": "By the set of all vectors in \u211d\u1d48\u207a\u00b9."
  },
  {
    "Question": "What is the assumed dimension of the vector \u03b8?",
    "Answer": "d x 1 (a d x 1 column vector)."
  },
  {
    "Question": "What is the relationship between \u03b8 and \u03b8\u2080 in defining the linear classifier?",
    "Answer": "\u03b8 is a vector of d parameters, and \u03b8\u2080 is a single scalar parameter, together they define the classifier."
  },
  {
    "Question": "What defines the classifier given specific values for \u03b8 and \u03b8\u2080?",
    "Answer": "The classifier is defined by particular values for \u03b8 and \u03b8\u2080."
  },
  {
    "Question": "What are \u03b8 and \u03b8\u2080 in the context of the given statement?",
    "Answer": "The statement does not explicitly define \u03b8 and \u03b8\u2080, only that they are parameters used to define a classifier."
  },
  {
    "Question": "Is there a formula or equation provided to define the classifier?",
    "Answer": "No, the provided text only states that a classifier is defined by specific values of \u03b8 and \u03b8\u2080."
  },
  {
    "Question": "What type of classifier is being discussed?",
    "Answer": "The provided text does not specify the type of classifier."
  },
  {
    "Question": "What is the function h(x; \u03b8, \u03b8\u2080) defined as?",
    "Answer": "h(x; \u03b8, \u03b8\u2080) is a sign function that outputs +1 if \u03b8\u1d40x + \u03b8\u2080 > 0 and -1 otherwise."
  },
  {
    "Question": "What does \u03b8 represent in the function h(x; \u03b8, \u03b8\u2080)?",
    "Answer": "\u03b8 represents a vector of weights."
  },
  {
    "Question": "What does \u03b8\u2080 represent in the function h(x; \u03b8, \u03b8\u2080)?",
    "Answer": "\u03b8\u2080 represents a bias term or threshold."
  },
  {
    "Question": "What is the output of h(x; \u03b8, \u03b8\u2080)?",
    "Answer": "The output is either +1 or -1, depending on the value of \u03b8\u1d40x + \u03b8\u2080."
  },
  {
    "Question": "What geometric object do \u03b8 and \u03b8\u2080 specify?",
    "Answer": "A d-dimensional hyperplane."
  },
  {
    "Question": "What is the separator induced by the hyperplane defined by \u03b8 and \u03b8\u2080?",
    "Answer": "The set of x values such that \u03b8\u1d40x + \u03b8\u2080 = 0, which is a (d-1)-dimensional hyperplane."
  },
  {
    "Question": "How can \u03b8 be interpreted in relation to the separator?",
    "Answer": "As a vector perpendicular (or normal) to the separator."
  },
  {
    "Question": "What is the difference between the focus in this description and the focus in equation 2.3 (not provided in text)?",
    "Answer": "Instead of focusing on the hyperplane's values at specific points x, the focus is on the separator it induces."
  },
  {
    "Question": "What is the dimension of the separator in two dimensions?",
    "Answer": "1"
  },
  {
    "Question": "What is the geometric interpretation of a separator in two dimensions?",
    "Answer": "A line."
  },
  {
    "Question": "What does  $\\boldsymbol{\\theta}=[\\theta_{1},\\theta_{2}]^{\\top}$ represent in the context of the separator?",
    "Answer": "The orientation of the separator."
  },
  {
    "Question": "What is the value of 'd' in the given example?",
    "Answer": "2"
  },
  {
    "Question": "What is the linear classifier defined by?",
    "Answer": "The linear classifier is defined by  ${\\mathfrak{\\theta}}=\\left[{\\!\\!\\begin{array}{l}{1}\\\\ {-1}\\end{array}}\\right],{\\mathfrak{\\theta}}_{0}=1.$"
  },
  {
    "Question": "What is the value of  ${\\mathfrak{\\theta}}$?",
    "Answer": "${\\mathfrak{\\theta}}=\\left[{\\!\\!\\begin{array}{l}{1}\\\\ {-1}\\end{array}}\\right]$"
  },
  {
    "Question": "What is the value of ${\\mathfrak{\\theta}}_{0}$?",
    "Answer": "${\\mathfrak{\\theta}}_{0}=1$"
  },
  {
    "Question": "What type of classifier is h?",
    "Answer": "A linear classifier."
  },
  {
    "Question": "What is depicted in the diagram?",
    "Answer": "The diagram shows a \u03b8 vector (in green) and the separator it defines."
  },
  {
    "Question": "What color is the \u03b8 vector in the diagram?",
    "Answer": "The \u03b8 vector is green in the diagram."
  },
  {
    "Question": "What does the \u03b8 vector define in the diagram?",
    "Answer": "The \u03b8 vector defines a separator in the diagram."
  },
  {
    "Question": "What is the purpose of providing this diagram?",
    "Answer": "The purpose is not explicitly stated in the provided text."
  },
  {
    "Question": "What is the purpose of solving for \u03b8\u2080?",
    "Answer": "To find the value of \u03b8\u2080, a parameter in a line equation, by substituting a point on the line into the equation."
  },
  {
    "Question": "What point is chosen to solve for \u03b8\u2080 in the example?",
    "Answer": "The point [0,1]\u1d40 on the y-axis."
  },
  {
    "Question": "Why is the point [0,1]\u1d40 convenient to use?",
    "Answer": "Because it simplifies the calculation when substituted into the line equation."
  },
  {
    "Question": "What is the resulting value of \u03b8\u2080 after substituting the point [0,1]\u1d40?",
    "Answer": "\u03b8\u2080 = 1"
  },
  {
    "Question": "What does the separator divide in the given example?",
    "Answer": "The separator divides $\\mathbb{R}^{\\mathrm{d}}$, the space where the $x^{(\\mathrm{i})}$ points reside, into two half-spaces."
  },
  {
    "Question": "How are points classified based on the separator?",
    "Answer": "Points are classified as positive if they are in the half-space on the same side as the normal vector, and negative if they are in the other half-space."
  },
  {
    "Question": "What is the positive half-space?",
    "Answer": "The positive half-space is the half-space on the same side as the normal vector."
  },
  {
    "Question": "What is the negative half-space?",
    "Answer": "The negative half-space is the half-space on the opposite side of the normal vector."
  },
  {
    "Question": "What is a linear separator in the context of the provided text?",
    "Answer": "A linear separator is a line that divides a dataset such that all data points with one label are on one side of the line, and all data points with the other label are on the opposite side."
  },
  {
    "Question": "What is a linearly separable dataset?",
    "Answer": "A linearly separable dataset is one for which a linear separator exists."
  },
  {
    "Question": "What condition must be met for a dataset to be considered linearly separable?",
    "Answer": "There must exist a linear separator that perfectly separates the data points based on their labels."
  },
  {
    "Question": "Give an example of something that would *not* be considered a linearly separable dataset?",
    "Answer": "A dataset where data points with the same label are on both sides of any possible line."
  },
  {
    "Question": "What is the value of \u03b8 in the linear classifier h?",
    "Answer": "\u03b8 = [-1; 1.5]"
  },
  {
    "Question": "What is the value of \u03b8\u2080 in the linear classifier h?",
    "Answer": "\u03b8\u2080 = 3"
  },
  {
    "Question": "What are the coordinates of point x^(1)?",
    "Answer": "x^(1) = [3; 2]"
  },
  {
    "Question": "What are the coordinates of point x^(2)?",
    "Answer": "x^(2) = [4; -1]"
  },
  {
    "Question": "What is the value of h(x^(1);\u03b8,\u03b8\u2080)?",
    "Answer": "+1"
  },
  {
    "Question": "What is the value of h(x^(2);\u03b8,\u03b8\u2080)?",
    "Answer": "-1"
  },
  {
    "Question": "What function is being used to calculate h(x;\u03b8,\u03b8\u2080)?",
    "Answer": "The sign function."
  },
  {
    "Question": "What are the components of the input to the sign function in the calculation of h(x^(1);\u03b8,\u03b8\u2080)?",
    "Answer": "[-1 1.5] * [2+3] = [-1 1.5] * [5] = 3"
  },
  {
    "Question": "What classifications are given to x^(1) and x^(2)?",
    "Answer": "x^(1) is given a positive classification, and x^(2) is given a negative classification."
  },
  {
    "Question": "Are the classifications of x^(1) and x^(2) numerical?",
    "Answer": "No, they are qualitative classifications described as positive and negative."
  },
  {
    "Question": "What is the nature of the values assigned to x^(1) and x^(2)?",
    "Answer": "They are given positive and negative classifications."
  },
  {
    "Question": "What is indicated about the values of x^(1) and x^(2)?",
    "Answer": "They are not explicitly defined, but their classifications indicate that they represent distinct categories."
  },
  {
    "Question": "What is the question being asked?",
    "Answer": "What is the green vector normal to the separator, specified as a column vector?"
  },
  {
    "Question": "What is the subject of the question?",
    "Answer": "A green vector normal to a separator."
  },
  {
    "Question": "What format is the answer expected to be in?",
    "Answer": "A column vector."
  },
  {
    "Question": "What is the task implied by the question?",
    "Answer": "To identify and represent a specific vector."
  },
  {
    "Question": "What is the core question being asked regarding the separating hyperplane and data point classifications?",
    "Answer": "How to modify \u03b8 and \u03b8\u2080 to maintain the hyperplane's position while reversing the classifications of '+' and '-' data points."
  },
  {
    "Question": "What aspect of the separating hyperplane remains unchanged in the desired modification?",
    "Answer": "The location or position of the separating hyperplane."
  },
  {
    "Question": "What is the desired change in classification of the data points?",
    "Answer": "All '+' points should be classified as negative, and all '-' points as positive."
  },
  {
    "Question": "What parameters are subject to change to achieve the desired classification reversal?",
    "Answer": "\u03b8 and \u03b8\u2080."
  },
  {
    "Question": "What is the goal when given a dataset and the hypothesis class of linear classifiers?",
    "Answer": "To find the linear classifier that optimizes an objective function relating its predictions to the training data."
  },
  {
    "Question": "What needs to be considered to make the optimization problem computationally reasonable?",
    "Answer": "Careful formulation of the optimization problem."
  },
  {
    "Question": "What type of classifiers are being considered?",
    "Answer": "Linear classifiers."
  },
  {
    "Question": "What is the relationship between the linear classifier and the training data?",
    "Answer": "The linear classifier optimizes an objective function relating its predictions to the training data."
  },
  {
    "Question": "What type of predictions are natural to make for classification?",
    "Answer": "Predictions in {-1, +1}."
  },
  {
    "Question": "What loss function is used in conjunction with {-1, +1} predictions?",
    "Answer": "The 0-1 loss function,  \u2112\u2080\u2081."
  },
  {
    "Question": "What chapter introduces the 0-1 loss function?",
    "Answer": "Chapter 1."
  },
  {
    "Question": "What is the purpose of using the 0-1 loss function in this context?",
    "Answer": "It's used for classification."
  },
  {
    "Question": "What is the function $\\mathcal{L}_{01}(\\mathbf{g},\\mathbf{a})$?",
    "Answer": "It's a function that outputs 0 if $\\mathbf{g}$ equals $\\mathbf{a}$, and 1 otherwise."
  },
  {
    "Question": "What does $\\mathcal{L}_{01}(\\mathbf{g},\\mathbf{a})$ represent?",
    "Answer": "It represents a 0-1 loss function, indicating whether a prediction $\\mathbf{g}$ is equal to the actual value $\\mathbf{a}$."
  },
  {
    "Question": "What is the output of $\\mathcal{L}_{01}(\\mathbf{g},\\mathbf{a})$ when $\\mathbf{g}$ and $\\mathbf{a}$ are different?",
    "Answer": "The output is 1."
  },
  {
    "Question": "What is the output of $\\mathcal{L}_{01}(\\mathbf{g},\\mathbf{a})$ when $\\mathbf{g}$ and $\\mathbf{a}$ are identical?",
    "Answer": "The output is 0."
  },
  {
    "Question": "What is the challenge mentioned in the text concerning simple linear classifiers?",
    "Answer": "Finding values for \u03b8 and \u03b8\u2080 that minimize the simple 0-1 training error."
  },
  {
    "Question": "What type of classifiers are being discussed in the text?",
    "Answer": "Simple linear classifiers."
  },
  {
    "Question": "What is being minimized in the context of the text?",
    "Answer": "Simple 0-1 training error."
  },
  {
    "Question": "What are \u03b8 and \u03b8\u2080 in the context of the text?",
    "Answer": "Values that need to be determined to minimize the 0-1 training error in simple linear classifiers."
  },
  {
    "Question": "What does the equation represent?",
    "Answer": "The equation represents a loss function J, likely used in a classification problem,  averaged over n data points."
  },
  {
    "Question": "What is the meaning of  $\\mathcal{L}_{01}$?",
    "Answer": "$\\mathcal{L}_{01}$ represents a 0-1 loss function, indicating a loss of 0 for a correct classification and 1 for an incorrect classification."
  },
  {
    "Question": "What does $\\boldsymbol{\\theta}$ represent?",
    "Answer": "$\\boldsymbol{\\theta}$ represents the weight vector in a linear classifier."
  },
  {
    "Question": "What does $\\boldsymbol{\\theta}_{0}$ represent?",
    "Answer": "$\\boldsymbol{\\theta}_{0}$ represents the bias term in a linear classifier."
  },
  {
    "Question": "What is the computational complexity of the problem described?",
    "Answer": "NP-hard."
  },
  {
    "Question": "What does the NP-hard complexity likely imply about the computation time for difficult instances?",
    "Answer": "Computation time exponential in the number of training examples (n)."
  },
  {
    "Question": "What is 'n' representing in the context of the computation time?",
    "Answer": "The number of training examples."
  },
  {
    "Question": "What is the main takeaway regarding the solvability of this problem?",
    "Answer": "Solving the most difficult instances likely requires exponential time, making it computationally expensive."
  },
  {
    "Question": "What characteristic of the optimization problem makes it difficult?",
    "Answer": "Its lack of smoothness."
  },
  {
    "Question": "What is meant by the \"smoothness\" of an optimization problem?",
    "Answer": "The text does not define smoothness."
  },
  {
    "Question": "Does the text explain why a lack of smoothness makes the problem difficult?",
    "Answer": "No."
  },
  {
    "Question": "What kind of optimization problem is being discussed?",
    "Answer": "The text doesn't specify the type of optimization problem."
  },
  {
    "Question": "What are the two hypotheses mentioned in the text, and what is their relationship to the optimal parameter values?",
    "Answer": "The two hypotheses are $(\\theta, \\theta_0)$ and $(\\theta', \\theta_0')$.  One is closer in parameter space to the optimal parameter values $(\\theta^*, \\theta_0^*)$ than the other."
  },
  {
    "Question": "What is the relationship between the two hypotheses regarding misclassifications and the J-value?",
    "Answer": "Both hypotheses make the same number of misclassifications and therefore have the same J-value."
  },
  {
    "Question": "What is the nature of the predictions made by the classifier?",
    "Answer": "All predictions are categorical; the classifier cannot express a degree of certainty about its predictions."
  },
  {
    "Question": "What does the notation $(\\theta^*, \\theta_0^*)$ represent?",
    "Answer": "$(\\theta^*, \\theta_0^*)$ represents the optimal parameter values."
  },
  {
    "Question": "Why is the word \"probably\" used in the given sentence?",
    "Answer": "It's used because the answer relies on the unsolved \"P vs. NP\" problem in computer science theory."
  },
  {
    "Question": "What is the fundamental unsolved problem mentioned in the text?",
    "Answer": "The P vs. NP problem in computer science theory."
  },
  {
    "Question": "What is the reason given for not knowing the answer definitively?",
    "Answer": "The lack of a solution to the P vs. NP problem."
  },
  {
    "Question": "What does the phrase \"too lazy to look it up\" imply?",
    "Answer": "It ironically suggests that the uncertainty isn't due to a lack of effort, but rather a fundamental limitation in current computing capabilities."
  },
  {
    "Question": "What is a challenge associated with a hypothesis \u03b8, \u03b8\u2080 that makes five incorrect predictions?",
    "Answer": "It's difficult to determine how to modify \u03b8, \u03b8\u2080 to improve its performance, hindering the design of a sensible hypothesis search algorithm."
  },
  {
    "Question": "Why is the text investigating linear logistic classifiers?",
    "Answer": "Because the initially considered hypothesis class presents difficulties in improving performance and designing a suitable search algorithm."
  },
  {
    "Question": "What is mentioned about linear logistic classifiers in the text?",
    "Answer": "The text will provide their definition and an approach for learning them using optimization."
  },
  {
    "Question": "What is the main problem addressed in the text excerpt?",
    "Answer": "The difficulty of searching for a good hypothesis within a hypothesis class that produces many incorrect predictions."
  },
  {
    "Question": "What is the parameterization of the hypotheses in a linear logistic classifier (LLC)?",
    "Answer": "The hypotheses in an LLC are parameterized by a d-dimensional vector \u03b8 and a scalar \u03b8\u2080."
  },
  {
    "Question": "How do the predictions of an LLC differ from those of a linear classifier?",
    "Answer": "Linear classifiers predict in {+1, -1}, while LLCs generate real-valued outputs in the interval (0, 1)."
  },
  {
    "Question": "What is the output range of an LLC hypothesis?",
    "Answer": "(0, 1)"
  },
  {
    "Question": "What is the similarity between LLCs and linear classifiers in terms of parameterization?",
    "Answer": "Both are parameterized by a d-dimensional vector \u03b8 and a scalar \u03b8\u2080."
  },
  {
    "Question": "What is the equation representing the function h?",
    "Answer": "h(x; \u03b8, \u03b8\u2080) = \u03c3(\u03b8\u1d40x + \u03b8\u2080)"
  },
  {
    "Question": "What does the symbol \u03c3 represent in the equation?",
    "Answer": "The symbol \u03c3 represents a sigmoid function."
  },
  {
    "Question": "What does \u03b8 represent in the equation?",
    "Answer": "\u03b8 represents a vector of weights."
  },
  {
    "Question": "What does \u03b8\u2080 represent in the equation?",
    "Answer": "\u03b8\u2080 represents a bias term."
  },
  {
    "Question": "What is the text expressing?",
    "Answer": "The text expresses a feeling of recognition and a question about what has changed or is different."
  },
  {
    "Question": "What emotion does the text convey?",
    "Answer": "The text conveys a sense of familiarity and curiosity."
  },
  {
    "Question": "What is the underlying implication of the text?",
    "Answer": "The text implies that something has changed, and the speaker wants to know what that is."
  },
  {
    "Question": "What type of response would the text likely elicit?",
    "Answer": "The text would likely elicit a response describing what is new or different."
  },
  {
    "Question": "What is another name for the logistic function?",
    "Answer": "The sigmoid function."
  },
  {
    "Question": "What is the definition of the logistic function provided in the text?",
    "Answer": "The provided text only states that the logistic function is also known as the sigmoid function, but it does not give a mathematical definition."
  },
  {
    "Question": "What is the purpose of the logistic function?",
    "Answer": "The provided text does not specify the purpose of the logistic function."
  },
  {
    "Question": "Does the text give a mathematical formula for the logistic function?",
    "Answer": "No."
  },
  {
    "Question": "What is the given equation?",
    "Answer": "The given equation is \u03c3(z) = 1/(1 + e^(-z))."
  },
  {
    "Question": "What does \u03c3(z) represent?",
    "Answer": "The equation represents the sigmoid function."
  },
  {
    "Question": "What is the independent variable in the equation?",
    "Answer": "The independent variable is z."
  },
  {
    "Question": "What is the range of the sigmoid function?",
    "Answer": "The range of the sigmoid function is (0, 1)."
  },
  {
    "Question": "What is the range of the output of the plotted function?",
    "Answer": "(0,1)"
  },
  {
    "Question": "What is the input variable of the plotted function?",
    "Answer": "z"
  },
  {
    "Question": "How can the output of the plotted function be interpreted?",
    "Answer": "As a probability."
  },
  {
    "Question": "What is the characteristic of the output values that allows them to be interpreted as probabilities?",
    "Answer": "They are all in the interval (0,1)."
  },
  {
    "Question": "What is the range of the output of the sigma function (\u03c3)?",
    "Answer": "The output of the sigma function (\u03c3) is always in the interval (0, 1)."
  },
  {
    "Question": "Why can't the output of the sigma function (\u03c3) equal 0?",
    "Answer": "The provided text does not give a reason why the output cannot equal 0."
  },
  {
    "Question": "Why can't the output of the sigma function (\u03c3) equal 1?",
    "Answer": "The provided text does not give a reason why the output cannot equal 1."
  },
  {
    "Question": "For what value of z does \u03c3(z) = 0.5?",
    "Answer": "The provided text does not specify the function \u03c3, so this question cannot be answered."
  },
  {
    "Question": "What is the dimension of classifiers when the input points lie along the x-axis (d=1)?",
    "Answer": "0"
  },
  {
    "Question": "What are the three parameter settings used to generate the LLCs in the plot?",
    "Answer": "\u03c3(10x+1), \u03c3(-2x+1), and \u03c3(2x-3)"
  },
  {
    "Question": "In the given scenario, what do the classifiers represent geometrically?",
    "Answer": "Points"
  },
  {
    "Question": "What is the simplified case being considered in this explanation of LLCs?",
    "Answer": "d=1, meaning input points lie along the x-axis."
  },
  {
    "Question": "What are the different plots being compared?",
    "Answer": "The provided text does not specify which plots are being compared."
  },
  {
    "Question": "What determines the steepness of the curve in the plots?",
    "Answer": "The provided text does not describe the plots or what influences their steepness."
  },
  {
    "Question": "What determines the x-value where the output is 0.5?",
    "Answer": "The provided text does not describe the plots or what influences the x-value at the output of 0.5."
  },
  {
    "Question": "What is the subject of the study question?",
    "Answer": "The subject of the study question is identifying different plots, understanding what governs the steepness of the curves, and identifying what governs the x-value when the output is 0.5."
  },
  {
    "Question": "What is the definition of a classifier?",
    "Answer": "A classifier is a mapping from $\\mathbb{R}^{\\mathrm{d}}$ to $\\{-1,+1\\}$ or some other discrete set."
  },
  {
    "Question": "What seems to be the issue with the Linear Least-Squares Classifier (LLC)?",
    "Answer": "It appears that an LLC is not actually a classifier based on the definition."
  },
  {
    "Question": "What is the domain of a classifier, according to the text?",
    "Answer": "The domain of a classifier is $\\mathbb{R}^{\\mathrm{d}}$."
  },
  {
    "Question": "What is the codomain of a classifier, according to the text?",
    "Answer": "The codomain of a classifier is $\\{-1, +1\\}$ or some other discrete set."
  },
  {
    "Question": "What is the output value range of the LLC in the given scenario?",
    "Answer": "(0,1)"
  },
  {
    "Question": "What is the required prediction output set?",
    "Answer": "{+1, -1}"
  },
  {
    "Question": "What is the default prediction rule described?",
    "Answer": "Predict +1 if \u03c3(\u0398\u1d40x + \u03b8\u2080) > 0.5, otherwise predict -1."
  },
  {
    "Question": "What is the term for the value 0.5 in the given prediction rule?",
    "Answer": "Prediction threshold"
  },
  {
    "Question": "What factor influences the choice of prediction threshold?",
    "Answer": "The consequences of making different types of prediction errors."
  },
  {
    "Question": "Why might one choose a prediction threshold greater than 0.5?",
    "Answer": "If the cost of predicting +1 when the answer is -1 is significantly higher than the cost of predicting -1 when the answer is +1."
  },
  {
    "Question": "What field of study addresses the optimal choice of prediction threshold?",
    "Answer": "Decision theory."
  },
  {
    "Question": "If the consequences of a false positive are more severe than a false negative, how would this affect the prediction threshold?",
    "Answer": "The prediction threshold would likely be set higher than 0.5."
  },
  {
    "Question": "What is the prediction threshold being used in the study question?",
    "Answer": "0.5"
  },
  {
    "Question": "What is the question asking to determine regarding the LLCs in the figure?",
    "Answer": "For what values of x the LLCs predict +1."
  },
  {
    "Question": "What is the dependent variable being considered in this question?",
    "Answer": "The prediction of the LLCs (+1 or -1, presumably)."
  },
  {
    "Question": "What is the independent variable influencing the prediction in this scenario?",
    "Answer": "x"
  },
  {
    "Question": "What is the dimensionality of the input space x when d=2?",
    "Answer": "Two-dimensional."
  },
  {
    "Question": "What are the axes of the two-dimensional input space x when d=2?",
    "Answer": "x\u2081 and x\u2082."
  },
  {
    "Question": "What is the output of the LLC when d=2?",
    "Answer": "A surface."
  },
  {
    "Question": "What are the values of \u03b8 and \u03b8\u2080 in the given example?",
    "Answer": "\u03b8 = (1,1) and \u03b8\u2080 = 2."
  },
  {
    "Question": "What does the equation $\\sigma(\\boldsymbol{\\theta}^{\\mathsf{T}}\\boldsymbol{x} + \\boldsymbol{\\theta}_0) = 0.5$ represent geometrically?",
    "Answer": "It represents a line in (x\u2081, x\u2082) space that separates positive and negative predictions with a prediction threshold of 0.5."
  },
  {
    "Question": "What specific line does $\\sigma(\\boldsymbol{\\theta}^{\\mathsf{T}}\\boldsymbol{x} + \\boldsymbol{\\theta}_0) = 0.5$ represent for the case shown in the (unprovided) figure?",
    "Answer": "This requires the specific values of \u03b8 and \u03b8\u2080 from the figure, which are not provided in the prompt.  The answer depends on those values."
  },
  {
    "Question": "How would the plot change if \u03b8 = (1, 1) and \u03b8\u2080 = -2?",
    "Answer": "The line representing the boundary would shift, reflecting the change in the parameters.  The exact shift depends on the original plot (not provided)."
  },
  {
    "Question": "How would the plot change if \u03b8 = (-1, -1) and \u03b8\u2080 = 2?",
    "Answer": "Similar to the previous question, the line would shift due to the altered parameters.  The specific shift relies on the original, unseen plot."
  },
  {
    "Question": "What is a key approach to solving machine learning problems?",
    "Answer": "Optimization."
  },
  {
    "Question": "What type of classifier is discussed in the text?",
    "Answer": "Linear logistic classifiers (LLCs)."
  },
  {
    "Question": "What is a potential drawback of using the 0-1 loss function?",
    "Answer": "It creates a very difficult-to-optimize objective function."
  },
  {
    "Question": "What is the purpose of defining a loss function in the context of LLCs?",
    "Answer": "To enable optimization of the classifier."
  },
  {
    "Question": "What is the output range of hypotheses in learning LLCs?",
    "Answer": "(0,1)"
  },
  {
    "Question": "What are the values of the training data in learning LLCs?",
    "Answer": "{+1, -1}"
  },
  {
    "Question": "How is the output of the hypothesis reinterpreted?",
    "Answer": "As the probability that the input should map to output value 1."
  },
  {
    "Question": "What is another way to interpret the hypothesis output?",
    "Answer": "The probability that the input is in class 1 or that the input is 'positive'."
  },
  {
    "Question": "If h(x) represents the probability that x belongs to class +1, what does 1 - h(x) represent?",
    "Answer": "The probability that x belongs to class -1."
  },
  {
    "Question": "Given h(x) is the probability of x belonging to class +1, and only two classes (+1 and -1) exist, how can we express the probability of x belonging to class -1?",
    "Answer": "1 - h(x)"
  },
  {
    "Question": "What is the relationship between h(x) (probability of class +1) and the probability of class -1, assuming only these two classes exist?",
    "Answer": "The probabilities sum to 1;  The probability of class -1 is 1 - h(x)."
  },
  {
    "Question": "If h(x) = 0.7, what is the probability that x belongs to class -1?",
    "Answer": "0.3"
  },
  {
    "Question": "What is the name of the loss function mentioned in the text?",
    "Answer": "Negative log-likelihood (NLL)"
  },
  {
    "Question": "What is the desired outcome regarding loss and probability of the correct class?",
    "Answer": "Low loss with high probability assigned to the correct class."
  },
  {
    "Question": "What is a desirable property of the NLL loss function?",
    "Answer": "It extends nicely to classifying inputs into more than two classes."
  },
  {
    "Question": "What is the intuitive goal behind the loss function described?",
    "Answer": "To minimize loss by maximizing the probability of the correct class."
  },
  {
    "Question": "What is the assumed simplification regarding the labels in the training data?",
    "Answer": "The labels in the training data are assumed to be binary, belonging to the set {0, 1}."
  },
  {
    "Question": "What is the symbol used to represent the labels in the training data?",
    "Answer": "The symbol  ${\\mathfrak{y}}$ represents the labels."
  },
  {
    "Question": "What is the purpose of the assumption regarding the labels?",
    "Answer": "To simplify the description of the process."
  },
  {
    "Question": "How can the assumption about the labels be achieved if the original data doesn't conform to this?",
    "Answer": "By transforming the data so that the labels fall into the set {0, 1}."
  },
  {
    "Question": "What is the goal in selecting the classifier parameters?",
    "Answer": "To maximize the probability assigned by the LLC to the correct  $\\boldsymbol{\\mathfrak{y}}$ values in the training set."
  },
  {
    "Question": "What is the notation used for a guess in the provided text?",
    "Answer": "$\\mathfrak{g}^{(\\mathfrak{i})}$"
  },
  {
    "Question": "What is the equation for the guess $\\mathfrak{g}^{(\\mathfrak{i})}$?",
    "Answer": "$\\mathfrak{g}^{(\\mathfrak{i})}=\\sigma(\\mathfrak{d}^{\\mathsf{T}}\\mathfrak{x}^{(\\mathfrak{i})}+\\mathfrak{d}_{0})$"
  },
  {
    "Question": "What does the equation for  $\\mathfrak{g}^{(\\mathfrak{i})}$ represent?",
    "Answer": "A guess, likely a probabilistic prediction of a class label, produced by a classifier."
  },
  {
    "Question": "What is the importance of the form of yvalues when learning a Low-Level Classifier (LLC) using Negative Log-Likelihood (NLL)?",
    "Answer": "The yvalues must have a specific form for successful LLC learning with NLL; the text does not specify what that form is."
  },
  {
    "Question": "What does LLC stand for in this context?",
    "Answer": "Low-Level Classifier"
  },
  {
    "Question": "What does NLL stand for in this context?",
    "Answer": "Negative Log-Likelihood"
  },
  {
    "Question": "What is the main message conveyed in the given text?",
    "Answer": "The correct format of yvalues is crucial for effective LLC training using NLL."
  },
  {
    "Question": "What does the symbol \u03a0 represent in mathematics?",
    "Answer": "Taking the product over a bunch of factors."
  },
  {
    "Question": "How is \u03a0 similar to \u03a3?",
    "Answer": "Both represent taking a sum (\u03a3) or product (\u03a0) over a bunch of terms or factors."
  },
  {
    "Question": "What is described as \"crazy huge\" in the given text?",
    "Answer": "The \u03a0 symbol and the factors involved in the product it represents."
  },
  {
    "Question": "What does the text suggest about the size of the factors involved in the product?",
    "Answer": "The factors are described as \"a bunch\" indicating many factors, and the use of \"crazy huge\" implies they are large."
  },
  {
    "Question": "What does the notation  \u220f\u1d62\u208c\u2081\u207f represent?",
    "Answer": "It represents a product from i=1 to n."
  },
  {
    "Question": "What is the meaning of  g\u207d\u2071\u207e in the given expression?",
    "Answer": "It represents a term (likely a group element or a variable) indexed by i."
  },
  {
    "Question": "What is the condition under which g\u207d\u2071\u207e is included in the product?",
    "Answer": "The term g\u207d\u2071\u207e is included in the product only if y\u207d\u2071\u207e = 1."
  },
  {
    "Question": "What is the overall nature of the expression?",
    "Answer": "It describes a conditional product; a product of terms that depends on a set of conditions (y\u207d\u2071\u207e = 1)."
  },
  {
    "Question": "What is the assumption made about the predictions in the given text?",
    "Answer": "The predictions are assumed to be independent."
  },
  {
    "Question": "What is the special condition for $\\mathfrak{y}^{(\\mathrm{i})}$?",
    "Answer": "$\\mathfrak{y}^{(\\mathrm{i})} \\in \\{0,1\\}$"
  },
  {
    "Question": "What does the text state can be done with the expression when the condition on $\\mathfrak{y}^{(\\mathrm{i})}$ is met?",
    "Answer": "It can be cleverly rewritten."
  },
  {
    "Question": "What is the specific value range of $\\mathfrak{y}^{(\\mathrm{i})}$?",
    "Answer": "{0, 1}"
  },
  {
    "Question": "What is the expression shown in the provided text?",
    "Answer": "A product notation, specifically the product from i=1 to n of terms involving g^(i) and y^(i)."
  },
  {
    "Question": "What is the meaning of the superscript  (i) in g^(i) and y^(i)?",
    "Answer": "It indicates that g and y are indexed, representing potentially different values for each i from 1 to n."
  },
  {
    "Question": "What type of mathematical operation is represented by the symbol \u03a0?",
    "Answer": "It represents a product, specifically a product of a series of terms."
  },
  {
    "Question": "What are the exponents of g^(i) and (1-g^(i))?",
    "Answer": "The exponent of g^(i) is y^(i), and the exponent of (1-g^(i)) is 1-y^(i)."
  },
  {
    "Question": "What is the purpose of the study question?",
    "Answer": "To ensure understanding of the equivalence between two expressions."
  },
  {
    "Question": "What is the subject of the study question?",
    "Answer": "Two expressions that are mathematically equivalent."
  },
  {
    "Question": "What is implied about the two expressions in the study question?",
    "Answer": "They represent the same value or quantity."
  },
  {
    "Question": "What action does the study question prompt the reader to do?",
    "Answer": "Verify the equivalence of the two expressions."
  },
  {
    "Question": "What is the challenge associated with the \"big product\" mentioned in the text?",
    "Answer": "The big product is difficult to deal with in practice."
  },
  {
    "Question": "What property of the log function is exploited to simplify the problem?",
    "Answer": "The log function is monotonic."
  },
  {
    "Question": "What is the consequence of using the log function?",
    "Answer": "Maximizing the log of the big product yields the same \u03b8, \u03b8\u2080 that maximize the original big product."
  },
  {
    "Question": "What is the result of applying the logarithm to the big product?",
    "Answer": "A simplified expression that is easier to maximize."
  },
  {
    "Question": "What is the expression shown in the text?",
    "Answer": "A summation from i=1 to n of the terms (y^(i)log(g^(i)) + (1 - y^(i))log(1 - g^(i)))."
  },
  {
    "Question": "What does the summation represent?",
    "Answer": "It likely represents a loss function, specifically the negative log-likelihood for a binary classification problem in machine learning."
  },
  {
    "Question": "What do the variables y^(i) and g^(i) likely represent?",
    "Answer": "y^(i) likely represents the true label (0 or 1) for the i-th data point, and g^(i) likely represents the predicted probability of the positive class (1) for the i-th data point."
  },
  {
    "Question": "What is the purpose of this expression in a machine learning context?",
    "Answer": "It's used to quantify the difference between predicted probabilities (g^(i)) and true labels (y^(i)), guiding the optimization process to improve model accuracy by minimizing this loss."
  },
  {
    "Question": "What is the text about?",
    "Answer": "Transforming a maximization problem into a minimization problem."
  },
  {
    "Question": "What is the missing portion of the sentence?",
    "Answer": "The text is incomplete and doesn't provide enough information to answer."
  },
  {
    "Question": "What specific method is mentioned for the transformation?",
    "Answer": "The text doesn't specify a method."
  },
  {
    "Question": "What is the significance of this transformation?",
    "Answer": "The text does not explain the significance of the transformation."
  },
  {
    "Question": "What is the purpose of negating an expression in the context of loss minimization?",
    "Answer": "Negating an expression allows us to frame a maximization problem as a minimization problem, which is often more convenient for optimization algorithms."
  },
  {
    "Question": "How does negating an expression relate to loss minimization?",
    "Answer": "If an expression represents a quantity to be maximized (e.g., accuracy), negating it transforms it into a quantity to be minimized (e.g., negative accuracy or error). This allows the use of minimization algorithms to find the optimal solution."
  },
  {
    "Question": "What type of algorithms are typically used for loss minimization?",
    "Answer": "Gradient descent and its variants are commonly used algorithms for loss minimization."
  },
  {
    "Question": "What is a common example of a loss function used in machine learning?",
    "Answer": "Mean Squared Error (MSE) is a common example of a loss function used in regression problems."
  },
  {
    "Question": "What does the expression represent?",
    "Answer": "A sum of negative log-likelihood (NLL) losses, likely for a machine learning model."
  },
  {
    "Question": "What does  `n` represent?",
    "Answer": "The number of data points or samples."
  },
  {
    "Question": "What do  `\\boldsymbol{\\mathfrak g}^{(\\mathrm i)}` and `\\boldsymbol{\\mathfrak y}^{(\\mathrm i)}` represent?",
    "Answer": "`\\boldsymbol{\\mathfrak g}^{(\\mathrm i)}` likely represents the model's prediction for the i-th data point, and `\\boldsymbol{\\mathfrak y}^{(\\mathrm i)}` represents the true label or value for the i-th data point."
  },
  {
    "Question": "What is the overall purpose of calculating this sum?",
    "Answer": "To compute the total loss or error of the model across all data points, often used for training via gradient descent."
  },
  {
    "Question": "What is $\\mathcal{L}_{\\mathrm{nll}}$?",
    "Answer": "$\\mathcal{L}_{\\mathrm{nll}}$ is the negative log-likelihood loss function."
  },
  {
    "Question": "What type of function is $\\mathcal{L}_{\\mathrm{nll}}$?",
    "Answer": "It's a loss function."
  },
  {
    "Question": "What does nll stand for in $\\mathcal{L}_{\\mathrm{nll}}$?",
    "Answer": "Negative log-likelihood."
  },
  {
    "Question": "What is the purpose of a loss function like $\\mathcal{L}_{\\mathrm{nll}}$?",
    "Answer": "To quantify the difference between predicted and actual values, guiding model optimization."
  },
  {
    "Question": "What does the equation $\\mathscr{L}_{\\mathrm{nll}}(\\mathrm{guess,actual})=-\\left(\\mathrm{actual}\\cdot\\mathrm{log}(\\mathrm{guess})+\\left(1-\\mathrm{actual}\\right)\\cdot\\mathrm{log}(1-\\mathrm{guess})\\right)$ represent?",
    "Answer": "It represents the negative log-likelihood loss function for binary classification."
  },
  {
    "Question": "What are the variables in the equation $\\mathscr{L}_{\\mathrm{nll}}(\\mathrm{guess,actual})=-\\left(\\mathrm{actual}\\cdot\\mathrm{log}(\\mathrm{guess})+\\left(1-\\mathrm{actual}\\right)\\cdot\\mathrm{log}(1-\\mathrm{guess})\\right)$?",
    "Answer": "'guess' represents the predicted probability and 'actual' represents the true binary label (0 or 1)."
  },
  {
    "Question": "What is the purpose of the negative log-likelihood loss function?",
    "Answer": "To measure the difference between the predicted probability and the true binary label, guiding model training to minimize this difference."
  },
  {
    "Question": "What does minimizing $\\mathscr{L}_{\\mathrm{nll}}(\\mathrm{guess,actual})$ achieve?",
    "Answer": "It improves the accuracy of the binary classification model by making the predicted probability ('guess') closer to the actual label ('actual')."
  },
  {
    "Question": "What is another name for the loss function mentioned?",
    "Answer": "Log loss or cross entropy."
  },
  {
    "Question": "What is the text describing?",
    "Answer": "A loss function."
  },
  {
    "Question": "How many other names are given for the loss function?",
    "Answer": "Two."
  },
  {
    "Question": "What are the alternative names for this loss function?",
    "Answer": "Log loss and cross entropy."
  },
  {
    "Question": "What is the name given to the process of optimizing the regularized negative log-likelihood for a linear logistic classifier?",
    "Answer": "Logistic regression."
  },
  {
    "Question": "What is the objective function for optimizing regularized negative log-likelihood for a linear logistic classifier called?",
    "Answer": "J<sub>lr</sub>"
  },
  {
    "Question": "What type of classifier is being discussed in relation to the objective function?",
    "Answer": "Linear logistic classifier."
  },
  {
    "Question": "What is being optimized in the objective function J<sub>lr</sub>?",
    "Answer": "Regularized negative log-likelihood."
  },
  {
    "Question": "What is the purpose of regularization in classifiers?",
    "Answer": "Regularization helps build classifiers that generalize well."
  },
  {
    "Question": "What is the structure of the objective function mentioned in the text?",
    "Answer": "It consists of an average loss term and a regularization term."
  },
  {
    "Question": "What does the parameter \u03bb control in the objective function?",
    "Answer": "It governs the trade-off between the average loss and the regularization term."
  },
  {
    "Question": "How does the objective function for classifiers relate to the one used for regression?",
    "Answer": "It has the same structure, with an average loss term and a regularization term."
  }
]